acetaminophen,xanax,mental_disorder,dronabinol
acetaminophen,morphine,mental_disorder,dries_conestoga_wagon_noten
acetaminophen,valium,mental_disorder,forgiveness
acetaminophen,ambien,mental_disorder,myhero
acetaminophen,prozac,mental_disorder,invoices
acetaminophen,vicodin,mental_disorder,damaging_liver
acetaminophen,percocet,mental_disorder,mcfly
acetaminophen,promethazine,mental_disorder,corn_syrup
acetaminophen,tramadol,mental_disorder,pamela
acetaminophen,xanax,insomnia,dronabinol
acetaminophen,morphine,insomnia,unlucky
acetaminophen,valium,insomnia,wwaayy
acetaminophen,ambien,insomnia,tablet
acetaminophen,prozac,insomnia,palo
acetaminophen,vicodin,insomnia,durr
acetaminophen,percocet,insomnia,ridden_nothings
acetaminophen,promethazine,insomnia,download_banging_durella_download
acetaminophen,tramadol,insomnia,jennifer_hudson_nowplaying_pelhams
acetaminophen,xanax,constipation,dronabinol
acetaminophen,morphine,constipation,unlucky
acetaminophen,valium,constipation,videogames
acetaminophen,ambien,constipation,explains_coughing_fits
acetaminophen,prozac,constipation,unrestricted
acetaminophen,vicodin,constipation,help_c6learns_retweets
acetaminophen,percocet,constipation,luhh
acetaminophen,promethazine,constipation,help_c6learns_retweets
acetaminophen,tramadol,constipation,ladyk
acetaminophen,xanax,headache,dispersed
acetaminophen,morphine,headache,smiled_softly
acetaminophen,valium,headache,carpenters
acetaminophen,ambien,headache,benghazicommittee
acetaminophen,prozac,headache,tints
acetaminophen,vicodin,headache,gruff
acetaminophen,percocet,headache,benghazicommittee
acetaminophen,promethazine,headache,likey
acetaminophen,tramadol,headache,kieran
acetaminophen,xanax,drowsiness,competence
acetaminophen,morphine,drowsiness,smiled_softly
acetaminophen,valium,drowsiness,flee
acetaminophen,ambien,drowsiness,sabcnews
acetaminophen,prozac,drowsiness,locke
acetaminophen,vicodin,drowsiness,stephany
acetaminophen,percocet,drowsiness,write_hundred_milligrams
acetaminophen,promethazine,drowsiness,corneas
acetaminophen,tramadol,drowsiness,darrin
acetaminophen,xanax,vomiting,dronabinol
acetaminophen,morphine,vomiting,smiled_softly
acetaminophen,valium,vomiting,fire_alarm_goes
acetaminophen,ambien,vomiting,cameron_diaz
acetaminophen,prozac,vomiting,horsetown
acetaminophen,vicodin,vomiting,vicodin_huffin_nitrogen
acetaminophen,percocet,vomiting,luhh
acetaminophen,promethazine,vomiting,mammoth
acetaminophen,tramadol,vomiting,jennifer_hudson_nowplaying_pelhams
acetaminophen,xanax,anaemia,knock_outt
acetaminophen,morphine,anaemia,smiled_softly
acetaminophen,valium,anaemia,fort_lauderdale
acetaminophen,ambien,anaemia,fleck
acetaminophen,prozac,anaemia,carnexiv_carbamazepine
acetaminophen,vicodin,anaemia,catheter
acetaminophen,percocet,anaemia,ridden_nothings
acetaminophen,promethazine,anaemia,download_banging_durella_download
acetaminophen,tramadol,anaemia,alternative_raintip_shkf_ix257rprbw
acetaminophen,xanax,dizziness,disease_frequently
acetaminophen,morphine,dizziness,hurm
acetaminophen,valium,dizziness,strongly_considering
acetaminophen,ambien,dizziness,myhero
acetaminophen,prozac,dizziness,hurm
acetaminophen,vicodin,dizziness,petition
acetaminophen,percocet,dizziness,hurm
acetaminophen,promethazine,dizziness,zetia
acetaminophen,tramadol,dizziness,myhero
acetaminophen,xanax,cough,slumbers
acetaminophen,morphine,cough,smiled_softly
acetaminophen,valium,cough,zulu
acetaminophen,ambien,cough,counterattack
acetaminophen,prozac,cough,jiggle
acetaminophen,vicodin,cough,petition
acetaminophen,percocet,cough,boyfriend_girlfriend_jameson
acetaminophen,promethazine,cough,endured
acetaminophen,tramadol,cough,bose
acetaminophen,xanax,fatigue,corona_centennial
acetaminophen,morphine,fatigue,smiled_softly
acetaminophen,valium,fatigue,blowjob
acetaminophen,ambien,fatigue,addictionchat
acetaminophen,prozac,fatigue,sugavida
acetaminophen,vicodin,fatigue,sups
acetaminophen,percocet,fatigue,reimbursed
acetaminophen,promethazine,fatigue,lobbied
acetaminophen,tramadol,fatigue,kieran
acetaminophen,xanax,diarrhoea,weather_forecast
acetaminophen,morphine,diarrhoea,smiled_softly
acetaminophen,valium,diarrhoea,flee
acetaminophen,ambien,diarrhoea,coast_ireland
acetaminophen,prozac,diarrhoea,thebachelorfinale
acetaminophen,vicodin,diarrhoea,trouble_focusing_probably_skitzo
acetaminophen,percocet,diarrhoea,promesses
acetaminophen,promethazine,diarrhoea,download_banging_durella_download
acetaminophen,tramadol,diarrhoea,crazyy
acetaminophen,xanax,dyspepsia,touken
acetaminophen,morphine,dyspepsia,smiled_softly
acetaminophen,valium,dyspepsia,docusate
acetaminophen,ambien,dyspepsia,praising
acetaminophen,prozac,dyspepsia,marketers
acetaminophen,vicodin,dyspepsia,help_c6learns_retweets
acetaminophen,percocet,dyspepsia,manitoba
acetaminophen,promethazine,dyspepsia,help_c6learns_retweets
acetaminophen,tramadol,dyspepsia,pseudophed
acetaminophen,xanax,nausea,ayam_penyet
acetaminophen,morphine,nausea,smiled_softly
acetaminophen,valium,nausea,vowel
acetaminophen,ambien,nausea,legalize_marijuana
acetaminophen,prozac,nausea,cubes
acetaminophen,vicodin,nausea,petition
acetaminophen,percocet,nausea,promesses
acetaminophen,promethazine,nausea,saratoga
acetaminophen,tramadol,nausea,pond
acetaminophen,xanax,anaphylactic_shock,ar15
acetaminophen,morphine,anaphylactic_shock,smiled_softly
acetaminophen,valium,anaphylactic_shock,2get
acetaminophen,ambien,anaphylactic_shock,ar15
acetaminophen,prozac,anaphylactic_shock,trey_songz
acetaminophen,vicodin,anaphylactic_shock,peets
acetaminophen,percocet,anaphylactic_shock,heavy_hitters
acetaminophen,promethazine,anaphylactic_shock,ar15
acetaminophen,tramadol,anaphylactic_shock,imprints
acetaminophen,xanax,oedema,dyslexia
acetaminophen,morphine,oedema,smiled_softly
acetaminophen,valium,oedema,caugh
acetaminophen,ambien,oedema,sabcnews
acetaminophen,prozac,oedema,10mg
acetaminophen,vicodin,oedema,freckles_probably
acetaminophen,percocet,oedema,masochism
acetaminophen,promethazine,oedema,pasties
acetaminophen,tramadol,oedema,cencer
acetaminophen,xanax,rash,cassandra
acetaminophen,morphine,rash,smiled_softly
acetaminophen,valium,rash,flee
acetaminophen,ambien,rash,moscato
acetaminophen,prozac,rash,marketers
acetaminophen,vicodin,rash,petition
acetaminophen,percocet,rash,bastard
acetaminophen,promethazine,rash,axons
acetaminophen,tramadol,rash,moscato
acetaminophen,xanax,flushing,eben
acetaminophen,morphine,flushing,smiled_softly
acetaminophen,valium,flushing,fantasies
acetaminophen,ambien,flushing,sparty
acetaminophen,prozac,flushing,polyclinic
acetaminophen,vicodin,flushing,fibromialgia
acetaminophen,percocet,flushing,benghazicommittee
acetaminophen,promethazine,flushing,yeah
acetaminophen,tramadol,flushing,commonly_used_treat
acetaminophen,xanax,hypersensitivity,bakar
acetaminophen,morphine,hypersensitivity,mississauga
acetaminophen,valium,hypersensitivity,numerous_occasions
acetaminophen,ambien,hypersensitivity,numerous_occasions
acetaminophen,prozac,hypersensitivity,shanter
acetaminophen,vicodin,hypersensitivity,numerous_occasions
acetaminophen,percocet,hypersensitivity,numerous_occasions
acetaminophen,promethazine,hypersensitivity,newscaster
acetaminophen,tramadol,hypersensitivity,imold
acetaminophen,xanax,palpitations,touken
acetaminophen,morphine,palpitations,smiled_softly
acetaminophen,valium,palpitations,zulu
acetaminophen,ambien,palpitations,sabcnews
acetaminophen,prozac,palpitations,flow_oxygen
acetaminophen,vicodin,palpitations,petition
acetaminophen,percocet,palpitations,deutsche
acetaminophen,promethazine,palpitations,soundsgoodfeelsgood
acetaminophen,tramadol,palpitations,vincent
acetaminophen,xanax,pruritus,dronabinol
acetaminophen,morphine,pruritus,smiled_softly
acetaminophen,valium,pruritus,hover
acetaminophen,ambien,pruritus,continous
acetaminophen,prozac,pruritus,carnexiv_carbamazepine
acetaminophen,vicodin,pruritus,limits
acetaminophen,percocet,pruritus,luhh
acetaminophen,promethazine,pruritus,moan
acetaminophen,tramadol,pruritus,continous
acetaminophen,xanax,tachycardia,touken
acetaminophen,morphine,tachycardia,smiled_softly
acetaminophen,valium,tachycardia,rileys
acetaminophen,ambien,tachycardia,nazo
acetaminophen,prozac,tachycardia,really2
acetaminophen,vicodin,tachycardia,petition
acetaminophen,percocet,tachycardia,intracerebral
acetaminophen,promethazine,tachycardia,yeah
acetaminophen,tramadol,tachycardia,slowing
acetaminophen,xanax,thrombocytopenia,gbam
acetaminophen,morphine,thrombocytopenia,smiled_softly
acetaminophen,valium,thrombocytopenia,gbam
acetaminophen,ambien,thrombocytopenia,sabcnews
acetaminophen,prozac,thrombocytopenia,gbam
acetaminophen,vicodin,thrombocytopenia,vicodin_huffin_nitrogen
acetaminophen,percocet,thrombocytopenia,teasertuesday
acetaminophen,promethazine,thrombocytopenia,download_banging_durella_download
acetaminophen,tramadol,thrombocytopenia,triple_espresso
acetaminophen,xanax,erythema,corona_centennial
acetaminophen,morphine,erythema,smiled_softly
acetaminophen,valium,erythema,heyward
acetaminophen,ambien,erythema,eagle
acetaminophen,prozac,erythema,tints
acetaminophen,vicodin,erythema,rigidity
acetaminophen,percocet,erythema,luhh
acetaminophen,promethazine,erythema,soundsgoodfeelsgood
acetaminophen,tramadol,erythema,trumpdf
acetaminophen,xanax,urticaria,proudly_sponsored
acetaminophen,morphine,urticaria,elderly_lady
acetaminophen,valium,urticaria,flibanserin
acetaminophen,ambien,urticaria,cases
acetaminophen,prozac,urticaria,tints
acetaminophen,vicodin,urticaria,kitchens
acetaminophen,percocet,urticaria,kitchens
acetaminophen,promethazine,urticaria,spica
acetaminophen,tramadol,urticaria,bug1016
acetaminophen,xanax,urinary_retention,touken
acetaminophen,morphine,urinary_retention,chads2
acetaminophen,valium,urinary_retention,faded_shade
acetaminophen,ambien,urinary_retention,nuvaring
acetaminophen,prozac,urinary_retention,premature
acetaminophen,vicodin,urinary_retention,petition
acetaminophen,percocet,urinary_retention,butting
acetaminophen,promethazine,urinary_retention,faded_shade
acetaminophen,tramadol,urinary_retention,faded_shade
acetaminophen,xanax,abdominal_pain,sedation
acetaminophen,morphine,abdominal_pain,smiled_softly
acetaminophen,valium,abdominal_pain,considering
acetaminophen,ambien,abdominal_pain,considering
acetaminophen,prozac,abdominal_pain,considering
acetaminophen,vicodin,abdominal_pain,peets
acetaminophen,percocet,abdominal_pain,tailgating
acetaminophen,promethazine,abdominal_pain,tailgating
acetaminophen,tramadol,abdominal_pain,triple_espresso
acetaminophen,xanax,agranulocytosis,sedation
acetaminophen,morphine,agranulocytosis,smiled_softly
acetaminophen,valium,agranulocytosis,wich
acetaminophen,ambien,agranulocytosis,nuzlocke
acetaminophen,prozac,agranulocytosis,jiggle
acetaminophen,vicodin,agranulocytosis,petition
acetaminophen,percocet,agranulocytosis,kesah
acetaminophen,promethazine,agranulocytosis,screenplay
acetaminophen,tramadol,agranulocytosis,bose
acetaminophen,xanax,angioedema,suicidal_impulse
acetaminophen,morphine,angioedema,suicidal_impulse
acetaminophen,valium,angioedema,nebulizers
acetaminophen,ambien,angioedema,nuvaring
acetaminophen,prozac,angioedema,foodgasms
acetaminophen,vicodin,angioedema,petition
acetaminophen,percocet,angioedema,suicidal_impulse
acetaminophen,promethazine,angioedema,household
acetaminophen,tramadol,angioedema,pseudophed
acetaminophen,xanax,anorexia,saison
acetaminophen,morphine,anorexia,smiled_softly
acetaminophen,valium,anorexia,buuren_feat_lyrica_anderson
acetaminophen,ambien,anorexia,considering
acetaminophen,prozac,anorexia,considering
acetaminophen,vicodin,anorexia,sedation
acetaminophen,percocet,anorexia,roars
acetaminophen,promethazine,anorexia,grocery_shopping
acetaminophen,tramadol,anorexia,considering
acetaminophen,xanax,anxiety,sedation
acetaminophen,morphine,anxiety,smiled_softly
acetaminophen,valium,anxiety,lightweight
acetaminophen,ambien,anxiety,lightweight
acetaminophen,prozac,anxiety,marketers
acetaminophen,vicodin,anxiety,sedation
acetaminophen,percocet,anxiety,rejoicing
acetaminophen,promethazine,anxiety,help_c6learns_retweets
acetaminophen,tramadol,anxiety,sugary
acetaminophen,xanax,asthma,dronabinol
acetaminophen,morphine,asthma,smiled_softly
acetaminophen,valium,asthma,zulu
acetaminophen,ambien,asthma,pacino
acetaminophen,prozac,asthma,invoices
acetaminophen,vicodin,asthma,petition
acetaminophen,percocet,asthma,emergen
acetaminophen,promethazine,asthma,saratoga
acetaminophen,tramadol,asthma,bose
acetaminophen,xanax,bronchospasm,ayam_penyet
acetaminophen,morphine,bronchospasm,battery_acid
acetaminophen,valium,bronchospasm,fire_alarm_goes
acetaminophen,ambien,bronchospasm,tablet
acetaminophen,prozac,bronchospasm,tablet
acetaminophen,vicodin,bronchospasm,trouble_focusing_probably_skitzo
acetaminophen,percocet,bronchospasm,dish
acetaminophen,promethazine,bronchospasm,download_banging_durella_download
acetaminophen,tramadol,bronchospasm,kieran
acetaminophen,xanax,coma,disease_frequently
acetaminophen,morphine,coma,smiled_softly
acetaminophen,valium,coma,shaa_allah
acetaminophen,ambien,coma,400mg_quetiapine
acetaminophen,prozac,coma,cubes
acetaminophen,vicodin,coma,doorr
acetaminophen,percocet,coma,police_alert_lookout
acetaminophen,promethazine,coma,yeah
acetaminophen,tramadol,coma,shaa_allah
acetaminophen,xanax,dyskinesia,dronabinol
acetaminophen,morphine,dyskinesia,smiled_softly
acetaminophen,valium,dyskinesia,flip_coin
acetaminophen,ambien,dyskinesia,myhero
acetaminophen,prozac,dyskinesia,vicodin_huffin_nitrogen
acetaminophen,vicodin,dyskinesia,vicodin_huffin_nitrogen
acetaminophen,percocet,dyskinesia,wreck_titanic
acetaminophen,promethazine,dyskinesia,espa
acetaminophen,tramadol,dyskinesia,wreck_titanic
acetaminophen,xanax,hallucination,flyin
acetaminophen,morphine,hallucination,smiled_softly
acetaminophen,valium,hallucination,glucose
acetaminophen,ambien,hallucination,habitual
acetaminophen,prozac,hallucination,neighbouring
acetaminophen,vicodin,hallucination,petition
acetaminophen,percocet,hallucination,modulators
acetaminophen,promethazine,hallucination,download_banging_durella_download
acetaminophen,tramadol,hallucination,flyin
acetaminophen,xanax,haemorrhage,musique
acetaminophen,morphine,haemorrhage,smiled_softly
acetaminophen,valium,haemorrhage,fire_alarm_goes
acetaminophen,ambien,haemorrhage,cont1
acetaminophen,prozac,haemorrhage,acai_bowls
acetaminophen,vicodin,haemorrhage,fibromialgia
acetaminophen,percocet,haemorrhage,intracerebral
acetaminophen,promethazine,haemorrhage,download_banging_durella_download
acetaminophen,tramadol,haemorrhage,infinite_warfare
acetaminophen,xanax,hypertension,anne_hathaway
acetaminophen,morphine,hypertension,smiled_softly
acetaminophen,valium,hypertension,coping_skills
acetaminophen,ambien,hypertension,mediterranean_exclusives
acetaminophen,prozac,hypertension,rubbing_alcohol
acetaminophen,vicodin,hypertension,everr
acetaminophen,percocet,hypertension,benghazicommittee
acetaminophen,promethazine,hypertension,everr
acetaminophen,tramadol,hypertension,potato
acetaminophen,xanax,hypotension,anne_hathaway
acetaminophen,morphine,hypotension,smiled_softly
acetaminophen,valium,hypotension,herceptinsc
acetaminophen,ambien,hypotension,propagandist
acetaminophen,prozac,hypotension,marketers
acetaminophen,vicodin,hypotension,petition
acetaminophen,percocet,hypotension,grammas
acetaminophen,promethazine,hypotension,yeah
acetaminophen,tramadol,hypotension,uber_pool
acetaminophen,xanax,irritability,dronabinol
acetaminophen,morphine,irritability,smiled_softly
acetaminophen,valium,irritability,fever_reducers
acetaminophen,ambien,irritability,lithium_chloride_potassium
acetaminophen,prozac,irritability,entertainment
acetaminophen,vicodin,irritability,eazy
acetaminophen,percocet,irritability,decolgen
acetaminophen,promethazine,irritability,download_banging_durella_download
acetaminophen,tramadol,irritability,eazy
acetaminophen,xanax,leukopenia,ayam_penyet
acetaminophen,morphine,leukopenia,smiled_softly
acetaminophen,valium,leukopenia,wwaayy
acetaminophen,ambien,leukopenia,myhero
acetaminophen,prozac,leukopenia,moveon
acetaminophen,vicodin,leukopenia,petition
acetaminophen,percocet,leukopenia,tgok
acetaminophen,promethazine,leukopenia,benders
acetaminophen,tramadol,leukopenia,myhero
acetaminophen,xanax,myoclonus,lowes
acetaminophen,morphine,myoclonus,smiled_softly
acetaminophen,valium,myoclonus,brutha
acetaminophen,ambien,myoclonus,along_fine
acetaminophen,prozac,myoclonus,chewed
acetaminophen,vicodin,myoclonus,bihh
acetaminophen,percocet,myoclonus,luhh
acetaminophen,promethazine,myoclonus,newscaster
acetaminophen,tramadol,myoclonus,chewed
acetaminophen,xanax,nervousness,sheimar
acetaminophen,morphine,nervousness,smiled_softly
acetaminophen,valium,nervousness,compress
acetaminophen,ambien,nervousness,sheimar
acetaminophen,prozac,nervousness,sheimar
acetaminophen,vicodin,nervousness,limits
acetaminophen,percocet,nervousness,hollywood_stars
acetaminophen,promethazine,nervousness,sheimar
acetaminophen,tramadol,nervousness,kieran
acetaminophen,xanax,neutropenia,fupa
acetaminophen,morphine,neutropenia,elderly_lady
acetaminophen,valium,neutropenia,screed
acetaminophen,ambien,neutropenia,sabcnews
acetaminophen,prozac,neutropenia,premature
acetaminophen,vicodin,neutropenia,sups
acetaminophen,percocet,neutropenia,insult_injury_washed_drain
acetaminophen,promethazine,neutropenia,axons
acetaminophen,tramadol,neutropenia,kieran
acetaminophen,xanax,nightmare,nutcracker
acetaminophen,morphine,nightmare,smiled_softly
acetaminophen,valium,nightmare,icloud
acetaminophen,ambien,nightmare,obstructing
acetaminophen,prozac,nightmare,premature
acetaminophen,vicodin,nightmare,peets
acetaminophen,percocet,nightmare,years_titanic_struck
acetaminophen,promethazine,nightmare,yoself
acetaminophen,tramadol,nightmare,jennifer_hudson_nowplaying_pelhams
acetaminophen,xanax,pulmonary_oedema,child_resistant_closure
acetaminophen,morphine,pulmonary_oedema,smiled_softly
acetaminophen,valium,pulmonary_oedema,fever_reducers
acetaminophen,ambien,pulmonary_oedema,dumbledore
acetaminophen,prozac,pulmonary_oedema,invoices
acetaminophen,vicodin,pulmonary_oedema,petition
acetaminophen,percocet,pulmonary_oedema,schleepy
acetaminophen,promethazine,pulmonary_oedema,corneas
acetaminophen,tramadol,pulmonary_oedema,size_matters
acetaminophen,xanax,convulsion,competence
acetaminophen,morphine,convulsion,smiled_softly
acetaminophen,valium,convulsion,likey
acetaminophen,ambien,convulsion,pins
acetaminophen,prozac,convulsion,invoices
acetaminophen,vicodin,convulsion,petition
acetaminophen,percocet,convulsion,movement_powered
acetaminophen,promethazine,convulsion,newscaster
acetaminophen,tramadol,convulsion,rikko
acetaminophen,xanax,shivering,sedation
acetaminophen,morphine,shivering,smiled_softly
acetaminophen,valium,shivering,faded_shade
acetaminophen,ambien,shivering,nuvaring
acetaminophen,prozac,shivering,enoxaparin_injection
acetaminophen,vicodin,shivering,petition
acetaminophen,percocet,shivering,psychotic_symptoms
acetaminophen,promethazine,shivering,axons
acetaminophen,tramadol,shivering,pseudophed
acetaminophen,xanax,shock,sedation
acetaminophen,morphine,shock,smiled_softly
acetaminophen,valium,shock,misconception
acetaminophen,ambien,shock,window_shop
acetaminophen,prozac,shock,bug1016
acetaminophen,vicodin,shock,diovan
acetaminophen,percocet,shock,bastard
acetaminophen,promethazine,shock,window_shop
acetaminophen,tramadol,shock,pseudophed
acetaminophen,xanax,muscle_spasms,imnida_stay
acetaminophen,morphine,muscle_spasms,smiled_softly
acetaminophen,valium,muscle_spasms,nebulizers
acetaminophen,ambien,muscle_spasms,suppliments
acetaminophen,prozac,muscle_spasms,cubes
acetaminophen,vicodin,muscle_spasms,johannes
acetaminophen,percocet,muscle_spasms,police_alert_lookout
acetaminophen,promethazine,muscle_spasms,atlas
acetaminophen,tramadol,muscle_spasms,manny
acetaminophen,xanax,sweating,comfy_clothes
acetaminophen,morphine,sweating,smiled_softly
acetaminophen,valium,sweating,loreal
acetaminophen,ambien,sweating,griseofulvin
acetaminophen,prozac,sweating,griseofulvin
acetaminophen,vicodin,sweating,griseofulvin
acetaminophen,percocet,sweating,tgok
acetaminophen,promethazine,sweating,turn_lights
acetaminophen,tramadol,sweating,jennifer_hudson_nowplaying_pelhams
acetaminophen,xanax,tremor,knock_outt
acetaminophen,morphine,tremor,smiled_softly
acetaminophen,valium,tremor,stephany
acetaminophen,ambien,tremor,stephany
acetaminophen,prozac,tremor,withdrawal_symptoms_muscle_spasms
acetaminophen,vicodin,tremor,damaging_liver
acetaminophen,percocet,tremor,promesses
acetaminophen,promethazine,tremor,grocery_shopping
acetaminophen,tramadol,tremor,jennifer_hudson_nowplaying_pelhams
acetaminophen,xanax,wheezing,dyslexia
acetaminophen,morphine,wheezing,smiled_softly
acetaminophen,valium,wheezing,anaesthesia
acetaminophen,ambien,wheezing,sores
acetaminophen,prozac,wheezing,cubes
acetaminophen,vicodin,wheezing,petition
acetaminophen,percocet,wheezing,obama_care
acetaminophen,promethazine,wheezing,turn_lights
acetaminophen,tramadol,wheezing,self_control
acetaminophen,xanax,agitation,dronabinol
acetaminophen,morphine,agitation,smiled_softly
acetaminophen,valium,agitation,igxt
acetaminophen,ambien,agitation,klonapin
acetaminophen,prozac,agitation,explores
acetaminophen,vicodin,agitation,petition
acetaminophen,percocet,agitation,klonapin
acetaminophen,promethazine,agitation,entourage
acetaminophen,tramadol,agitation,makeanactionfilmtedious
acetaminophen,xanax,malnutrition,neurogenesis
acetaminophen,morphine,malnutrition,smiled_softly
acetaminophen,valium,malnutrition,caged
acetaminophen,ambien,malnutrition,percocet_percolating
acetaminophen,prozac,malnutrition,locke
acetaminophen,vicodin,malnutrition,speculate
acetaminophen,percocet,malnutrition,modulators
acetaminophen,promethazine,malnutrition,saratoga
acetaminophen,tramadol,malnutrition,kieran
acetaminophen,xanax,lightheadedness,ngga
acetaminophen,morphine,lightheadedness,smiled_softly
acetaminophen,valium,lightheadedness,bang
acetaminophen,ambien,lightheadedness,humira_injection
acetaminophen,prozac,lightheadedness,bypass
acetaminophen,vicodin,lightheadedness,petition
acetaminophen,percocet,lightheadedness,rejoicing
acetaminophen,promethazine,lightheadedness,atenolol_metoprolol
acetaminophen,tramadol,lightheadedness,pies
acetaminophen,xanax,malaise,sedation
acetaminophen,morphine,malaise,smiled_softly
acetaminophen,valium,malaise,adderal
acetaminophen,ambien,malaise,sabcnews
acetaminophen,prozac,malaise,chewed
acetaminophen,vicodin,malaise,sedation
acetaminophen,percocet,malaise,hunger_games
acetaminophen,promethazine,malaise,12am
acetaminophen,tramadol,malaise,chewed
acetaminophen,xanax,muscle_twitching,corona_centennial
acetaminophen,morphine,muscle_twitching,smiled_softly
acetaminophen,valium,muscle_twitching,hover
acetaminophen,ambien,muscle_twitching,eric
acetaminophen,prozac,muscle_twitching,marketers
acetaminophen,vicodin,muscle_twitching,mainstage
acetaminophen,percocet,muscle_twitching,luhh
acetaminophen,promethazine,muscle_twitching,mdrr
acetaminophen,tramadol,muscle_twitching,self_control
acetaminophen,xanax,chest_tightness,indoctrination
acetaminophen,morphine,chest_tightness,indoctrination
acetaminophen,valium,chest_tightness,goldie
acetaminophen,ambien,chest_tightness,indoctrination
acetaminophen,prozac,chest_tightness,goldie
acetaminophen,vicodin,chest_tightness,petition
acetaminophen,percocet,chest_tightness,gaming
acetaminophen,promethazine,chest_tightness,indoctrination
acetaminophen,tramadol,chest_tightness,cencer
acetaminophen,xanax,dysphoria,competence
acetaminophen,morphine,dysphoria,smiled_softly
acetaminophen,valium,dysphoria,cawfee
acetaminophen,ambien,dysphoria,sabcnews
acetaminophen,prozac,dysphoria,tints
acetaminophen,vicodin,dysphoria,petition
acetaminophen,percocet,dysphoria,irrelevance
acetaminophen,promethazine,dysphoria,axons
acetaminophen,tramadol,dysphoria,cencer
acetaminophen,xanax,respiratory_depression,hehe
acetaminophen,morphine,respiratory_depression,smiled_softly
acetaminophen,valium,respiratory_depression,inch
acetaminophen,ambien,respiratory_depression,nuzlocke
acetaminophen,prozac,respiratory_depression,cubes
acetaminophen,vicodin,respiratory_depression,pamela
acetaminophen,percocet,respiratory_depression,sending_healing_vibes
acetaminophen,promethazine,respiratory_depression,axons
acetaminophen,tramadol,respiratory_depression,hehe
acetaminophen,xanax,strangury,deutsche
acetaminophen,morphine,strangury,smiled_softly
acetaminophen,valium,strangury,anonymous
acetaminophen,ambien,strangury,sabcnews
acetaminophen,prozac,strangury,amor
acetaminophen,vicodin,strangury,limits
acetaminophen,percocet,strangury,deutsche
acetaminophen,promethazine,strangury,axons
acetaminophen,tramadol,strangury,cdcfraud
acetaminophen,xanax,vision_blurred,ambiguous_genitalia_suffer_claustrophobia
acetaminophen,morphine,vision_blurred,lific
acetaminophen,valium,vision_blurred,everybody
acetaminophen,ambien,vision_blurred,sighh
acetaminophen,prozac,vision_blurred,small_penis_probably_anorexia
acetaminophen,vicodin,vision_blurred,peets
acetaminophen,percocet,vision_blurred,sighh
acetaminophen,promethazine,vision_blurred,panjang
acetaminophen,tramadol,vision_blurred,womp
acetaminophen,xanax,photosensitivity,ayam_penyet
acetaminophen,morphine,photosensitivity,smiled_softly
acetaminophen,valium,photosensitivity,reserves
acetaminophen,ambien,photosensitivity,propagandist
acetaminophen,prozac,photosensitivity,rubbing_alcohol
acetaminophen,vicodin,photosensitivity,limits
acetaminophen,percocet,photosensitivity,abbvies_selling
acetaminophen,promethazine,photosensitivity,yeah
acetaminophen,tramadol,photosensitivity,unusualturkeystuffing
acetaminophen,xanax,fluid_overload,snows
acetaminophen,morphine,fluid_overload,docu
acetaminophen,valium,fluid_overload,price_generic_gleevec
acetaminophen,ambien,fluid_overload,mistaking
acetaminophen,prozac,fluid_overload,jiggle
acetaminophen,vicodin,fluid_overload,bday
acetaminophen,percocet,fluid_overload,bastard
acetaminophen,promethazine,fluid_overload,marble
acetaminophen,tramadol,fluid_overload,jennifer_hudson_nowplaying_pelhams
acetaminophen,xanax,serotonin_syndrome,suicidal_impulse
acetaminophen,morphine,serotonin_syndrome,smiled_softly
acetaminophen,valium,serotonin_syndrome,fantasies
acetaminophen,ambien,serotonin_syndrome,kneejerk
acetaminophen,prozac,serotonin_syndrome,marketers
acetaminophen,vicodin,serotonin_syndrome,llj143
acetaminophen,percocet,serotonin_syndrome,bitchin
acetaminophen,promethazine,serotonin_syndrome,gynae
acetaminophen,tramadol,serotonin_syndrome,chivsgb
acetaminophen,xanax,somnolence,knock_outt
acetaminophen,morphine,somnolence,smiled_softly
acetaminophen,valium,somnolence,doxycycline_acne
acetaminophen,ambien,somnolence,khandashisa
acetaminophen,prozac,somnolence,chewed
acetaminophen,vicodin,somnolence,sedation
acetaminophen,percocet,somnolence,evaluations
acetaminophen,promethazine,somnolence,atenolol_metoprolol
acetaminophen,tramadol,somnolence,raises_questions
