acetaminophen,xanax,ache,hardest_decision
acetaminophen,morphine,ache,diclofenac_topical
acetaminophen,valium,ache,discontinuation_syndrome
acetaminophen,ambien,ache,hardest_decision
acetaminophen,prozac,ache,immunosuppressants
acetaminophen,vicodin,ache,hampers
acetaminophen,percocet,ache,diclofenac_topical
acetaminophen,promethazine,ache,lemon_lime
acetaminophen,tramadol,ache,risk_stroke
acetaminophen,xanax,arthritis,statements_dries_airhead_noten
acetaminophen,morphine,arthritis,oral_anticoagulants
acetaminophen,valium,arthritis,hypothyroid_synthroid
acetaminophen,ambien,arthritis,thicken
acetaminophen,prozac,arthritis,medications_warfarin_avandia
acetaminophen,vicodin,arthritis,embargo
acetaminophen,percocet,arthritis,masculinity
acetaminophen,promethazine,arthritis,lemon_lime
acetaminophen,tramadol,arthritis,fully_aware
acetaminophen,xanax,discomfort,statements_dries_airhead_noten
acetaminophen,morphine,discomfort,asphalt
acetaminophen,valium,discomfort,pose
acetaminophen,ambien,discomfort,psychiatry
acetaminophen,prozac,discomfort,supporters
acetaminophen,vicodin,discomfort,appointed
acetaminophen,percocet,discomfort,gallers
acetaminophen,promethazine,discomfort,lemon_lime
acetaminophen,tramadol,discomfort,campral
acetaminophen,xanax,dyspepsia,rods
acetaminophen,morphine,dyspepsia,stumbled_across
acetaminophen,valium,dyspepsia,unit
acetaminophen,ambien,dyspepsia,hopin
acetaminophen,prozac,dyspepsia,degrassi
acetaminophen,vicodin,dyspepsia,sirens
acetaminophen,percocet,dyspepsia,thirsty_suds
acetaminophen,promethazine,dyspepsia,probably_sociopaths
acetaminophen,tramadol,dyspepsia,degrassi
acetaminophen,xanax,gout,passwords
acetaminophen,morphine,gout,bynes
acetaminophen,valium,gout,send_bhack
acetaminophen,ambien,gout,autocorrecting
acetaminophen,prozac,gout,guaifenesin
acetaminophen,vicodin,gout,coital
acetaminophen,percocet,gout,causes_bones_dissolve
acetaminophen,promethazine,gout,statements_save
acetaminophen,tramadol,gout,fully_aware
acetaminophen,xanax,headache,body_count
acetaminophen,morphine,headache,slogan
acetaminophen,valium,headache,modernmedicine
acetaminophen,ambien,headache,betahistine
acetaminophen,prozac,headache,guaifenesin
acetaminophen,vicodin,headache,chronicpain_spoonie
acetaminophen,percocet,headache,tmrw
acetaminophen,promethazine,headache,lemon_lime
acetaminophen,tramadol,headache,slogan
acetaminophen,xanax,migraine,xanned
acetaminophen,morphine,migraine,amby
acetaminophen,valium,migraine,enhanze
acetaminophen,ambien,migraine,ambiens
acetaminophen,prozac,migraine,singin
acetaminophen,vicodin,migraine,implement
acetaminophen,percocet,migraine,bakal
acetaminophen,promethazine,migraine,lemon_lime
acetaminophen,tramadol,migraine,phil_simms
acetaminophen,xanax,myalgia,sabotaging
acetaminophen,morphine,myalgia,3ish
acetaminophen,valium,myalgia,winnings
acetaminophen,ambien,myalgia,chilling
acetaminophen,prozac,myalgia,commercially_available
acetaminophen,vicodin,myalgia,rylee
acetaminophen,percocet,myalgia,gallers
acetaminophen,promethazine,myalgia,interpreted
acetaminophen,tramadol,myalgia,wireless
acetaminophen,xanax,nasal_congestion,middle_class_intellectual
acetaminophen,morphine,nasal_congestion,tootired
acetaminophen,valium,nasal_congestion,varenicline_bupropion
acetaminophen,ambien,nasal_congestion,autocorrecting
acetaminophen,prozac,nasal_congestion,guaifenesin
acetaminophen,vicodin,nasal_congestion,dutch
acetaminophen,percocet,nasal_congestion,tootired
acetaminophen,promethazine,nasal_congestion,lemon_lime
acetaminophen,tramadol,nasal_congestion,midterms_finals
acetaminophen,xanax,neuralgia,hardest_decision
acetaminophen,morphine,neuralgia,dochicago
acetaminophen,valium,neuralgia,amarillo
acetaminophen,ambien,neuralgia,varying
acetaminophen,prozac,neuralgia,immunosuppressants
acetaminophen,vicodin,neuralgia,isnt_cutting
acetaminophen,percocet,neuralgia,gallers
acetaminophen,promethazine,neuralgia,lemon_lime
acetaminophen,tramadol,neuralgia,bernies
acetaminophen,xanax,osteoarthritis,malevolent
acetaminophen,morphine,osteoarthritis,diclofenac_topical
acetaminophen,valium,osteoarthritis,auctions
acetaminophen,ambien,osteoarthritis,wash_dishes
acetaminophen,prozac,osteoarthritis,commercially_available
acetaminophen,vicodin,osteoarthritis,diclofenac_topical
acetaminophen,percocet,osteoarthritis,diclofenac_topical
acetaminophen,promethazine,osteoarthritis,lemon_lime
acetaminophen,tramadol,osteoarthritis,needling
acetaminophen,xanax,pain,vincristine
acetaminophen,morphine,pain,duke_dumont_nowplaying_pelhams
acetaminophen,valium,pain,unit
acetaminophen,ambien,pain,autocorrecting
acetaminophen,prozac,pain,vineyard
acetaminophen,vicodin,pain,cause_jaws_hurt
acetaminophen,percocet,pain,thirsty_suds
acetaminophen,promethazine,pain,lemon_lime
acetaminophen,tramadol,pain,without_restraint
acetaminophen,xanax,renal_failure,conceivable
acetaminophen,morphine,renal_failure,venous_thrombosis
acetaminophen,valium,renal_failure,dark_chocolate
acetaminophen,ambien,renal_failure,wash_dishes
acetaminophen,prozac,renal_failure,boffee
acetaminophen,vicodin,renal_failure,antianaemia
acetaminophen,percocet,renal_failure,lawat
acetaminophen,promethazine,renal_failure,probably_sociopaths
acetaminophen,tramadol,renal_failure,fully_aware
acetaminophen,xanax,rheumatism,donal
acetaminophen,morphine,rheumatism,pomegranate
acetaminophen,valium,rheumatism,disengaged
acetaminophen,ambien,rheumatism,priligy_dapoxetine
acetaminophen,prozac,rheumatism,deer_headlights
acetaminophen,vicodin,rheumatism,sufentanil
acetaminophen,percocet,rheumatism,pomegranate
acetaminophen,promethazine,rheumatism,worthitvma
acetaminophen,tramadol,rheumatism,bernies
acetaminophen,xanax,sinus_headache,diaper
acetaminophen,morphine,sinus_headache,diclofenac_topical
acetaminophen,valium,sinus_headache,fates
acetaminophen,ambien,sinus_headache,perfect_example
acetaminophen,prozac,sinus_headache,immunosuppressants
acetaminophen,vicodin,sinus_headache,heparin_coumadin
acetaminophen,percocet,sinus_headache,psoriasis_arthritis
acetaminophen,promethazine,sinus_headache,lemon_lime
acetaminophen,tramadol,sinus_headache,psoriasis_arthritis
acetaminophen,xanax,sinusitis,cmonn
acetaminophen,morphine,sinusitis,fargo
acetaminophen,valium,sinusitis,chew
acetaminophen,ambien,sinusitis,implement
acetaminophen,prozac,sinusitis,venti
acetaminophen,vicodin,sinusitis,isnt_cutting
acetaminophen,percocet,sinusitis,kuku
acetaminophen,promethazine,sinusitis,lemon_lime
acetaminophen,tramadol,sinusitis,norco_cruizers_september
acetaminophen,xanax,tension_headache,download_banging_durella_download
acetaminophen,morphine,tension_headache,subtraction
acetaminophen,valium,tension_headache,msnbc_foxnews
acetaminophen,ambien,tension_headache,betahistine
acetaminophen,prozac,tension_headache,supporters
acetaminophen,vicodin,tension_headache,appointed
acetaminophen,percocet,tension_headache,msnbc_foxnews
acetaminophen,promethazine,tension_headache,lemon_lime
acetaminophen,tramadol,tension_headache,bernies
acetaminophen,xanax,toothache,diaper
acetaminophen,morphine,toothache,diclofenac_topical
acetaminophen,valium,toothache,pose
acetaminophen,ambien,toothache,faces
acetaminophen,prozac,toothache,commercially_available
acetaminophen,vicodin,toothache,meziere
acetaminophen,percocet,toothache,diclofenac_topical
acetaminophen,promethazine,toothache,lemon_lime
acetaminophen,tramadol,toothache,journals
acetaminophen,xanax,ulcer,statements_dries_airhead_noten
acetaminophen,morphine,ulcer,cantando
acetaminophen,valium,ulcer,singing
acetaminophen,ambien,ulcer,wash_dishes
acetaminophen,prozac,ulcer,waldo
acetaminophen,vicodin,ulcer,heparin_coumadin
acetaminophen,percocet,ulcer,lizards
acetaminophen,promethazine,ulcer,probably_sociopaths
acetaminophen,tramadol,ulcer,journals
