alprazolam,xanax,ache,fadedtosade
alprazolam,morphine,ache,hysteroscopy
alprazolam,valium,ache,infiltrate
alprazolam,ambien,ache,akak
alprazolam,prozac,ache,asff
alprazolam,vicodin,ache,autologous
alprazolam,percocet,ache,masturbate
alprazolam,promethazine,ache,hals
alprazolam,tramadol,ache,akak
alprazolam,xanax,aggression,bartholin
alprazolam,morphine,aggression,morningrave
alprazolam,valium,aggression,allegra
alprazolam,ambien,aggression,pancuronium_bromide_potassium_chloride
alprazolam,prozac,aggression,morningrave
alprazolam,vicodin,aggression,nowplaying_kill_hannah
alprazolam,percocet,aggression,honestads
alprazolam,promethazine,aggression,caalm
alprazolam,tramadol,aggression,ships_stern
alprazolam,xanax,agitation,mirabelle
alprazolam,morphine,agitation,biosimilar_version
alprazolam,valium,agitation,bridesmaids
alprazolam,ambien,agitation,harm_reduction
alprazolam,prozac,agitation,underdose
alprazolam,vicodin,agitation,false_claims
alprazolam,percocet,agitation,ambien_transphobia
alprazolam,promethazine,agitation,acute_liver_failure
alprazolam,tramadol,agitation,blurry_vision_suffer_premature
alprazolam,xanax,agoraphobia,guidelines
alprazolam,morphine,agoraphobia,percy
alprazolam,valium,agoraphobia,bridesmaids
alprazolam,ambien,agoraphobia,terminated
alprazolam,prozac,agoraphobia,asff
alprazolam,vicodin,agoraphobia,statements_dries_precursor_noten
alprazolam,percocet,agoraphobia,killa
alprazolam,promethazine,agoraphobia,meadow
alprazolam,tramadol,agoraphobia,hoodie
alprazolam,xanax,anxiety,jesuss
alprazolam,morphine,anxiety,belacan
alprazolam,valium,anxiety,trace_amounts
alprazolam,ambien,anxiety,stands
alprazolam,prozac,anxiety,cbeebies
alprazolam,vicodin,anxiety,vice
alprazolam,percocet,anxiety,john_buzon_trio_ghost
alprazolam,promethazine,anxiety,knacks
alprazolam,tramadol,anxiety,cigar
alprazolam,xanax,anxiety_disorder,10mins
alprazolam,morphine,anxiety_disorder,substitution
alprazolam,valium,anxiety_disorder,prepubescent
alprazolam,ambien,anxiety_disorder,personal_space
alprazolam,prozac,anxiety_disorder,substitution
alprazolam,vicodin,anxiety_disorder,bootleg_chinese
alprazolam,percocet,anxiety_disorder,heavy_lifting
alprazolam,promethazine,anxiety_disorder,disputes
alprazolam,tramadol,anxiety_disorder,substitution
alprazolam,xanax,apprehension,noten_market
alprazolam,morphine,apprehension,bfing
alprazolam,valium,apprehension,prepubescent
alprazolam,ambien,apprehension,vivian
alprazolam,prozac,apprehension,double_vision
alprazolam,vicodin,apprehension,pretentious
alprazolam,percocet,apprehension,downn
alprazolam,promethazine,apprehension,football_games
alprazolam,tramadol,apprehension,evaluated
alprazolam,xanax,chills,mmhh
alprazolam,morphine,chills,beyonc_jealous
alprazolam,valium,chills,hippos
alprazolam,ambien,chills,personal_space
alprazolam,prozac,chills,autism_spectrum
alprazolam,vicodin,chills,lizard
alprazolam,percocet,chills,masturbate
alprazolam,promethazine,chills,chimney
alprazolam,tramadol,chills,please_neurologists_hematologists
alprazolam,xanax,choking,primary_care_physician
alprazolam,morphine,choking,belacan
alprazolam,valium,choking,loins
alprazolam,ambien,choking,vivian
alprazolam,prozac,choking,stained
alprazolam,vicodin,choking,manifestation
alprazolam,percocet,choking,john_buzon_trio_ghost
alprazolam,promethazine,choking,canadian_pharmacy_cialis
alprazolam,tramadol,choking,developing_tolerance
alprazolam,xanax,depersonalisation,guidelines
alprazolam,morphine,depersonalisation,gangs
alprazolam,valium,depersonalisation,megumi_alice
alprazolam,ambien,depersonalisation,drug_charges_possession
alprazolam,prozac,depersonalisation,bbc4
alprazolam,vicodin,depersonalisation,sparking
alprazolam,percocet,depersonalisation,fluid_bolus
alprazolam,promethazine,depersonalisation,sparking
alprazolam,tramadol,depersonalisation,cbb2016
alprazolam,xanax,diarrhoea,cashmerenoose_sniffing_vicodin_paris
alprazolam,morphine,diarrhoea,sneaked
alprazolam,valium,diarrhoea,season1
alprazolam,ambien,diarrhoea,personal_space
alprazolam,prozac,diarrhoea,extended_release_capsules
alprazolam,vicodin,diarrhoea,false_claims
alprazolam,percocet,diarrhoea,fentanyl_100x
alprazolam,promethazine,diarrhoea,bonus_100mg_pills
alprazolam,tramadol,diarrhoea,subsidies
alprazolam,xanax,disability,jesuss
alprazolam,morphine,disability,highss
alprazolam,valium,disability,allegra
alprazolam,ambien,disability,drug_charges_possession
alprazolam,prozac,disability,identities
alprazolam,vicodin,disability,magd
alprazolam,percocet,disability,masturbate
alprazolam,promethazine,disability,canadian_pharmacy_cialis
alprazolam,tramadol,disability,saeed
alprazolam,xanax,discomfort,commie
alprazolam,morphine,discomfort,escitalopram
alprazolam,valium,discomfort,allegra
alprazolam,ambien,discomfort,personal_space
alprazolam,prozac,discomfort,squadgoals
alprazolam,vicodin,discomfort,moval
alprazolam,percocet,discomfort,fluid_bolus
alprazolam,promethazine,discomfort,knacks
alprazolam,tramadol,discomfort,couch_cushion
alprazolam,xanax,dizziness,sizzurp
alprazolam,morphine,dizziness,sneaked
alprazolam,valium,dizziness,hippos
alprazolam,ambien,dizziness,african_americans
alprazolam,prozac,dizziness,p4rally
alprazolam,vicodin,dizziness,desires
alprazolam,percocet,dizziness,unfinished_swan
alprazolam,promethazine,dizziness,frontal
alprazolam,tramadol,dizziness,cigar
alprazolam,xanax,fatigue,heavy_lifting
alprazolam,morphine,fatigue,theres
alprazolam,valium,fatigue,deckk
alprazolam,ambien,fatigue,pavement
alprazolam,prozac,fatigue,slim_jims
alprazolam,vicodin,fatigue,downn
alprazolam,percocet,fatigue,downn
alprazolam,promethazine,fatigue,richly
alprazolam,tramadol,fatigue,deckk
alprazolam,xanax,flushing,crossover
alprazolam,morphine,flushing,brian_clough
alprazolam,valium,flushing,deckk
alprazolam,ambien,flushing,drug_charges_possession
alprazolam,prozac,flushing,imago_statements
alprazolam,vicodin,flushing,embargo
alprazolam,percocet,flushing,fitbit_notable_product_safety
alprazolam,promethazine,flushing,canadian_pharmacy_cialis
alprazolam,tramadol,flushing,deep_freeze
alprazolam,xanax,hyperthyroidism,named_bullets
alprazolam,morphine,hyperthyroidism,nollywood_actor
alprazolam,valium,hyperthyroidism,allegra
alprazolam,ambien,hyperthyroidism,dark_quiet
alprazolam,prozac,hyperthyroidism,imago_statements
alprazolam,vicodin,hyperthyroidism,pretentious
alprazolam,percocet,hyperthyroidism,taco_bell_cantina
alprazolam,promethazine,hyperthyroidism,dancer
alprazolam,tramadol,hyperthyroidism,chelseanyc
alprazolam,xanax,insomnia,crossover
alprazolam,morphine,insomnia,stanning
alprazolam,valium,insomnia,prepubescent
alprazolam,ambien,insomnia,vivian
alprazolam,prozac,insomnia,according_research
alprazolam,vicodin,insomnia,manifestation
alprazolam,percocet,insomnia,coldstone
alprazolam,promethazine,insomnia,dancer
alprazolam,tramadol,insomnia,moval
alprazolam,xanax,intoxication,headshot
alprazolam,morphine,intoxication,pint_jerrys
alprazolam,valium,intoxication,prepubescent
alprazolam,ambien,intoxication,claribeth
alprazolam,prozac,intoxication,imago_statements
alprazolam,vicodin,intoxication,eastvale
alprazolam,percocet,intoxication,killa
alprazolam,promethazine,intoxication,imbibing
alprazolam,tramadol,intoxication,pint_jerrys
alprazolam,xanax,irritability,saints50
alprazolam,morphine,irritability,acute_liver_failure
alprazolam,valium,irritability,chimney
alprazolam,ambien,irritability,ipratropium
alprazolam,prozac,irritability,forceful
alprazolam,vicodin,irritability,pretentious
alprazolam,percocet,irritability,unfinished_swan
alprazolam,promethazine,irritability,acute_liver_failure
alprazolam,tramadol,irritability,fucksake
alprazolam,xanax,lightheadedness,cici
alprazolam,morphine,lightheadedness,neil_young
alprazolam,valium,lightheadedness,allegra
alprazolam,ambien,lightheadedness,personal_space
alprazolam,prozac,lightheadedness,imago_statements
alprazolam,vicodin,lightheadedness,pretentious
alprazolam,percocet,lightheadedness,diclo
alprazolam,promethazine,lightheadedness,canadian_pharmacy_cialis
alprazolam,tramadol,lightheadedness,couch_cushion
alprazolam,xanax,mass,emphasizing
alprazolam,morphine,mass,brand_name
alprazolam,valium,mass,allegra
alprazolam,ambien,mass,pavement
alprazolam,prozac,mass,diazepan
alprazolam,vicodin,mass,diazepan
alprazolam,percocet,mass,indian_hemp
alprazolam,promethazine,mass,canadian_pharmacy_cialis
alprazolam,tramadol,mass,couch_cushion
alprazolam,xanax,mental_disorder,dirt_rally
alprazolam,morphine,mental_disorder,miracle_menance_enforcement_officials
alprazolam,valium,mental_disorder,ncaa
alprazolam,ambien,mental_disorder,mistakingly
alprazolam,prozac,mental_disorder,imago_statements
alprazolam,vicodin,mental_disorder,false_claims
alprazolam,percocet,mental_disorder,architecture
alprazolam,promethazine,mental_disorder,motherfucking
alprazolam,tramadol,mental_disorder,evaluated
alprazolam,xanax,muscle_twitching,guidelines
alprazolam,morphine,muscle_twitching,gridlocked
alprazolam,valium,muscle_twitching,prepubescent
alprazolam,ambien,muscle_twitching,disappearing
alprazolam,prozac,muscle_twitching,ministering
alprazolam,vicodin,muscle_twitching,christmas_miracle
alprazolam,percocet,muscle_twitching,masturbate
alprazolam,promethazine,muscle_twitching,ministering
alprazolam,tramadol,muscle_twitching,subsidies
alprazolam,xanax,nausea,capecitabine
alprazolam,morphine,nausea,belacan
alprazolam,valium,nausea,megumi_alice
alprazolam,ambien,nausea,personal_space
alprazolam,prozac,nausea,bbc4
alprazolam,vicodin,nausea,tamiflu_bch361dpc
alprazolam,percocet,nausea,masturbate
alprazolam,promethazine,nausea,shokugekinosoma
alprazolam,tramadol,nausea,couch_cushion
alprazolam,xanax,numbness,crossover
alprazolam,morphine,numbness,acute_liver_failure
alprazolam,valium,numbness,favourite_colour
alprazolam,ambien,numbness,personal_space
alprazolam,prozac,numbness,highlight
alprazolam,vicodin,numbness,flexerils
alprazolam,percocet,numbness,stayingfocusedis
alprazolam,promethazine,numbness,acute_liver_failure
alprazolam,tramadol,numbness,post_nasal
alprazolam,xanax,palpitations,foxx
alprazolam,morphine,palpitations,medal
alprazolam,valium,palpitations,manifestation
alprazolam,ambien,palpitations,kapiti
alprazolam,prozac,palpitations,bbc4
alprazolam,vicodin,palpitations,manifestation
alprazolam,percocet,palpitations,valentines_gift
alprazolam,promethazine,palpitations,nightingale
alprazolam,tramadol,palpitations,couch_cushion
alprazolam,xanax,panic_attack,arianna
alprazolam,morphine,panic_attack,pascal
alprazolam,valium,panic_attack,thewitness
alprazolam,ambien,panic_attack,potrero
alprazolam,prozac,panic_attack,beyond_souls
alprazolam,vicodin,panic_attack,embargo
alprazolam,percocet,panic_attack,thewitness
alprazolam,promethazine,panic_attack,whatsoever
alprazolam,tramadol,panic_attack,evaluated
alprazolam,xanax,panic_disorder,cold_flue
alprazolam,morphine,panic_disorder,topically
alprazolam,valium,panic_disorder,malfunctions
alprazolam,ambien,panic_disorder,500mg_naproxen_howareyoualivebro
alprazolam,prozac,panic_disorder,cerebrum
alprazolam,vicodin,panic_disorder,burny
alprazolam,percocet,panic_disorder,bopper
alprazolam,promethazine,panic_disorder,smich_says
alprazolam,tramadol,panic_disorder,spiller
alprazolam,xanax,phobia,bounce
alprazolam,morphine,phobia,500mg_naproxen_howareyoualivebro
alprazolam,valium,phobia,meadow
alprazolam,ambien,phobia,500mg_naproxen_howareyoualivebro
alprazolam,prozac,phobia,imago_statements
alprazolam,vicodin,phobia,pubmed
alprazolam,percocet,phobia,consume_worlds
alprazolam,promethazine,phobia,focussing
alprazolam,tramadol,phobia,evaluated
alprazolam,xanax,sickness,lucas_havrisik
alprazolam,morphine,sickness,bowers
alprazolam,valium,sickness,friendship
alprazolam,ambien,sickness,personal_space
alprazolam,prozac,sickness,creation
alprazolam,vicodin,sickness,statements_dries_precursor_noten
alprazolam,percocet,sickness,friendship
alprazolam,promethazine,sickness,heffer_stole
alprazolam,tramadol,sickness,boxcar
alprazolam,xanax,substance_abuse,immunosuppression
alprazolam,morphine,substance_abuse,belacan
alprazolam,valium,substance_abuse,auctions
alprazolam,ambien,substance_abuse,wisdom_teeth_removed
alprazolam,prozac,substance_abuse,divide
alprazolam,vicodin,substance_abuse,topper
alprazolam,percocet,substance_abuse,squirming
alprazolam,promethazine,substance_abuse,canadian_pharmacy_cialis
alprazolam,tramadol,substance_abuse,nicee
alprazolam,xanax,suicide,addic
alprazolam,morphine,suicide,nick_cave_seeds
alprazolam,valium,suicide,nicola
alprazolam,ambien,suicide,personal_space
alprazolam,prozac,suicide,economics_class
alprazolam,vicodin,suicide,statements_dries_precursor_noten
alprazolam,percocet,suicide,charitable
alprazolam,promethazine,suicide,canadian_pharmacy_cialis
alprazolam,tramadol,suicide,journals
alprazolam,xanax,sweating,spam_filter
alprazolam,morphine,sweating,biosimilar_version
alprazolam,valium,sweating,twitching
alprazolam,ambien,sweating,drug_charges_possession
alprazolam,prozac,sweating,imago_statements
alprazolam,vicodin,sweating,false_claims
alprazolam,percocet,sweating,thebloggesstribe
alprazolam,promethazine,sweating,chimney
alprazolam,tramadol,sweating,thebloggesstribe
alprazolam,xanax,syncope,jesuss
alprazolam,morphine,syncope,belacan
alprazolam,valium,syncope,chimney
alprazolam,ambien,syncope,personal_space
alprazolam,prozac,syncope,insistence
alprazolam,vicodin,syncope,chimney
alprazolam,percocet,syncope,ventures
alprazolam,promethazine,syncope,corroboration
alprazolam,tramadol,syncope,salem
alprazolam,xanax,tachycardia,pmsdosanddonts
alprazolam,morphine,tachycardia,brand_name
alprazolam,valium,tachycardia,megumi_alice
alprazolam,ambien,tachycardia,motor_skills
alprazolam,prozac,tachycardia,abandoning
alprazolam,vicodin,tachycardia,statements_dries_precursor_noten
alprazolam,percocet,tachycardia,stayingfocusedis
alprazolam,promethazine,tachycardia,unwilling
alprazolam,tramadol,tachycardia,megumi_alice
alprazolam,xanax,tenderness,jesuss
alprazolam,morphine,tenderness,belacan
alprazolam,valium,tenderness,allegra
alprazolam,ambien,tenderness,vivian
alprazolam,prozac,tenderness,realtors
alprazolam,vicodin,tenderness,hasta_caribes
alprazolam,percocet,tenderness,shorted
alprazolam,promethazine,tenderness,football_games
alprazolam,tramadol,tenderness,bradley_cooper_limitless
alprazolam,xanax,tension,servicing
alprazolam,morphine,tension,belacan
alprazolam,valium,tension,hippos
alprazolam,ambien,tension,medical_supervision
alprazolam,prozac,tension,prince_surveillance_video
alprazolam,vicodin,tension,phen
alprazolam,percocet,tension,armours
alprazolam,promethazine,tension,chimney
alprazolam,tramadol,tension,subsidies
alprazolam,xanax,trembling,mmhh
alprazolam,morphine,trembling,bones_brittle
alprazolam,valium,trembling,enemas
alprazolam,ambien,trembling,hash_brown
alprazolam,prozac,trembling,complexion_statements
alprazolam,vicodin,trembling,enemas
alprazolam,percocet,trembling,years
alprazolam,promethazine,trembling,frontal
alprazolam,tramadol,trembling,hoodie
alprazolam,xanax,violent,guidelines
alprazolam,morphine,violent,valium_favorite_color
alprazolam,valium,violent,crows
alprazolam,ambien,violent,personal_space
alprazolam,prozac,violent,kahuna
alprazolam,vicodin,violent,kahuna
alprazolam,percocet,violent,john_buzon_trio_ghost
alprazolam,promethazine,violent,canadian_pharmacy_cialis
alprazolam,tramadol,violent,kahuna
