alprazolam,xanax,irritability,reader_asks_anyone
alprazolam,morphine,irritability,colored
alprazolam,valium,irritability,relation_hosted_improvisation
alprazolam,ambien,irritability,hearthealth
alprazolam,prozac,irritability,charger
alprazolam,vicodin,irritability,colored
alprazolam,percocet,irritability,decolgen
alprazolam,promethazine,irritability,freckles_suffer_skitzo_causes
alprazolam,tramadol,irritability,analgesic_appears_effective_prematureejaculation
alprazolam,xanax,increased_appetite,metoprolol_succinate
alprazolam,morphine,increased_appetite,cialis_inflate_ball
alprazolam,valium,increased_appetite,self_proclaimed
alprazolam,ambien,increased_appetite,jokingly_asked
alprazolam,prozac,increased_appetite,huzzah
alprazolam,vicodin,increased_appetite,25pm
alprazolam,percocet,increased_appetite,leisure
alprazolam,promethazine,increased_appetite,alphabetized
alprazolam,tramadol,increased_appetite,analgesic_appears_effective_prematureejaculation
alprazolam,xanax,decreased_appetite,seizurefree
alprazolam,morphine,decreased_appetite,bobross
alprazolam,valium,decreased_appetite,basketball_teams
alprazolam,ambien,decreased_appetite,sizzurp
alprazolam,prozac,decreased_appetite,baclofen_lioresal
alprazolam,vicodin,decreased_appetite,multivitamin
alprazolam,percocet,decreased_appetite,lightening
alprazolam,promethazine,decreased_appetite,authoritative
alprazolam,tramadol,decreased_appetite,lightening
alprazolam,xanax,dysarthria,seizurefree
alprazolam,morphine,dysarthria,monuments
alprazolam,valium,dysarthria,karen_walker
alprazolam,ambien,dysarthria,hearthealth
alprazolam,prozac,dysarthria,dabbled
alprazolam,vicodin,dysarthria,biopsied
alprazolam,percocet,dysarthria,musicologo
alprazolam,promethazine,dysarthria,authoritative
alprazolam,tramadol,dysarthria,dries_railway
alprazolam,xanax,lightheadedness,looted
alprazolam,morphine,lightheadedness,justlistened
alprazolam,valium,lightheadedness,xanx_nembutal_ativan
alprazolam,ambien,lightheadedness,booyy
alprazolam,prozac,lightheadedness,gets_tentative
alprazolam,vicodin,lightheadedness,gmom
alprazolam,percocet,lightheadedness,booyy
alprazolam,promethazine,lightheadedness,replacing_novo
alprazolam,tramadol,lightheadedness,pies
alprazolam,xanax,anxiety,study_evaluate_switching
alprazolam,morphine,anxiety,neck_injury
alprazolam,valium,anxiety,basketball_teams
alprazolam,ambien,anxiety,gummy_worms
alprazolam,prozac,anxiety,dickhead
alprazolam,vicodin,anxiety,roxy_kush_blackberry
alprazolam,percocet,anxiety,hardening_nipples_suffer_skitzo
alprazolam,promethazine,anxiety,authoritative
alprazolam,tramadol,anxiety,gw2lore
alprazolam,xanax,drowsiness,repub
alprazolam,morphine,drowsiness,narcolepsy_causes_immediate_death
alprazolam,valium,drowsiness,basketball_teams
alprazolam,ambien,drowsiness,sabcnews
alprazolam,prozac,drowsiness,beat_aaliyahs
alprazolam,vicodin,drowsiness,tingles
alprazolam,percocet,drowsiness,guido
alprazolam,promethazine,drowsiness,domore
alprazolam,tramadol,drowsiness,darrin
alprazolam,xanax,sweating,viagra_chris_abbey
alprazolam,morphine,sweating,poorer
alprazolam,valium,sweating,phin
alprazolam,ambien,sweating,rigidly
alprazolam,prozac,sweating,panic_attack
alprazolam,vicodin,sweating,declaring
alprazolam,percocet,sweating,pwme_mecfs
alprazolam,promethazine,sweating,ruthwilson93
alprazolam,tramadol,sweating,analgesic_appears_effective_prematureejaculation
alprazolam,xanax,somnolence,meths
alprazolam,morphine,somnolence,tuff
alprazolam,valium,somnolence,meths
alprazolam,ambien,somnolence,meths
alprazolam,prozac,somnolence,ryochin
alprazolam,vicodin,somnolence,meths
alprazolam,percocet,somnolence,ning
alprazolam,promethazine,somnolence,mumbling_issue_suffer
alprazolam,tramadol,somnolence,gw2lore
alprazolam,xanax,headache,roxane_yona_harvey
alprazolam,morphine,headache,panick_attacks
alprazolam,valium,headache,rytary
alprazolam,ambien,headache,tentative_method
alprazolam,prozac,headache,spaceballs
alprazolam,vicodin,headache,feeling_refreshed
alprazolam,percocet,headache,safe_spaces
alprazolam,promethazine,headache,julies
alprazolam,tramadol,headache,self_control
alprazolam,xanax,strangury,seizurefree
alprazolam,morphine,strangury,instills
alprazolam,valium,strangury,pringles
alprazolam,ambien,strangury,ducked
alprazolam,prozac,strangury,ducked
alprazolam,vicodin,strangury,loveislove
alprazolam,percocet,strangury,dentist_prescribes
alprazolam,promethazine,strangury,authoritative
alprazolam,tramadol,strangury,analgesic_appears_effective_prematureejaculation
alprazolam,xanax,depression,chesney
alprazolam,morphine,depression,cialis_inflate_ball
alprazolam,valium,depression,grrl
alprazolam,ambien,depression,outlier
alprazolam,prozac,depression,attica
alprazolam,vicodin,depression,grrl
alprazolam,percocet,depression,leisure
alprazolam,promethazine,depression,cortana
alprazolam,tramadol,depression,income
alprazolam,xanax,rash,jameson
alprazolam,morphine,rash,panick_attacks
alprazolam,valium,rash,alphabet_soup
alprazolam,ambien,rash,wear_dress
alprazolam,prozac,rash,attica
alprazolam,vicodin,rash,peak_plasma
alprazolam,percocet,rash,panick_attacks
alprazolam,promethazine,rash,pilates_class
alprazolam,tramadol,rash,analgesic_appears_effective_prematureejaculation
alprazolam,xanax,constipation,seizurefree
alprazolam,morphine,constipation,narcolepsy_causes_immediate_death
alprazolam,valium,constipation,alphabet_soup
alprazolam,ambien,constipation,ktovs
alprazolam,prozac,constipation,breath_probably_kleptomania
alprazolam,vicodin,constipation,hang_overs
alprazolam,percocet,constipation,ning
alprazolam,promethazine,constipation,enthusiasts
alprazolam,tramadol,constipation,dulling
alprazolam,xanax,diarrhoea,metoprolol_succinate
alprazolam,morphine,diarrhoea,badactionmoviesequels
alprazolam,valium,diarrhoea,jerry_hall
alprazolam,ambien,diarrhoea,depressabeatlessong_lucy_diazepam
alprazolam,prozac,diarrhoea,huzzah
alprazolam,vicodin,diarrhoea,archdbanterbury
alprazolam,percocet,diarrhoea,leisure
alprazolam,promethazine,diarrhoea,domore
alprazolam,tramadol,diarrhoea,heat_wraps
alprazolam,xanax,hyperventilation,futures
alprazolam,morphine,hyperventilation,tuff
alprazolam,valium,hyperventilation,physics_exam
alprazolam,ambien,hyperventilation,gratz
alprazolam,prozac,hyperventilation,physics_exam
alprazolam,vicodin,hyperventilation,futures
alprazolam,percocet,hyperventilation,leisure
alprazolam,promethazine,hyperventilation,authoritative
alprazolam,tramadol,hyperventilation,protamine
alprazolam,xanax,nausea,onrpe_follow_realplayer_fanbase
alprazolam,morphine,nausea,veins_arteries
alprazolam,valium,nausea,veins_arteries
alprazolam,ambien,nausea,wear_dress
alprazolam,prozac,nausea,rainstorm
alprazolam,vicodin,nausea,unspoken
alprazolam,percocet,nausea,veins_arteries
alprazolam,promethazine,nausea,veins_arteries
alprazolam,tramadol,nausea,vertigo_nausea
alprazolam,xanax,vomiting,seizurefree
alprazolam,morphine,vomiting,tuff
alprazolam,valium,vomiting,captain_obvious
alprazolam,ambien,vomiting,canadian
alprazolam,prozac,vomiting,breath_probably_kleptomania
alprazolam,vicodin,vomiting,tuff
alprazolam,percocet,vomiting,panick_attacks
alprazolam,promethazine,vomiting,ohara
alprazolam,tramadol,vomiting,estate_agents
alprazolam,xanax,malnutrition,pegs
alprazolam,morphine,malnutrition,cialis_inflate_ball
alprazolam,valium,malnutrition,shaker
alprazolam,ambien,malnutrition,catatonic_state_depakote
alprazolam,prozac,malnutrition,attica
alprazolam,vicodin,malnutrition,opsec
alprazolam,percocet,malnutrition,differently
alprazolam,promethazine,malnutrition,pilates_class
alprazolam,tramadol,malnutrition,opsec
alprazolam,xanax,insomnia,jordan_belfort
alprazolam,morphine,insomnia,connector
alprazolam,valium,insomnia,aboot
alprazolam,ambien,insomnia,connector
alprazolam,prozac,insomnia,raven
alprazolam,vicodin,insomnia,analgesic_appears_effective_prematureejaculation
alprazolam,percocet,insomnia,safe_spaces
alprazolam,promethazine,insomnia,analgesic_appears_effective_prematureejaculation
alprazolam,tramadol,insomnia,analgesic_appears_effective_prematureejaculation
alprazolam,xanax,muscle_twitching,cross_platform
alprazolam,morphine,muscle_twitching,deal
alprazolam,valium,muscle_twitching,issas
alprazolam,ambien,muscle_twitching,cross_platform
alprazolam,prozac,muscle_twitching,friendlier
alprazolam,vicodin,muscle_twitching,cross_platform
alprazolam,percocet,muscle_twitching,mario
alprazolam,promethazine,muscle_twitching,freckles_suffer_skitzo_causes
alprazolam,tramadol,muscle_twitching,2nyt
alprazolam,xanax,tachycardia,dries_local
alprazolam,morphine,tachycardia,neck_injury
alprazolam,valium,tachycardia,basketball_teams
alprazolam,ambien,tachycardia,canadian
alprazolam,prozac,tachycardia,siren
alprazolam,vicodin,tachycardia,spiteful_bitter
alprazolam,percocet,tachycardia,ning
alprazolam,promethazine,tachycardia,13th_biathlon
alprazolam,tramadol,tachycardia,marmalade
alprazolam,xanax,sexual_dysfunction,metoprolol_succinate
alprazolam,morphine,sexual_dysfunction,oxyclean
alprazolam,valium,sexual_dysfunction,basketball_teams
alprazolam,ambien,sexual_dysfunction,vitamin_levels_checked
alprazolam,prozac,sexual_dysfunction,inches
alprazolam,vicodin,sexual_dysfunction,prized
alprazolam,percocet,sexual_dysfunction,dentist_prescribes
alprazolam,promethazine,sexual_dysfunction,domore
alprazolam,tramadol,sexual_dysfunction,stretchered
alprazolam,xanax,nasal_congestion,meths
alprazolam,morphine,nasal_congestion,narcolepsy_causes_immediate_death
alprazolam,valium,nasal_congestion,self_proclaimed
alprazolam,ambien,nasal_congestion,meths
alprazolam,prozac,nasal_congestion,challs
alprazolam,vicodin,nasal_congestion,meths
alprazolam,percocet,nasal_congestion,swaying
alprazolam,promethazine,nasal_congestion,nexium_esomeprazole_magnesium
alprazolam,tramadol,nasal_congestion,marmalade
alprazolam,xanax,ataxia,transbay
alprazolam,morphine,ataxia,crippling_anxiety
alprazolam,valium,ataxia,dispose
alprazolam,ambien,ataxia,keep_tame_nothins
alprazolam,prozac,ataxia,breath_probably_kleptomania
alprazolam,vicodin,ataxia,saliva_contains
alprazolam,percocet,ataxia,chapter_shokugeki
alprazolam,promethazine,ataxia,erupted
alprazolam,tramadol,ataxia,birches
alprazolam,xanax,tinnitus,caint
alprazolam,morphine,tinnitus,neck_injury
alprazolam,valium,tinnitus,beam
alprazolam,ambien,tinnitus,hearthealth
alprazolam,prozac,tinnitus,breath_probably_kleptomania
alprazolam,vicodin,tinnitus,drunkness
alprazolam,percocet,tinnitus,redeemable
alprazolam,promethazine,tinnitus,forces
alprazolam,tramadol,tinnitus,income
alprazolam,xanax,vision_blurred,seizurefree
alprazolam,morphine,vision_blurred,biosimilars_biosimilar
alprazolam,valium,vision_blurred,biosimilars_biosimilar
alprazolam,ambien,vision_blurred,hearthealth
alprazolam,prozac,vision_blurred,settle
alprazolam,vicodin,vision_blurred,dollar_bill_bathroom_floor
alprazolam,percocet,vision_blurred,thisismylife
alprazolam,promethazine,vision_blurred,domore
alprazolam,tramadol,vision_blurred,women_sprint_shooting_misses
alprazolam,xanax,abdominal_pain,michigan
alprazolam,morphine,abdominal_pain,buspars
alprazolam,valium,abdominal_pain,solve_puzzle
alprazolam,ambien,abdominal_pain,habitual
alprazolam,prozac,abdominal_pain,settle
alprazolam,vicodin,abdominal_pain,limbs_paxil
alprazolam,percocet,abdominal_pain,redeemable
alprazolam,promethazine,abdominal_pain,freckles_suffer_skitzo_causes
alprazolam,tramadol,abdominal_pain,annoyed_sigmund_freud_belligerent
alprazolam,xanax,depersonalisation,deep_breathing
alprazolam,morphine,depersonalisation,tuff
alprazolam,valium,depersonalisation,pulmison
alprazolam,ambien,depersonalisation,fleetwood
alprazolam,prozac,depersonalisation,serba
alprazolam,vicodin,depersonalisation,drunkness
alprazolam,percocet,depersonalisation,durella_whereudey_durella_whereudey
alprazolam,promethazine,depersonalisation,authoritative
alprazolam,tramadol,depersonalisation,income
alprazolam,xanax,dyspepsia,impressively
alprazolam,morphine,dyspepsia,officers
alprazolam,valium,dyspepsia,aventyl
alprazolam,ambien,dyspepsia,aroma_therapy
alprazolam,prozac,dyspepsia,aventyl
alprazolam,vicodin,dyspepsia,nipped
alprazolam,percocet,dyspepsia,2009_2010
alprazolam,promethazine,dyspepsia,authoritative
alprazolam,tramadol,dyspepsia,axon
alprazolam,xanax,nightmare,seizurefree
alprazolam,morphine,nightmare,neck_injury
alprazolam,valium,nightmare,karen_walker
alprazolam,ambien,nightmare,sfeats
alprazolam,prozac,nightmare,bollywood
alprazolam,vicodin,nightmare,spews
alprazolam,percocet,nightmare,dentist_prescribes
alprazolam,promethazine,nightmare,nurx
alprazolam,tramadol,nightmare,hosted_editing
alprazolam,xanax,palpitations,twice_thrice
alprazolam,morphine,palpitations,badactionmoviesequels
alprazolam,valium,palpitations,beam
alprazolam,ambien,palpitations,notevenonce
alprazolam,prozac,palpitations,trove
alprazolam,vicodin,palpitations,limbs_paxil
alprazolam,percocet,palpitations,hubbys
alprazolam,promethazine,palpitations,miyuki
alprazolam,tramadol,palpitations,herone
alprazolam,xanax,vertigo,dries_local
alprazolam,morphine,vertigo,konold
alprazolam,valium,vertigo,basketball_teams
alprazolam,ambien,vertigo,frowns
alprazolam,prozac,vertigo,decker
alprazolam,vicodin,vertigo,clap_clap
alprazolam,percocet,vertigo,panick_attacks
alprazolam,promethazine,vertigo,backstop
alprazolam,tramadol,vertigo,shambhala
alprazolam,xanax,malaise,looted
alprazolam,morphine,malaise,justlistened
alprazolam,valium,malaise,legalweed
alprazolam,ambien,malaise,hearthealth
alprazolam,prozac,malaise,antisocial
alprazolam,vicodin,malaise,mental_breakdown
alprazolam,percocet,malaise,accounts_overdrawn
alprazolam,promethazine,malaise,keep_tame_nothins
alprazolam,tramadol,malaise,legalweed
alprazolam,xanax,oedema,badminton
alprazolam,morphine,oedema,cialis_inflate_ball
alprazolam,valium,oedema,basketball_teams
alprazolam,ambien,oedema,canadian
alprazolam,prozac,oedema,morning
alprazolam,vicodin,oedema,venlafaxin
alprazolam,percocet,oedema,unsuppressed
alprazolam,promethazine,oedema,tulah
alprazolam,tramadol,oedema,epidemics
alprazolam,xanax,hypotension,onrpe_follow_realplayer_fanbase
alprazolam,morphine,hypotension,panick_attacks
alprazolam,valium,hypotension,sgsmidweekmixtape
alprazolam,ambien,hypotension,collision
alprazolam,prozac,hypotension,methyl_folate
alprazolam,vicodin,hypotension,5mgs
alprazolam,percocet,hypotension,panick_attacks
alprazolam,promethazine,hypotension,authoritative
alprazolam,tramadol,hypotension,acg2016
alprazolam,xanax,nervousness,seizurefree
alprazolam,morphine,nervousness,instills
alprazolam,valium,nervousness,phin
alprazolam,ambien,nervousness,jokingly_asked
alprazolam,prozac,nervousness,agreed
alprazolam,vicodin,nervousness,principled
alprazolam,percocet,nervousness,alternative_biotech_drug
alprazolam,promethazine,nervousness,case_strawberry_fanta
alprazolam,tramadol,nervousness,analgesic_appears_effective_prematureejaculation
alprazolam,xanax,tremor,badminton
alprazolam,morphine,tremor,panick_attacks
alprazolam,valium,tremor,beam
alprazolam,ambien,tremor,hearthealth
alprazolam,prozac,tremor,inches
alprazolam,vicodin,tremor,biopsied
alprazolam,percocet,tremor,arashi
alprazolam,promethazine,tremor,authoritative
alprazolam,tramadol,tremor,ponyo
alprazolam,xanax,dermatitis,seizurefree
alprazolam,morphine,dermatitis,tuff
alprazolam,valium,dermatitis,pero_cambia
alprazolam,ambien,dermatitis,ahould
alprazolam,prozac,dermatitis,congratulations_winning
alprazolam,vicodin,dermatitis,pepto_bismol
alprazolam,percocet,dermatitis,congratulations_winning
alprazolam,promethazine,dermatitis,case_strawberry_fanta
alprazolam,tramadol,dermatitis,movers
alprazolam,xanax,hypersensitivity,badminton
alprazolam,morphine,hypersensitivity,tonka
alprazolam,valium,hypersensitivity,badminton
alprazolam,ambien,hypersensitivity,canadian
alprazolam,prozac,hypersensitivity,fucked
alprazolam,vicodin,hypersensitivity,archdbanterbury
alprazolam,percocet,hypersensitivity,fortunes
alprazolam,promethazine,hypersensitivity,badminton
alprazolam,tramadol,hypersensitivity,badminton
alprazolam,xanax,syncope,antipsych
alprazolam,morphine,syncope,tuff
alprazolam,valium,syncope,basketball_teams
alprazolam,ambien,syncope,vitamin_levels_checked
alprazolam,prozac,syncope,cause_tachycardia_metoprolol
alprazolam,vicodin,syncope,drunkness
alprazolam,percocet,syncope,leisure
alprazolam,promethazine,syncope,waah
alprazolam,tramadol,syncope,jaded
alprazolam,xanax,agitation,higher_dose
alprazolam,morphine,agitation,golf_foursome
alprazolam,valium,agitation,basketball_teams
alprazolam,ambien,agitation,stones
alprazolam,prozac,agitation,onehalf
alprazolam,vicodin,agitation,chillinn
alprazolam,percocet,agitation,stones
alprazolam,promethazine,agitation,reminiscent
alprazolam,tramadol,agitation,dtap
alprazolam,xanax,disinhibition,verge_falling_asleep
alprazolam,morphine,disinhibition,beanies
alprazolam,valium,disinhibition,chemically_dependent
alprazolam,ambien,disinhibition,habitual
alprazolam,prozac,disinhibition,higher_dosage
alprazolam,vicodin,disinhibition,riddance
alprazolam,percocet,disinhibition,dentist_prescribes
alprazolam,promethazine,disinhibition,antifreeze
alprazolam,tramadol,disinhibition,case_strawberry_fanta
alprazolam,xanax,dizziness,harris
alprazolam,morphine,dizziness,cialis_inflate_ball
alprazolam,valium,dizziness,tamarandvince
alprazolam,ambien,dizziness,hearthealth
alprazolam,prozac,dizziness,higher_dosage
alprazolam,vicodin,dizziness,5mgs
alprazolam,percocet,dizziness,giraffes
alprazolam,promethazine,dizziness,case_strawberry_fanta
alprazolam,tramadol,dizziness,mannequin
alprazolam,xanax,influenza,cold_towel
alprazolam,morphine,influenza,konold
alprazolam,valium,influenza,dontdodrugs
alprazolam,ambien,influenza,instagram_snapchat
alprazolam,prozac,influenza,breath_probably_kleptomania
alprazolam,vicodin,influenza,wowzers
alprazolam,percocet,influenza,bronte
alprazolam,promethazine,influenza,domore
alprazolam,tramadol,influenza,call
alprazolam,xanax,muscle_stiffness,senang
alprazolam,morphine,muscle_stiffness,contour
alprazolam,valium,muscle_stiffness,nauseates
alprazolam,ambien,muscle_stiffness,sickbay
alprazolam,prozac,muscle_stiffness,beat_aaliyahs
alprazolam,vicodin,muscle_stiffness,posting
alprazolam,percocet,muscle_stiffness,dentist_prescribes
alprazolam,promethazine,muscle_stiffness,domore
alprazolam,tramadol,muscle_stiffness,midlife_crisis
alprazolam,xanax,fatigue,bebel
alprazolam,morphine,fatigue,neck_injury
alprazolam,valium,fatigue,propellant
alprazolam,ambien,fatigue,canadian
alprazolam,prozac,fatigue,catfish
alprazolam,vicodin,fatigue,wheres_postbox
alprazolam,percocet,fatigue,chapter_shokugeki
alprazolam,promethazine,fatigue,authoritative
alprazolam,tramadol,fatigue,bebel
alprazolam,xanax,dyskinesia,metoprolol_succinate
alprazolam,morphine,dyskinesia,panick_attacks
alprazolam,valium,dyskinesia,self_proclaimed
alprazolam,ambien,dyskinesia,canadian
alprazolam,prozac,dyskinesia,cyclosporine_azathioprine
alprazolam,vicodin,dyskinesia,pandoras
alprazolam,percocet,dyskinesia,panick_attacks
alprazolam,promethazine,dyskinesia,freckles_suffer_skitzo_causes
alprazolam,tramadol,dyskinesia,therapy_session
alprazolam,xanax,lethargy,seizurefree
alprazolam,morphine,lethargy,buspars
alprazolam,valium,lethargy,shota
alprazolam,ambien,lethargy,disfiguring
alprazolam,prozac,lethargy,dabbled
alprazolam,vicodin,lethargy,barge
alprazolam,percocet,lethargy,coal_plant_response_erdogan
alprazolam,promethazine,lethargy,unpleasantness
alprazolam,tramadol,lethargy,tatum
alprazolam,xanax,akathisia,tbsp
alprazolam,morphine,akathisia,cialis_inflate_ball
alprazolam,valium,akathisia,self_proclaimed
alprazolam,ambien,akathisia,tentative_method
alprazolam,prozac,akathisia,marlowe
alprazolam,vicodin,akathisia,toxthurs
alprazolam,percocet,akathisia,tbsp
alprazolam,promethazine,akathisia,bebel
alprazolam,tramadol,akathisia,herone
alprazolam,xanax,mental_disorder,ativan_wilder
alprazolam,morphine,mental_disorder,xanaxx
alprazolam,valium,mental_disorder,asthavent
alprazolam,ambien,mental_disorder,muthafucker
alprazolam,prozac,mental_disorder,muthafucker
alprazolam,vicodin,mental_disorder,entitled_cash
alprazolam,percocet,mental_disorder,preeclampsia
alprazolam,promethazine,mental_disorder,authoritative
alprazolam,tramadol,mental_disorder,unlined
alprazolam,xanax,anorexia,harris
alprazolam,morphine,anorexia,tuff
alprazolam,valium,anorexia,breath_probably_kleptomania
alprazolam,ambien,anorexia,hearthealth
alprazolam,prozac,anorexia,breath_probably_kleptomania
alprazolam,vicodin,anorexia,opioid_receptor
alprazolam,percocet,anorexia,leisure
alprazolam,promethazine,anorexia,freckles_suffer_skitzo_causes
alprazolam,tramadol,anorexia,analgesic_appears_effective_prematureejaculation
alprazolam,xanax,incontinence,bobby
alprazolam,morphine,incontinence,deal
alprazolam,valium,incontinence,curriculum
alprazolam,ambien,incontinence,instagram_snapchat
alprazolam,prozac,incontinence,higher_dosage
alprazolam,vicodin,incontinence,clap_clap
alprazolam,percocet,incontinence,victoria_secrets
alprazolam,promethazine,incontinence,victoria_secrets
alprazolam,tramadol,incontinence,manafort_medias_winning
alprazolam,xanax,myalgia,karen_walker
alprazolam,morphine,myalgia,urinated_today_probably_melancholia
alprazolam,valium,myalgia,karen_walker
alprazolam,ambien,myalgia,wear_dress
alprazolam,prozac,myalgia,villagers
alprazolam,vicodin,myalgia,urinated_today_probably_melancholia
alprazolam,percocet,myalgia,widen
alprazolam,promethazine,myalgia,domore
alprazolam,tramadol,myalgia,singer_prince_painkiller
alprazolam,xanax,disorientation,orgasms_natures
alprazolam,morphine,disorientation,ruck
alprazolam,valium,disorientation,curriculum
alprazolam,ambien,disorientation,tentative_method
alprazolam,prozac,disorientation,escape
alprazolam,vicodin,disorientation,colored
alprazolam,percocet,disorientation,hairbrush
alprazolam,promethazine,disorientation,overdoseaware2016
alprazolam,tramadol,disorientation,lold
alprazolam,xanax,fear,ktovs
alprazolam,morphine,fear,acg2016
alprazolam,valium,fear,basketball_teams
alprazolam,ambien,fear,canadian
alprazolam,prozac,fear,trove
alprazolam,vicodin,fear,riddance
alprazolam,percocet,fear,alternative_biotech_drug
alprazolam,promethazine,fear,erupted
alprazolam,tramadol,fear,analgesic_appears_effective_prematureejaculation
alprazolam,xanax,infection,jameson
alprazolam,morphine,infection,cleaning
alprazolam,valium,infection,iodide
alprazolam,ambien,infection,bombest
alprazolam,prozac,infection,decker
alprazolam,vicodin,infection,poisons
alprazolam,percocet,infection,preeclampsia
alprazolam,promethazine,infection,menstruating
alprazolam,tramadol,infection,bombest
alprazolam,xanax,hypersomnia,psoriasis_arthritis
alprazolam,morphine,hypersomnia,justlistened
alprazolam,valium,hypersomnia,self_proclaimed
alprazolam,ambien,hypersomnia,nuvaring
alprazolam,prozac,hypersomnia,rainstorm
alprazolam,vicodin,hypersomnia,trained
alprazolam,percocet,hypersomnia,durella_whereudey_durella_whereudey
alprazolam,promethazine,hypersomnia,authoritative
alprazolam,tramadol,hypersomnia,exports
alprazolam,xanax,pruritus,seizurefree
alprazolam,morphine,pruritus,local_anesthetics
alprazolam,valium,pruritus,lupin
alprazolam,ambien,pruritus,tentative_method
alprazolam,prozac,pruritus,apparent_reason
alprazolam,vicodin,pruritus,wowzers
alprazolam,percocet,pruritus,plprimarystars
alprazolam,promethazine,pruritus,case_strawberry_fanta
alprazolam,tramadol,pruritus,income
alprazolam,xanax,aggression,seizurefree
alprazolam,morphine,aggression,cialis_inflate_ball
alprazolam,valium,aggression,karen_walker
alprazolam,ambien,aggression,muthafucker
alprazolam,prozac,aggression,knick
alprazolam,vicodin,aggression,spews
alprazolam,percocet,aggression,55pm
alprazolam,promethazine,aggression,authoritative
alprazolam,tramadol,aggression,gw2lore
alprazolam,xanax,amnesia,onrpe_follow_realplayer_fanbase
alprazolam,morphine,amnesia,badactionmoviesequels
alprazolam,valium,amnesia,15mins
alprazolam,ambien,amnesia,biggest_threat
alprazolam,prozac,amnesia,schizophrenic
alprazolam,vicodin,amnesia,principled
alprazolam,percocet,amnesia,casse
alprazolam,promethazine,amnesia,insulin_resistance_metformin
alprazolam,tramadol,amnesia,shanks
alprazolam,xanax,anger,ktovs
alprazolam,morphine,anger,heat_wraps
alprazolam,valium,anger,iodide
alprazolam,ambien,anger,ktovs
alprazolam,prozac,anger,gtfoh
alprazolam,vicodin,anger,litte
alprazolam,percocet,anger,heat_wraps
alprazolam,promethazine,anger,gtfoh
alprazolam,tramadol,anger,heat_wraps
alprazolam,xanax,dysphagia,abominations
alprazolam,morphine,dysphagia,relocating
alprazolam,valium,dysphagia,karen_walker
alprazolam,ambien,dysphagia,canadian
alprazolam,prozac,dysphagia,presidency
alprazolam,vicodin,dysphagia,futures_music
alprazolam,percocet,dysphagia,anywhoo
alprazolam,promethazine,dysphagia,authoritative
alprazolam,tramadol,dysphagia,self_control
alprazolam,xanax,epistaxis,orgasms_natures
alprazolam,morphine,epistaxis,golf_foursome
alprazolam,valium,epistaxis,grant_amnesty
alprazolam,ambien,epistaxis,hearthealth
alprazolam,prozac,epistaxis,tukar
alprazolam,vicodin,epistaxis,clap_clap
alprazolam,percocet,epistaxis,durella_whereudey_durella_whereudey
alprazolam,promethazine,epistaxis,authoritative
alprazolam,tramadol,epistaxis,whiteboards
alprazolam,xanax,hallucination,cold_towel
alprazolam,morphine,hallucination,pioneer_noten
alprazolam,valium,hallucination,propellant
alprazolam,ambien,hallucination,habitual
alprazolam,prozac,hallucination,dosen
alprazolam,vicodin,hallucination,sadat
alprazolam,percocet,hallucination,ning
alprazolam,promethazine,hallucination,domore
alprazolam,tramadol,hallucination,analgesic_appears_effective_prematureejaculation
alprazolam,xanax,panic_disorder,kansas_city
alprazolam,morphine,panic_disorder,ordeal
alprazolam,valium,panic_disorder,captain_obvious
alprazolam,ambien,panic_disorder,canadian
alprazolam,prozac,panic_disorder,regional
alprazolam,vicodin,panic_disorder,test_dustin_diamond
alprazolam,percocet,panic_disorder,phenobarbital
alprazolam,promethazine,panic_disorder,authoritative
alprazolam,tramadol,panic_disorder,team_score_takedownapp
alprazolam,xanax,convulsion,ballot
alprazolam,morphine,convulsion,blizzards
alprazolam,valium,convulsion,chathamcup
alprazolam,ambien,convulsion,depressabeatlessong_lucy_diazepam
alprazolam,prozac,convulsion,dabbled
alprazolam,vicodin,convulsion,poisons
alprazolam,percocet,convulsion,depressabeatlessong_lucy_diazepam
alprazolam,promethazine,convulsion,case_strawberry_fanta
alprazolam,tramadol,convulsion,vaulted
alprazolam,xanax,thirst,seizurefree
alprazolam,morphine,thirst,blizzards
alprazolam,valium,thirst,wain_noten
alprazolam,ambien,thirst,aven
alprazolam,prozac,thirst,panic_attack
alprazolam,vicodin,thirst,ftwd
alprazolam,percocet,thirst,dentist_prescribes
alprazolam,promethazine,thirst,case_strawberry_fanta
alprazolam,tramadol,thirst,carriage
alprazolam,xanax,urticaria,transbay
alprazolam,morphine,urticaria,deal
alprazolam,valium,urticaria,huckleberry
alprazolam,ambien,urticaria,implication
alprazolam,prozac,urticaria,catet
alprazolam,vicodin,urticaria,mummy_mama
alprazolam,percocet,urticaria,dentist_prescribes
alprazolam,promethazine,urticaria,talkers
alprazolam,tramadol,urticaria,habiskan
alprazolam,xanax,stupor,seizurefree
alprazolam,morphine,stupor,pinned
alprazolam,valium,stupor,manticore
alprazolam,ambien,stupor,soak_epsom_salt
alprazolam,prozac,stupor,manticore
alprazolam,vicodin,stupor,blotter
alprazolam,percocet,stupor,bronte
alprazolam,promethazine,stupor,freckles_suffer_skitzo_causes
alprazolam,tramadol,stupor,manticore
alprazolam,xanax,apathy,cold_towel
alprazolam,morphine,apathy,ucking
alprazolam,valium,apathy,colleen
alprazolam,ambien,apathy,coach
alprazolam,prozac,apathy,crocodile
alprazolam,vicodin,apathy,buyout
alprazolam,percocet,apathy,mantis
alprazolam,promethazine,apathy,case_strawberry_fanta
alprazolam,tramadol,apathy,analgesic_appears_effective_prematureejaculation
alprazolam,xanax,mood_swings,seizurefree
alprazolam,morphine,mood_swings,badactionmoviesequels
alprazolam,valium,mood_swings,cohn
alprazolam,ambien,mood_swings,risk_complications
alprazolam,prozac,mood_swings,squires
alprazolam,vicodin,mood_swings,limbs_paxil
alprazolam,percocet,mood_swings,redeemable
alprazolam,promethazine,mood_swings,domore
alprazolam,tramadol,mood_swings,145mg
alprazolam,xanax,photophobia,metoprolol_succinate
alprazolam,morphine,photophobia,badactionmoviesequels
alprazolam,valium,photophobia,basketball_teams
alprazolam,ambien,photophobia,freddie
alprazolam,prozac,photophobia,breath_probably_kleptomania
alprazolam,vicodin,photophobia,epidemics
alprazolam,percocet,photophobia,durella_whereudey_durella_whereudey
alprazolam,promethazine,photophobia,nurx
alprazolam,tramadol,photophobia,freddie
alprazolam,xanax,hangover,macho
alprazolam,morphine,hangover,case_strawberry_fanta
alprazolam,valium,hangover,trove
alprazolam,ambien,hangover,trove
alprazolam,prozac,hangover,trove
alprazolam,vicodin,hangover,fear
alprazolam,percocet,hangover,musicologo
alprazolam,promethazine,hangover,case_strawberry_fanta
alprazolam,tramadol,hangover,mannequin
alprazolam,xanax,chest_tightness,cold_towel
alprazolam,morphine,chest_tightness,cialis_inflate_ball
alprazolam,valium,chest_tightness,basketball_teams
alprazolam,ambien,chest_tightness,conservative
alprazolam,prozac,chest_tightness,beer_chips_spill
alprazolam,vicodin,chest_tightness,theapprentice
alprazolam,percocet,chest_tightness,sprite_jolly_ranchers
alprazolam,promethazine,chest_tightness,domore
alprazolam,tramadol,chest_tightness,dabb
alprazolam,xanax,clumsiness,chemically_dependent
alprazolam,morphine,clumsiness,thirsty_suds
alprazolam,valium,clumsiness,chemically_dependent
alprazolam,ambien,clumsiness,canadian
alprazolam,prozac,clumsiness,boulevard
alprazolam,vicodin,clumsiness,boulevard
alprazolam,percocet,clumsiness,chemically_dependent
alprazolam,promethazine,clumsiness,ruthwilson93
alprazolam,tramadol,clumsiness,boulevard
alprazolam,xanax,suicidal_ideation,senang
alprazolam,morphine,suicidal_ideation,pioneer_noten
alprazolam,valium,suicidal_ideation,travis_scott
alprazolam,ambien,suicidal_ideation,pioneer_noten
alprazolam,prozac,suicidal_ideation,marlowe
alprazolam,vicodin,suicidal_ideation,pioneer_noten
alprazolam,percocet,suicidal_ideation,pioneer_noten
alprazolam,promethazine,suicidal_ideation,tuff
alprazolam,tramadol,suicidal_ideation,pioneer_noten
alprazolam,xanax,homicidal_ideation,reunion_rhoc
alprazolam,morphine,homicidal_ideation,anywhere
alprazolam,valium,homicidal_ideation,chemically_dependent
alprazolam,ambien,homicidal_ideation,anywhere
alprazolam,prozac,homicidal_ideation,anywhere
alprazolam,vicodin,homicidal_ideation,anywhere
alprazolam,percocet,homicidal_ideation,stones
alprazolam,promethazine,homicidal_ideation,authoritative
alprazolam,tramadol,homicidal_ideation,dulling
alprazolam,xanax,sluggishness,repub
alprazolam,morphine,sluggishness,narcolepsy_causes_immediate_death
alprazolam,valium,sluggishness,basketball_teams
alprazolam,ambien,sluggishness,risk_complications
alprazolam,prozac,sluggishness,challs
alprazolam,vicodin,sluggishness,spews
alprazolam,percocet,sluggishness,gags
alprazolam,promethazine,sluggishness,programmer
alprazolam,tramadol,sluggishness,herone
alprazolam,xanax,angioedema,ktovs
alprazolam,morphine,angioedema,justlistened
alprazolam,valium,angioedema,basketball_teams
alprazolam,ambien,angioedema,ktovs
alprazolam,prozac,angioedema,challs
alprazolam,vicodin,angioedema,2301
alprazolam,percocet,angioedema,widen
alprazolam,promethazine,angioedema,domore
alprazolam,tramadol,angioedema,originally_dublin_live_edinburgh
alprazolam,xanax,hepatitis,onrpe_follow_realplayer_fanbase
alprazolam,morphine,hepatitis,cialis_inflate_ball
alprazolam,valium,hepatitis,dassit
alprazolam,ambien,hepatitis,ktovs
alprazolam,prozac,hepatitis,lethe
alprazolam,vicodin,hepatitis,5mgs
alprazolam,percocet,hepatitis,musicologo
alprazolam,promethazine,hepatitis,ruthwilson93
alprazolam,tramadol,hepatitis,singer_prince_painkiller
alprazolam,xanax,jaundice,onrpe_follow_realplayer_fanbase
alprazolam,morphine,jaundice,tuff
alprazolam,valium,jaundice,galeotti
alprazolam,ambien,jaundice,hearthealth
alprazolam,prozac,jaundice,campaign_slogan
alprazolam,vicodin,jaundice,onrpe_follow_realplayer_fanbase
alprazolam,percocet,jaundice,guido
alprazolam,promethazine,jaundice,case_strawberry_fanta
alprazolam,tramadol,jaundice,roofie
alprazolam,xanax,hypomania,seizurefree
alprazolam,morphine,hypomania,recommends
alprazolam,valium,hypomania,trove
alprazolam,ambien,hypomania,canadian
alprazolam,prozac,hypomania,high_tech
alprazolam,vicodin,hypomania,poisons
alprazolam,percocet,hypomania,musicologo
alprazolam,promethazine,hypomania,case_strawberry_fanta
alprazolam,tramadol,hypomania,intramuscular
alprazolam,xanax,mania,metoprolol_succinate
alprazolam,morphine,mania,instills
alprazolam,valium,mania,galeotti
alprazolam,ambien,mania,chennaifloods_bound_recur
alprazolam,prozac,mania,escape
alprazolam,vicodin,mania,violently
alprazolam,percocet,mania,cloud9
alprazolam,promethazine,mania,cortana
alprazolam,tramadol,mania,herone
alprazolam,xanax,diplopia,futures
alprazolam,morphine,diplopia,literal
alprazolam,valium,diplopia,basketball_teams
alprazolam,ambien,diplopia,arctic
alprazolam,prozac,diplopia,lemaire
alprazolam,vicodin,diplopia,futures
alprazolam,percocet,diplopia,preeclampsia
alprazolam,promethazine,diplopia,forces
alprazolam,tramadol,diplopia,ground
alprazolam,xanax,hostility,metoprolol_succinate
alprazolam,morphine,hostility,badactionmoviesequels
alprazolam,valium,hostility,basketball_teams
alprazolam,ambien,hostility,habitual
alprazolam,prozac,hostility,settle
alprazolam,vicodin,hostility,limbs_paxil
alprazolam,percocet,hostility,ning
alprazolam,promethazine,hostility,importante
alprazolam,tramadol,hostility,composition_statements
alprazolam,xanax,withdrawal_syndrome,customary
alprazolam,morphine,withdrawal_syndrome,badactionmoviesequels
alprazolam,valium,withdrawal_syndrome,trove
alprazolam,ambien,withdrawal_syndrome,customary
alprazolam,prozac,withdrawal_syndrome,trove
alprazolam,vicodin,withdrawal_syndrome,drunkness
alprazolam,percocet,withdrawal_syndrome,dentist_prescribes
alprazolam,promethazine,withdrawal_syndrome,reminiscent
alprazolam,tramadol,withdrawal_syndrome,dabb
alprazolam,xanax,suicide,possivle
alprazolam,morphine,suicide,thunk
alprazolam,valium,suicide,dealers_reply
alprazolam,ambien,suicide,circled
alprazolam,prozac,suicide,hospitalised
alprazolam,vicodin,suicide,hospitalised
alprazolam,percocet,suicide,teasertuesday
alprazolam,promethazine,suicide,nurx
alprazolam,tramadol,suicide,intramuscular
alprazolam,xanax,urinary_retention,looted
alprazolam,morphine,urinary_retention,badactionmoviesequels
alprazolam,valium,urinary_retention,nauseates
alprazolam,ambien,urinary_retention,operative
alprazolam,prozac,urinary_retention,spitta
alprazolam,vicodin,urinary_retention,spitta
alprazolam,percocet,urinary_retention,preeclampsia
alprazolam,promethazine,urinary_retention,nexium_esomeprazole_magnesium
alprazolam,tramadol,urinary_retention,feat_kevin_gates
alprazolam,xanax,slurred_speech,rambles
alprazolam,morphine,slurred_speech,pepto_bismol
alprazolam,valium,slurred_speech,byui
alprazolam,ambien,slurred_speech,hearthealth
alprazolam,prozac,slurred_speech,hosted_move
alprazolam,vicodin,slurred_speech,loveislove
alprazolam,percocet,slurred_speech,gallup
alprazolam,promethazine,slurred_speech,authoritative
alprazolam,tramadol,slurred_speech,cialis_counter_tuscola
alprazolam,xanax,substance_abuse,trending_story
alprazolam,morphine,substance_abuse,class_cancelled
alprazolam,valium,substance_abuse,alphabet_soup
alprazolam,ambien,substance_abuse,feelinggreat
alprazolam,prozac,substance_abuse,trending_story
alprazolam,vicodin,substance_abuse,toasties
alprazolam,percocet,substance_abuse,safe_spaces
alprazolam,promethazine,substance_abuse,victoria_secrets
alprazolam,tramadol,substance_abuse,port_harcourt
