diazepam,xanax,somnolence,woodwork
diazepam,morphine,somnolence,suboxone_wrapper
diazepam,valium,somnolence,cream_cone
diazepam,ambien,somnolence,handle_pressure_jack
diazepam,prozac,somnolence,oxytetracycline
diazepam,vicodin,somnolence,catheter
diazepam,percocet,somnolence,smashingpumpkins
diazepam,promethazine,somnolence,barleywine
diazepam,tramadol,somnolence,chicken_chop
diazepam,xanax,ataxia,bungalow
diazepam,morphine,ataxia,deserving
diazepam,valium,ataxia,cream_cone
diazepam,ambien,ataxia,realty
diazepam,prozac,ataxia,realty
diazepam,vicodin,ataxia,bactrim_often
diazepam,percocet,ataxia,curtains_windows_wheels_looks
diazepam,promethazine,ataxia,rooming
diazepam,tramadol,ataxia,bactrim_often
diazepam,xanax,hiccups,crab_legs
diazepam,morphine,hiccups,lawsuit_filed
diazepam,valium,hiccups,senzu_bean
diazepam,ambien,hiccups,milieu
diazepam,prozac,hiccups,milieu
diazepam,vicodin,hiccups,relieving_allergy
diazepam,percocet,hiccups,major_lazer
diazepam,promethazine,hiccups,nurx
diazepam,tramadol,hiccups,lightning
diazepam,xanax,vertigo,wirral
diazepam,morphine,vertigo,parachuted
diazepam,valium,vertigo,western_australia
diazepam,ambien,vertigo,handle_pressure_jack
diazepam,prozac,vertigo,securities
diazepam,vicodin,vertigo,dontcha
diazepam,percocet,vertigo,lightning_strike
diazepam,promethazine,vertigo,hairstylist
diazepam,tramadol,vertigo,seventeen
diazepam,xanax,fracture,voltron
diazepam,morphine,fracture,vlogs
diazepam,valium,fracture,cream_cone
diazepam,ambien,fracture,sophistication
diazepam,prozac,fracture,scomillio
diazepam,vicodin,fracture,labrador
diazepam,percocet,fracture,natty_light
diazepam,promethazine,fracture,tegretol_carbamazepine
diazepam,tramadol,fracture,natty_light
diazepam,xanax,abdominal_pain,mitazapine
diazepam,morphine,abdominal_pain,suboxone_wrapper
diazepam,valium,abdominal_pain,puff_puff_pass
diazepam,ambien,abdominal_pain,parasitic
diazepam,prozac,abdominal_pain,financed
diazepam,vicodin,abdominal_pain,necessities
diazepam,percocet,abdominal_pain,thatsaboutasusefulas
diazepam,promethazine,abdominal_pain,atrial_fibrillation_anticoagulants_prevent
diazepam,tramadol,abdominal_pain,chloride_tablets_glenmark
diazepam,xanax,acidosis,onrpe_follow_realplayer_fanbase
diazepam,morphine,acidosis,mamlamboo
diazepam,valium,acidosis,salvage
diazepam,ambien,acidosis,handle_pressure_jack
diazepam,prozac,acidosis,microsoft
diazepam,vicodin,acidosis,multivitamin
diazepam,percocet,acidosis,wdym
diazepam,promethazine,acidosis,gobuffs
diazepam,tramadol,acidosis,chicken_chop
diazepam,xanax,aggression,kitchen_counter
diazepam,morphine,aggression,suboxone_wrapper
diazepam,valium,aggression,pior
diazepam,ambien,aggression,handle_pressure_jack
diazepam,prozac,aggression,securities
diazepam,vicodin,aggression,counterproductive
diazepam,percocet,aggression,explosion
diazepam,promethazine,aggression,bacon_cheese
diazepam,tramadol,aggression,chicken_chop
diazepam,xanax,agranulocytosis,added
diazepam,morphine,agranulocytosis,tamron
diazepam,valium,agranulocytosis,evilness
diazepam,ambien,agranulocytosis,puta
diazepam,prozac,agranulocytosis,scomillio
diazepam,vicodin,agranulocytosis,egan
diazepam,percocet,agranulocytosis,explosion
diazepam,promethazine,agranulocytosis,yards
diazepam,tramadol,agranulocytosis,times_effective_valium
diazepam,xanax,amnesia,contestants
diazepam,morphine,amnesia,camphor
diazepam,valium,amnesia,cream_cone
diazepam,ambien,amnesia,road_burbs
diazepam,prozac,amnesia,scomillio
diazepam,vicodin,amnesia,flashes_probably_toxic_shock
diazepam,percocet,amnesia,impressed
diazepam,promethazine,amnesia,tecan
diazepam,tramadol,amnesia,chicken_chop
diazepam,xanax,anaphylactic_shock,flurry
diazepam,morphine,anaphylactic_shock,raccoon
diazepam,valium,anaphylactic_shock,cream_cone
diazepam,ambien,anaphylactic_shock,handle_pressure_jack
diazepam,prozac,anaphylactic_shock,wishin
diazepam,vicodin,anaphylactic_shock,adhere
diazepam,percocet,anaphylactic_shock,rebekah
diazepam,promethazine,anaphylactic_shock,atrial_fibrillation_anticoagulants_prevent
diazepam,tramadol,anaphylactic_shock,wishin
diazepam,xanax,anaemia,descriptive
diazepam,morphine,anaemia,hillary2016
diazepam,valium,anaemia,sydneys
diazepam,ambien,anaemia,moon_stars
diazepam,prozac,anaemia,securities
diazepam,vicodin,anaemia,catheter
diazepam,percocet,anaemia,explosion
diazepam,promethazine,anaemia,gobuffs
diazepam,tramadol,anaemia,across_campus
diazepam,xanax,anger,fakecollegefacts
diazepam,morphine,anger,mcgee
diazepam,valium,anger,sewamobiljogja
diazepam,ambien,anger,secures
diazepam,prozac,anger,scomillio
diazepam,vicodin,anger,calvin_harris_featuring_ellie
diazepam,percocet,anger,texan
diazepam,promethazine,anger,justt
diazepam,tramadol,anger,elasticity
diazepam,xanax,anorexia,chicken_chop
diazepam,morphine,anorexia,cannabinoids
diazepam,valium,anorexia,puff_puff_pass
diazepam,ambien,anorexia,8ams
diazepam,prozac,anorexia,vivitrol
diazepam,vicodin,anorexia,jammin_shit
diazepam,percocet,anorexia,pepagi
diazepam,promethazine,anorexia,lewis
diazepam,tramadol,anorexia,chicken_chop
diazepam,xanax,arrhythmia,nhlbruins
diazepam,morphine,arrhythmia,takeing
diazepam,valium,arrhythmia,cream_cone
diazepam,ambien,arrhythmia,chesty
diazepam,prozac,arrhythmia,rediscovered
diazepam,vicodin,arrhythmia,counterproductive
diazepam,percocet,arrhythmia,slight
diazepam,promethazine,arrhythmia,tina
diazepam,tramadol,arrhythmia,chicken_chop
diazepam,xanax,asthma,intubate
diazepam,morphine,asthma,hillary2016
diazepam,valium,asthma,flonase_nasal_spray
diazepam,ambien,asthma,senpai
diazepam,prozac,asthma,sambal_goreng
diazepam,vicodin,asthma,lenses
diazepam,percocet,asthma,cadmium
diazepam,promethazine,asthma,ohara
diazepam,tramadol,asthma,intubate
diazepam,xanax,mental_disorder,killing_worst_marine
diazepam,morphine,mental_disorder,xanaxx
diazepam,valium,mental_disorder,cream_cone
diazepam,ambien,mental_disorder,road_burbs
diazepam,prozac,mental_disorder,scomillio
diazepam,vicodin,mental_disorder,allah_ease_everything
diazepam,percocet,mental_disorder,scarlet_heart
diazepam,promethazine,mental_disorder,atrial_fibrillation_anticoagulants_prevent
diazepam,tramadol,mental_disorder,2nite
diazepam,xanax,infection,diedrich
diazepam,morphine,infection,dailyshow
diazepam,valium,infection,hanson
diazepam,ambien,infection,hanson
diazepam,prozac,infection,oxytetracycline
diazepam,vicodin,infection,emtec
diazepam,percocet,infection,1986
diazepam,promethazine,infection,ohara
diazepam,tramadol,infection,hanson
diazepam,xanax,conjunctivitis,topictal
diazepam,morphine,conjunctivitis,unlucky
diazepam,valium,conjunctivitis,cream_cone
diazepam,ambien,conjunctivitis,moon_stars
diazepam,prozac,conjunctivitis,evilness
diazepam,vicodin,conjunctivitis,relieving_allergy
diazepam,percocet,conjunctivitis,cristiano_ronaldo
diazepam,promethazine,conjunctivitis,atrial_fibrillation_anticoagulants_prevent
diazepam,tramadol,conjunctivitis,mindfucked
diazepam,xanax,constipation,mamlamboo
diazepam,morphine,constipation,mamlamboo
diazepam,valium,constipation,mamlamboo
diazepam,ambien,constipation,valium_inside_palm
diazepam,prozac,constipation,mamlamboo
diazepam,vicodin,constipation,mamlamboo
diazepam,percocet,constipation,mamlamboo
diazepam,promethazine,constipation,bacon_cheese
diazepam,tramadol,constipation,mamlamboo
diazepam,xanax,cough,slumbers
diazepam,morphine,cough,prosecuted
diazepam,valium,cough,loritabs_valiums
diazepam,ambien,cough,resist
diazepam,prozac,cough,resist
diazepam,vicodin,cough,phantom_limbs
diazepam,percocet,cough,resist
diazepam,promethazine,cough,ohara
diazepam,tramadol,cough,mohyo
diazepam,xanax,dysphagia,jadine
diazepam,morphine,dysphagia,suboxone_wrapper
diazepam,valium,dysphagia,cream_cone
diazepam,ambien,dysphagia,road_burbs
diazepam,prozac,dysphagia,road_burbs
diazepam,vicodin,dysphagia,pofv_gamersunite
diazepam,percocet,dysphagia,smith9
diazepam,promethazine,dysphagia,atrial_fibrillation_anticoagulants_prevent
diazepam,tramadol,dysphagia,regard_hosted_demarche
diazepam,xanax,dehydration,blocked
diazepam,morphine,dehydration,actuallyautistic
diazepam,valium,dehydration,evil_aunt_notices
diazepam,ambien,dehydration,parasitic
diazepam,prozac,dehydration,victorialive
diazepam,vicodin,dehydration,llj143
diazepam,percocet,dehydration,rebif_rebidose
diazepam,promethazine,dehydration,atrial_fibrillation_anticoagulants_prevent
diazepam,tramadol,dehydration,chicken_chop
diazepam,xanax,delusion,added
diazepam,morphine,delusion,wanna
diazepam,valium,delusion,evilness
diazepam,ambien,delusion,moon_stars
diazepam,prozac,delusion,scomillio
diazepam,vicodin,delusion,mitazapine
diazepam,percocet,delusion,shorter
diazepam,promethazine,delusion,ohara
diazepam,tramadol,delusion,tension
diazepam,xanax,depersonalisation,rewording
diazepam,morphine,depersonalisation,mcgee
diazepam,valium,depersonalisation,columbian
diazepam,ambien,depersonalisation,parasitic
diazepam,prozac,depersonalisation,oxytetracycline
diazepam,vicodin,depersonalisation,saline_nasal
diazepam,percocet,depersonalisation,saline_nasal
diazepam,promethazine,depersonalisation,marble
diazepam,tramadol,depersonalisation,negligible
diazepam,xanax,depression,flonase_nasal_spray
diazepam,morphine,depression,hawthorne
diazepam,valium,depression,flonase_nasal_spray
diazepam,ambien,depression,chesty
diazepam,prozac,depression,capacitors_capacitance
diazepam,vicodin,depression,trains
diazepam,percocet,depression,robin
diazepam,promethazine,depression,ohara
diazepam,tramadol,depression,hour
diazepam,xanax,diarrhoea,monthly_rate
diazepam,morphine,diarrhoea,suboxone_wrapper
diazepam,valium,diarrhoea,cream_cone
diazepam,ambien,diarrhoea,parasitic
diazepam,prozac,diarrhoea,capacitors_capacitance
diazepam,vicodin,diarrhoea,hemodynamic
diazepam,percocet,diarrhoea,peaked
diazepam,promethazine,diarrhoea,18th_birthday
diazepam,tramadol,diarrhoea,negligible
diazepam,xanax,diplopia,benedict
diazepam,morphine,diplopia,mamlamboo
diazepam,valium,diplopia,puff_puff_pass
diazepam,ambien,diplopia,basketofdeplorables
diazepam,prozac,diplopia,pulp
diazepam,vicodin,diplopia,blanche
diazepam,percocet,diplopia,pepagi
diazepam,promethazine,diplopia,pulp
diazepam,tramadol,diplopia,worcester
diazepam,xanax,dizziness,07am
diazepam,morphine,dizziness,suboxone_wrapper
diazepam,valium,dizziness,07am
diazepam,ambien,dizziness,07am
diazepam,prozac,dizziness,hurm
diazepam,vicodin,dizziness,07am
diazepam,percocet,dizziness,suicidalthoughts
diazepam,promethazine,dizziness,gitelman
diazepam,tramadol,dizziness,seventeen
diazepam,xanax,drowsiness,dontcha
diazepam,morphine,drowsiness,trap_music
diazepam,valium,drowsiness,evilness
diazepam,ambien,drowsiness,misbehaved
diazepam,prozac,drowsiness,salsalate
diazepam,vicodin,drowsiness,dontcha
diazepam,percocet,drowsiness,cristiano_ronaldo
diazepam,promethazine,drowsiness,forged
diazepam,tramadol,drowsiness,darrin
diazepam,xanax,dysarthria,dosulepin
diazepam,morphine,dysarthria,suboxone_wrapper
diazepam,valium,dysarthria,cream_cone
diazepam,ambien,dysarthria,rook
diazepam,prozac,dysarthria,scomillio
diazepam,vicodin,dysarthria,lenses
diazepam,percocet,dysarthria,slight
diazepam,promethazine,dysarthria,depakene
diazepam,tramadol,dysarthria,outdated
diazepam,xanax,dyspepsia,kitchen_counter
diazepam,morphine,dyspepsia,suboxone_wrapper
diazepam,valium,dyspepsia,cream_cone
diazepam,ambien,dyspepsia,parasitic
diazepam,prozac,dyspepsia,metric
diazepam,vicodin,dyspepsia,relieving_allergy
diazepam,percocet,dyspepsia,voterodgerskirwasoma
diazepam,promethazine,dyspepsia,atrial_fibrillation_anticoagulants_prevent
diazepam,tramadol,dyspepsia,missyou
diazepam,xanax,rash,dontcha
diazepam,morphine,rash,cleanout
diazepam,valium,rash,nanoha
diazepam,ambien,rash,dontcha
diazepam,prozac,rash,valium_inside_palm
diazepam,vicodin,rash,dontcha
diazepam,percocet,rash,scoreboard
diazepam,promethazine,rash,barleywine
diazepam,tramadol,rash,dontcha
diazepam,xanax,fatigue,topictal
diazepam,morphine,fatigue,mansfield
diazepam,valium,fatigue,losses
diazepam,ambien,fatigue,parasitic
diazepam,prozac,fatigue,microsoft
diazepam,vicodin,fatigue,losses
diazepam,percocet,fatigue,salam
diazepam,promethazine,fatigue,losses
diazepam,tramadol,fatigue,award
diazepam,xanax,hallucination,chuckles
diazepam,morphine,hallucination,suboxone_wrapper
diazepam,valium,hallucination,chuckles
diazepam,ambien,hallucination,parasitic
diazepam,prozac,hallucination,microsoft
diazepam,vicodin,hallucination,justy
diazepam,percocet,hallucination,graduate_college
diazepam,promethazine,hallucination,stuck_throat
diazepam,tramadol,hallucination,vatican
diazepam,xanax,headache,escaped
diazepam,morphine,headache,supposed
diazepam,valium,headache,avana
diazepam,ambien,headache,saved_bell
diazepam,prozac,headache,oxytetracycline
diazepam,vicodin,headache,latoya_jackson
diazepam,percocet,headache,cadmium
diazepam,promethazine,headache,julies
diazepam,tramadol,headache,intubate
diazepam,xanax,cardiac_arrest,hollaa
diazepam,morphine,cardiac_arrest,trap_music
diazepam,valium,cardiac_arrest,cream_cone
diazepam,ambien,cardiac_arrest,chesty
diazepam,prozac,cardiac_arrest,aint_neva
diazepam,vicodin,cardiac_arrest,hausa
diazepam,percocet,cardiac_arrest,major_lazer
diazepam,promethazine,cardiac_arrest,major_lazer
diazepam,tramadol,cardiac_arrest,seventeen
diazepam,xanax,hostility,great_british_bake_available
diazepam,morphine,hostility,suboxone_wrapper
diazepam,valium,hostility,great_british_bake_available
diazepam,ambien,hostility,great_british_bake_available
diazepam,prozac,hostility,great_british_bake_available
diazepam,vicodin,hostility,great_british_bake_available
diazepam,percocet,hostility,great_british_bake_available
diazepam,promethazine,hostility,great_british_bake_available
diazepam,tramadol,hostility,medical_terminology
diazepam,xanax,hypersensitivity,unbelievably
diazepam,morphine,hypersensitivity,mcgee
diazepam,valium,hypersensitivity,flonase_nasal_spray
diazepam,ambien,hypersensitivity,nose_bleed
diazepam,prozac,hypersensitivity,helpfully
diazepam,vicodin,hypersensitivity,jiujitsu
diazepam,percocet,hypersensitivity,bars_boarded_plane
diazepam,promethazine,hypersensitivity,jiujitsu
diazepam,tramadol,hypersensitivity,imold
diazepam,xanax,hyperventilation,lemon_cake
diazepam,morphine,hyperventilation,suboxone_wrapper
diazepam,valium,hyperventilation,explosive_temper_probably_premature
diazepam,ambien,hyperventilation,explosive_temper_probably_premature
diazepam,prozac,hyperventilation,microeconomics
diazepam,vicodin,hyperventilation,dontcha
diazepam,percocet,hyperventilation,peels
diazepam,promethazine,hyperventilation,prostitute
diazepam,tramadol,hyperventilation,bleeping
diazepam,xanax,hypotension,dontcha
diazepam,morphine,hypotension,famotidine
diazepam,valium,hypotension,storms
diazepam,ambien,hypotension,dontcha
diazepam,prozac,hypotension,securities
diazepam,vicodin,hypotension,dontcha
diazepam,percocet,hypotension,rocked
diazepam,promethazine,hypotension,bagels
diazepam,tramadol,hypotension,titrating
diazepam,xanax,orthostatic_hypotension,goes_away_cognizance
diazepam,morphine,orthostatic_hypotension,ejaculations_causes_closing_throat
diazepam,valium,orthostatic_hypotension,chuckles
diazepam,ambien,orthostatic_hypotension,bodily
diazepam,prozac,orthostatic_hypotension,scomillio
diazepam,vicodin,orthostatic_hypotension,relieving_allergy
diazepam,percocet,orthostatic_hypotension,understated
diazepam,promethazine,orthostatic_hypotension,bodily
diazepam,tramadol,orthostatic_hypotension,levitra_20mg
diazepam,xanax,incontinence,topictal
diazepam,morphine,incontinence,suboxone_wrapper
diazepam,valium,incontinence,cream_cone
diazepam,ambien,incontinence,parish_mission_partners
diazepam,prozac,incontinence,guests
diazepam,vicodin,incontinence,teevee
diazepam,percocet,incontinence,explosion
diazepam,promethazine,incontinence,atrial_fibrillation_anticoagulants_prevent
diazepam,tramadol,incontinence,mcgee
diazepam,xanax,jaundice,active_ingredient_tadalafil_testimonials
diazepam,morphine,jaundice,mcgee
diazepam,valium,jaundice,cream_cone
diazepam,ambien,jaundice,handle_pressure_jack
diazepam,prozac,jaundice,mijo
diazepam,vicodin,jaundice,rav4
diazepam,percocet,jaundice,explosion
diazepam,promethazine,jaundice,getwellbanks
diazepam,tramadol,jaundice,amlodipine_calcium_channel_blocker
diazepam,xanax,lethargy,resolve
diazepam,morphine,lethargy,constant_monitoring
diazepam,valium,lethargy,jelly
diazepam,ambien,lethargy,spatial
diazepam,prozac,lethargy,intrigued
diazepam,vicodin,lethargy,limousine_yeah
diazepam,percocet,lethargy,yaall
diazepam,promethazine,lethargy,agonist
diazepam,tramadol,lethargy,gets_tentative_approval
diazepam,xanax,leukopenia,hollaa
diazepam,morphine,leukopenia,mamlamboo
diazepam,valium,leukopenia,fancy_dress
diazepam,ambien,leukopenia,handle_pressure_jack
diazepam,prozac,leukopenia,orlistat
diazepam,vicodin,leukopenia,orlistat
diazepam,percocet,leukopenia,inabottle
diazepam,promethazine,leukopenia,handle_pressure_jack
diazepam,tramadol,leukopenia,conduit
diazepam,xanax,myocardial_infarction,intensifies
diazepam,morphine,myocardial_infarction,sweeten
diazepam,valium,myocardial_infarction,redevelopment
diazepam,ambien,myocardial_infarction,movt
diazepam,prozac,myocardial_infarction,oxytetracycline
diazepam,vicodin,myocardial_infarction,rav4
diazepam,percocet,myocardial_infarction,form_currency
diazepam,promethazine,myocardial_infarction,lawsuits_xarelto
diazepam,tramadol,myocardial_infarction,ponte
diazepam,xanax,nausea,horseback
diazepam,morphine,nausea,mamlamboo
diazepam,valium,nausea,cream_cone
diazepam,ambien,nausea,lost_credibility
diazepam,prozac,nausea,gets_tentative_approval
diazepam,vicodin,nausea,relieving_allergy
diazepam,percocet,nausea,made
diazepam,promethazine,nausea,shanty
diazepam,tramadol,nausea,gets_tentative_approval
diazepam,xanax,nervousness,ripcity
diazepam,morphine,nervousness,patent_expired_2011
diazepam,valium,nervousness,pero
diazepam,ambien,nervousness,secures
diazepam,prozac,nervousness,scomillio
diazepam,vicodin,nervousness,turmeric
diazepam,percocet,nervousness,alternative_biotech_drug
diazepam,promethazine,nervousness,atlas
diazepam,tramadol,nervousness,restriction
diazepam,xanax,neutropenia,dontcha
diazepam,morphine,neutropenia,vyvance
diazepam,valium,neutropenia,jelly
diazepam,ambien,neutropenia,goodish
diazepam,prozac,neutropenia,moss
diazepam,vicodin,neutropenia,dontcha
diazepam,percocet,neutropenia,uberti
diazepam,promethazine,neutropenia,atrial_fibrillation_anticoagulants_prevent
diazepam,tramadol,neutropenia,chicken_chop
diazepam,xanax,nightmare,chuckles
diazepam,morphine,nightmare,suboxone_wrapper
diazepam,valium,nightmare,chuckles
diazepam,ambien,nightmare,cello
diazepam,prozac,nightmare,chuckles
diazepam,vicodin,nightmare,chuckles
diazepam,percocet,nightmare,explosion
diazepam,promethazine,nightmare,atrial_fibrillation_anticoagulants_prevent
diazepam,tramadol,nightmare,chuckles
diazepam,xanax,numbness,ripcity
diazepam,morphine,numbness,sesame_street
diazepam,valium,numbness,cream_cone
diazepam,ambien,numbness,moda
diazepam,prozac,numbness,nature_throid
diazepam,vicodin,numbness,price_hikes
diazepam,percocet,numbness,metaboliser
diazepam,promethazine,numbness,atrial_fibrillation_anticoagulants_prevent
diazepam,tramadol,numbness,molten
diazepam,xanax,nystagmus,workforce
diazepam,morphine,nystagmus,mathematical
diazepam,valium,nystagmus,evilness
diazepam,ambien,nystagmus,puta
diazepam,prozac,nystagmus,suck_dicks
diazepam,vicodin,nystagmus,degree_burn
diazepam,percocet,nystagmus,topirimate_topamax
diazepam,promethazine,nystagmus,banned_events
diazepam,tramadol,nystagmus,suck_dicks
diazepam,xanax,pain,facial_tics
diazepam,morphine,pain,suboxone_wrapper
diazepam,valium,pain,sydneys
diazepam,ambien,pain,road_burbs
diazepam,prozac,pain,horus
diazepam,vicodin,pain,sipped
diazepam,percocet,pain,explosion
diazepam,promethazine,pain,atrial_fibrillation_anticoagulants_prevent
diazepam,tramadol,pain,lyrica_garret_named
diazepam,xanax,palpitations,needs_large_mocha
diazepam,morphine,palpitations,famotidine
diazepam,valium,palpitations,redevelopment
diazepam,ambien,palpitations,realty
diazepam,prozac,palpitations,realty
diazepam,vicodin,palpitations,flashes_probably_toxic_shock
diazepam,percocet,palpitations,john_pemberton
diazepam,promethazine,palpitations,john_pemberton
diazepam,tramadol,palpitations,kornfeld
diazepam,xanax,phlebitis,mitazapine
diazepam,morphine,phlebitis,broke_wrist
diazepam,valium,phlebitis,cream_cone
diazepam,ambien,phlebitis,realty
diazepam,prozac,phlebitis,scomillio
diazepam,vicodin,phlebitis,bishop_henry_orombi_uganda
diazepam,percocet,phlebitis,cadmium
diazepam,promethazine,phlebitis,xanan
diazepam,tramadol,phlebitis,blunts
diazepam,xanax,pneumonia,bungalow
diazepam,morphine,pneumonia,mcgee
diazepam,valium,pneumonia,cream_cone
diazepam,ambien,pneumonia,parasitic
diazepam,prozac,pneumonia,tove_nowplaying_pelhams_park
diazepam,vicodin,pneumonia,lenses
diazepam,percocet,pneumonia,barbarian
diazepam,promethazine,pneumonia,cholestrol
diazepam,tramadol,pneumonia,2nite
diazepam,xanax,pruritus,mane
diazepam,morphine,pruritus,laughed
diazepam,valium,pruritus,berocca
diazepam,ambien,pruritus,notably
diazepam,prozac,pruritus,kevin_salem
diazepam,vicodin,pruritus,beta_blockers_usmle
diazepam,percocet,pruritus,laughed
diazepam,promethazine,pruritus,atrial_fibrillation_anticoagulants_prevent
diazepam,tramadol,pruritus,berocca
diazepam,xanax,rage,moll
diazepam,morphine,rage,konold
diazepam,valium,rage,dendrite_branches
diazepam,ambien,rage,razer
diazepam,prozac,rage,jessica_lange_prozac_nation
diazepam,vicodin,rage,baricitinib
diazepam,percocet,rage,salam
diazepam,promethazine,rage,bacon_cheese
diazepam,tramadol,rage,intrathecal_methotrexate
diazepam,xanax,renal_failure,linton
diazepam,morphine,renal_failure,apracur
diazepam,valium,renal_failure,mnth
diazepam,ambien,renal_failure,chesty
diazepam,prozac,renal_failure,induced
diazepam,vicodin,renal_failure,jumpin
diazepam,percocet,renal_failure,kaya
diazepam,promethazine,renal_failure,atrial_fibrillation_anticoagulants_prevent
diazepam,tramadol,renal_failure,ryghts
diazepam,xanax,rhinitis,valium_inside_palm
diazepam,morphine,rhinitis,suboxone_wrapper
diazepam,valium,rhinitis,columbian
diazepam,ambien,rhinitis,valium_inside_palm
diazepam,prozac,rhinitis,pulp
diazepam,vicodin,rhinitis,lenses
diazepam,percocet,rhinitis,yaall
diazepam,promethazine,rhinitis,pulp
diazepam,tramadol,rhinitis,findings
diazepam,xanax,shock,xanz_head_clouds
diazepam,morphine,shock,mcgee
diazepam,valium,shock,sydneys
diazepam,ambien,shock,handle_pressure_jack
diazepam,prozac,shock,suzuki
diazepam,vicodin,shock,relieving_allergy
diazepam,percocet,shock,understated
diazepam,promethazine,shock,atrial_fibrillation_anticoagulants_prevent
diazepam,tramadol,shock,mcgee
diazepam,xanax,sinusitis,horseback
diazepam,morphine,sinusitis,neural_pathways
diazepam,valium,sinusitis,cream_cone
diazepam,ambien,sinusitis,bigbaby
diazepam,prozac,sinusitis,precursor
diazepam,vicodin,sinusitis,flashes_probably_toxic_shock
diazepam,percocet,sinusitis,balek
diazepam,promethazine,sinusitis,naproxyn
diazepam,tramadol,sinusitis,emoji
diazepam,xanax,sweating,considerably
diazepam,morphine,sweating,suboxone_wrapper
diazepam,valium,sweating,cream_cone
diazepam,ambien,sweating,ounce
diazepam,prozac,sweating,laac
diazepam,vicodin,sweating,sincere_apologies
diazepam,percocet,sweating,shown_safe
diazepam,promethazine,sweating,barleywine
diazepam,tramadol,sweating,shown_safe
diazepam,xanax,swelling,escaped
diazepam,morphine,swelling,mcgee
diazepam,valium,swelling,social_democracies_medical
diazepam,ambien,swelling,moon_stars
diazepam,prozac,swelling,delete
diazepam,vicodin,swelling,llj143
diazepam,percocet,swelling,explosion
diazepam,promethazine,swelling,thrashing_around
diazepam,tramadol,swelling,chicken_chop
diazepam,xanax,syncope,brain_shuts
diazepam,morphine,syncope,paris
diazepam,valium,syncope,nanoha
diazepam,ambien,syncope,moon_stars
diazepam,prozac,syncope,mijo
diazepam,vicodin,syncope,catheter
diazepam,percocet,syncope,requisite
diazepam,promethazine,syncope,paris
diazepam,tramadol,syncope,negligible
diazepam,xanax,tachycardia,topical_steroid
diazepam,morphine,tachycardia,neck_injury
diazepam,valium,tachycardia,nexium_warnings_2014
diazepam,ambien,tachycardia,sophistication
diazepam,prozac,tachycardia,really2
diazepam,vicodin,tachycardia,emtec
diazepam,percocet,tachycardia,kanon
diazepam,promethazine,tachycardia,lewis
diazepam,tramadol,tachycardia,marmalade
diazepam,xanax,thirst,circumferential
diazepam,morphine,thirst,circumferential
diazepam,valium,thirst,jumpin
diazepam,ambien,thirst,road_burbs
diazepam,prozac,thirst,ejaculations_causes_inability_function
diazepam,vicodin,thirst,jumpin
diazepam,percocet,thirst,roxane_uncwrox
diazepam,promethazine,thirst,ohara
diazepam,tramadol,thirst,circumferential
diazepam,xanax,thrombocytopenia,forged
diazepam,morphine,thrombocytopenia,green_smoothie
diazepam,valium,thrombocytopenia,evilness
diazepam,ambien,thrombocytopenia,working_hypothesis
diazepam,prozac,thrombocytopenia,sweetarts
diazepam,vicodin,thrombocytopenia,kitchen_counter
diazepam,percocet,thrombocytopenia,fellow_msers
diazepam,promethazine,thrombocytopenia,nurx
diazepam,tramadol,thrombocytopenia,fifty2ndgypsy_listing_compulsive_gambling
diazepam,xanax,erythema,5amclub
diazepam,morphine,erythema,mcgee
diazepam,valium,erythema,firasat
diazepam,ambien,erythema,realty
diazepam,prozac,erythema,smokin
diazepam,vicodin,erythema,without_prescri
diazepam,percocet,erythema,graduate_college
diazepam,promethazine,erythema,atrial_fibrillation_anticoagulants_prevent
diazepam,tramadol,erythema,gott
diazepam,xanax,urinary_tract_infection,flirts
diazepam,morphine,urinary_tract_infection,dailyshow
diazepam,valium,urinary_tract_infection,dendrite_branches
diazepam,ambien,urinary_tract_infection,flirts
diazepam,prozac,urinary_tract_infection,oxytetracycline
diazepam,vicodin,urinary_tract_infection,multivitamin
diazepam,percocet,urinary_tract_infection,explosion
diazepam,promethazine,urinary_tract_infection,suffer_premature_ejaculations_causes
diazepam,tramadol,urinary_tract_infection,jeebus
diazepam,xanax,urticaria,monthly_rate
diazepam,morphine,urticaria,suboxone_wrapper
diazepam,valium,urticaria,ricky_martin_featuring_pitbull
diazepam,ambien,urticaria,luminosity
diazepam,prozac,urticaria,suck_dicks
diazepam,vicodin,urticaria,llj143
diazepam,percocet,urticaria,datacenter
diazepam,promethazine,urticaria,datacenter
diazepam,tramadol,urticaria,suck_dicks
diazepam,xanax,vasodilation,topictal
diazepam,morphine,vasodilation,famotidine
diazepam,valium,vasodilation,flonase_nasal_spray
diazepam,ambien,vasodilation,realty
diazepam,prozac,vasodilation,calgary
diazepam,vicodin,vasodilation,gayle
diazepam,percocet,vasodilation,shown_safe
diazepam,promethazine,vasodilation,ohara
diazepam,tramadol,vasodilation,httr
diazepam,xanax,venous_thrombosis,lemon_cake
diazepam,morphine,venous_thrombosis,mcgee
diazepam,valium,venous_thrombosis,cream_cone
diazepam,ambien,venous_thrombosis,amazingneerjaposter
diazepam,prozac,venous_thrombosis,securities
diazepam,vicodin,venous_thrombosis,compression_elevation
diazepam,percocet,venous_thrombosis,rootbeer
diazepam,promethazine,venous_thrombosis,atrial_fibrillation_anticoagulants_prevent
diazepam,tramadol,venous_thrombosis,advice_exercise_caution
diazepam,xanax,vomiting,smashingpumpkins
diazepam,morphine,vomiting,mcgee
diazepam,valium,vomiting,cream_cone
diazepam,ambien,vomiting,handle_pressure_jack
diazepam,prozac,vomiting,smashingpumpkins
diazepam,vicodin,vomiting,smashingpumpkins
diazepam,percocet,vomiting,smashingpumpkins
diazepam,promethazine,vomiting,ohara
diazepam,tramadol,vomiting,mcgee
diazepam,xanax,urinary_retention,maksud
diazepam,morphine,urinary_retention,incr
diazepam,valium,urinary_retention,pior
diazepam,ambien,urinary_retention,operative
diazepam,prozac,urinary_retention,oxytetracycline
diazepam,vicodin,urinary_retention,pior
diazepam,percocet,urinary_retention,slight
diazepam,promethazine,urinary_retention,atrial_fibrillation_anticoagulants_prevent
diazepam,tramadol,urinary_retention,pilgrim
diazepam,xanax,chills,coffe
diazepam,morphine,chills,mamlamboo
diazepam,valium,chills,nanoha
diazepam,ambien,chills,pasco
diazepam,prozac,chills,scomillio
diazepam,vicodin,chills,multivitamin
diazepam,percocet,chills,mamlamboo
diazepam,promethazine,chills,testimonies
diazepam,tramadol,chills,anger_rage
diazepam,xanax,stupor,topictal
diazepam,morphine,stupor,constant_monitoring
diazepam,valium,stupor,cream_cone
diazepam,ambien,stupor,constant_monitoring
diazepam,prozac,stupor,disasters
diazepam,vicodin,stupor,dontcha
diazepam,percocet,stupor,explosion
diazepam,promethazine,stupor,justt
diazepam,tramadol,stupor,comms
diazepam,xanax,mood_swings,navigating
diazepam,morphine,mood_swings,suboxone_wrapper
diazepam,valium,mood_swings,cream_cone
diazepam,ambien,mood_swings,handle_pressure_jack
diazepam,prozac,mood_swings,vixxen
diazepam,vicodin,mood_swings,entacapone
diazepam,percocet,mood_swings,major_lazer
diazepam,promethazine,mood_swings,cholestrol
diazepam,tramadol,mood_swings,flax_seed
diazepam,xanax,withdrawal_symptom,wazoo
diazepam,morphine,withdrawal_symptom,suboxone_wrapper
diazepam,valium,withdrawal_symptom,cream_cone
diazepam,ambien,withdrawal_symptom,road_burbs
diazepam,prozac,withdrawal_symptom,scomillio
diazepam,vicodin,withdrawal_symptom,allah_ease_everything
diazepam,percocet,withdrawal_symptom,voterodgerskirwasoma
diazepam,promethazine,withdrawal_symptom,kipas
diazepam,tramadol,withdrawal_symptom,lords
diazepam,xanax,respiratory_arrest,topictal
diazepam,morphine,respiratory_arrest,mamlamboo
diazepam,valium,respiratory_arrest,social_democracies_medical
diazepam,ambien,respiratory_arrest,smiths
diazepam,prozac,respiratory_arrest,intrigued
diazepam,vicodin,respiratory_arrest,lawsuit_filed
diazepam,percocet,respiratory_arrest,shown_safe
diazepam,promethazine,respiratory_arrest,lukewarm_bath
diazepam,tramadol,respiratory_arrest,turky
diazepam,xanax,malnutrition,monthly_rate
diazepam,morphine,malnutrition,danged
diazepam,valium,malnutrition,evilness
diazepam,ambien,malnutrition,progress
diazepam,prozac,malnutrition,nature_throid
diazepam,vicodin,malnutrition,draintheswamp
diazepam,percocet,malnutrition,18am
diazepam,promethazine,malnutrition,justt
diazepam,tramadol,malnutrition,danged
diazepam,xanax,lightheadedness,loveit
diazepam,morphine,lightheadedness,mcgee
diazepam,valium,lightheadedness,ricky_martin_featuring_pitbull
diazepam,ambien,lightheadedness,tips
diazepam,prozac,lightheadedness,asthma_copd
diazepam,vicodin,lightheadedness,gayle
diazepam,percocet,lightheadedness,smith9
diazepam,promethazine,lightheadedness,atrial_fibrillation_anticoagulants_prevent
diazepam,tramadol,lightheadedness,pies
diazepam,xanax,myalgia,printer
diazepam,morphine,myalgia,suboxone_wrapper
diazepam,valium,myalgia,cream_cone
diazepam,ambien,myalgia,parasitic
diazepam,prozac,myalgia,scomillio
diazepam,vicodin,myalgia,catheter
diazepam,percocet,myalgia,provisions
diazepam,promethazine,myalgia,bcaas
diazepam,tramadol,myalgia,edwin
diazepam,xanax,muscle_twitching,consolidated
diazepam,morphine,muscle_twitching,repulsive
diazepam,valium,muscle_twitching,avana
diazepam,ambien,muscle_twitching,handle_pressure_jack
diazepam,prozac,muscle_twitching,matt_lauer
diazepam,vicodin,muscle_twitching,stifle
diazepam,percocet,muscle_twitching,explosion
diazepam,promethazine,muscle_twitching,hairstylist
diazepam,tramadol,muscle_twitching,2nyt
diazepam,xanax,increased_appetite,ripcity
diazepam,morphine,increased_appetite,smiled_softly
diazepam,valium,increased_appetite,smokes
diazepam,ambien,increased_appetite,detective
diazepam,prozac,increased_appetite,oxytetracycline
diazepam,vicodin,increased_appetite,lenses
diazepam,percocet,increased_appetite,leisure
diazepam,promethazine,increased_appetite,pulp
diazepam,tramadol,increased_appetite,azvscar
diazepam,xanax,excitement,dontcha
diazepam,morphine,excitement,degenerate
diazepam,valium,excitement,puff_puff_pass
diazepam,ambien,excitement,bagaimana
diazepam,prozac,excitement,rawandale
diazepam,vicodin,excitement,dedicated
diazepam,percocet,excitement,explosion
diazepam,promethazine,excitement,barleywine
diazepam,tramadol,excitement,chicken_chop
diazepam,xanax,anterograde_amnesia,iranian
diazepam,morphine,anterograde_amnesia,mcgee
diazepam,valium,anterograde_amnesia,2nite
diazepam,ambien,anterograde_amnesia,sahm
diazepam,prozac,anterograde_amnesia,mamlamboo
diazepam,vicodin,anterograde_amnesia,mcgee
diazepam,percocet,anterograde_amnesia,mamlamboo
diazepam,promethazine,anterograde_amnesia,justt
diazepam,tramadol,anterograde_amnesia,mcgee
diazepam,xanax,discomfort,lowly
diazepam,morphine,discomfort,suboxone_wrapper
diazepam,valium,discomfort,estas
diazepam,ambien,discomfort,parasitic
diazepam,prozac,discomfort,kaskade
diazepam,vicodin,discomfort,lenses
diazepam,percocet,discomfort,kaskade
diazepam,promethazine,discomfort,kaskade
diazepam,tramadol,discomfort,bankrupt
diazepam,xanax,tenderness,topictal
diazepam,morphine,tenderness,full_blown_panic_attack
diazepam,valium,tenderness,evilness
diazepam,ambien,tenderness,handle_pressure_jack
diazepam,prozac,tenderness,scomillio
diazepam,vicodin,tenderness,lenses
diazepam,percocet,tenderness,drugfilmcharacters
diazepam,promethazine,tenderness,major_lazer
diazepam,tramadol,tenderness,elasticity
diazepam,xanax,slurred_speech,mitazapine
diazepam,morphine,slurred_speech,wanna
diazepam,valium,slurred_speech,2nite
diazepam,ambien,slurred_speech,handle_pressure_jack
diazepam,prozac,slurred_speech,clears_throat
diazepam,vicodin,slurred_speech,mitazapine
diazepam,percocet,slurred_speech,premedicate
diazepam,promethazine,slurred_speech,callback
diazepam,tramadol,slurred_speech,2nite
diazepam,xanax,respiratory_depression,approved_south_africa
diazepam,morphine,respiratory_depression,mamlamboo
diazepam,valium,respiratory_depression,crackles
diazepam,ambien,respiratory_depression,handle_pressure_jack
diazepam,prozac,respiratory_depression,oxytetracycline
diazepam,vicodin,respiratory_depression,nnoo
diazepam,percocet,respiratory_depression,form_currency
diazepam,promethazine,respiratory_depression,nnoo
diazepam,tramadol,respiratory_depression,negligible
diazepam,xanax,excitability,moll
diazepam,morphine,excitability,mcgee
diazepam,valium,excitability,evilness
diazepam,ambien,excitability,road_burbs
diazepam,prozac,excitability,scomillio
diazepam,vicodin,excitability,diabetes2
diazepam,percocet,excitability,slight
diazepam,promethazine,excitability,trapped_sciatic_nerve
diazepam,tramadol,excitability,scores
diazepam,xanax,strangury,siamese_dream
diazepam,morphine,strangury,colder
diazepam,valium,strangury,blurry_vision_suffer_premature
diazepam,ambien,strangury,milieu
diazepam,prozac,strangury,scomillio
diazepam,vicodin,strangury,playing_electricarea
diazepam,percocet,strangury,deutsche
diazepam,promethazine,strangury,asari
diazepam,tramadol,strangury,chicken_broth
diazepam,xanax,erectile_dysfunction,expected_generic_version
diazepam,morphine,erectile_dysfunction,konold
diazepam,valium,erectile_dysfunction,cream_cone
diazepam,ambien,erectile_dysfunction,soft
diazepam,prozac,erectile_dysfunction,securities
diazepam,vicodin,erectile_dysfunction,dontcha
diazepam,percocet,erectile_dysfunction,thatsaboutasusefulas
diazepam,promethazine,erectile_dysfunction,gobuffs
diazepam,tramadol,erectile_dysfunction,heaps
diazepam,xanax,vision_blurred,hollaa
diazepam,morphine,vision_blurred,mamlamboo
diazepam,valium,vision_blurred,evilness
diazepam,ambien,vision_blurred,trumpriot_dems_republicans
diazepam,prozac,vision_blurred,scomillio
diazepam,vicodin,vision_blurred,hollaa
diazepam,percocet,vision_blurred,explosion
diazepam,promethazine,vision_blurred,calgary
diazepam,tramadol,vision_blurred,suture
diazepam,xanax,photosensitivity,horseback
diazepam,morphine,photosensitivity,wanna
diazepam,valium,photosensitivity,serotonin_dopamine
diazepam,ambien,photosensitivity,road_burbs
diazepam,prozac,photosensitivity,suck_dicks
diazepam,vicodin,photosensitivity,emtec
diazepam,percocet,photosensitivity,scarlet_heart
diazepam,promethazine,photosensitivity,nonestopafrobeat
diazepam,tramadol,photosensitivity,suck_dicks
diazepam,xanax,suicidal_ideation,dontcha
diazepam,morphine,suicidal_ideation,viable_option
diazepam,valium,suicidal_ideation,serving
diazepam,ambien,suicidal_ideation,4got
diazepam,prozac,suicidal_ideation,pepper_spray
diazepam,vicodin,suicidal_ideation,lenses
diazepam,percocet,suicidal_ideation,provisions
diazepam,promethazine,suicidal_ideation,furrowed
diazepam,tramadol,suicidal_ideation,gobsmacked
diazepam,xanax,bradycardia,killing_worst_marine
diazepam,morphine,bradycardia,draped
diazepam,valium,bradycardia,familymedicine
diazepam,ambien,bradycardia,bozos
diazepam,prozac,bradycardia,churches
diazepam,vicodin,bradycardia,jiujitsu
diazepam,percocet,bradycardia,explosion
diazepam,promethazine,bradycardia,ohara
diazepam,tramadol,bradycardia,negligible
diazepam,xanax,lymphadenopathy,takeing
diazepam,morphine,lymphadenopathy,odefsey
diazepam,valium,lymphadenopathy,pior
diazepam,ambien,lymphadenopathy,takde_duit_probably
diazepam,prozac,lymphadenopathy,scomillio
diazepam,vicodin,lymphadenopathy,compression_elevation
diazepam,percocet,lymphadenopathy,appetite_suppressant
diazepam,promethazine,lymphadenopathy,reddit
diazepam,tramadol,lymphadenopathy,boat_load
diazepam,xanax,emotional_distress,approved_south_africa
diazepam,morphine,emotional_distress,dailyshow
diazepam,valium,emotional_distress,cream_cone
diazepam,ambien,emotional_distress,handle_pressure_jack
diazepam,prozac,emotional_distress,gobuffs
diazepam,vicodin,emotional_distress,teevee
diazepam,percocet,emotional_distress,heavy_metal_morphine
diazepam,promethazine,emotional_distress,justt
diazepam,tramadol,emotional_distress,vitamin_iron
diazepam,xanax,memory_loss,topictal
diazepam,morphine,memory_loss,masuk_bilik
diazepam,valium,memory_loss,attention_span_squirrel
diazepam,ambien,memory_loss,parasitic
diazepam,prozac,memory_loss,attention_span_squirrel
diazepam,vicodin,memory_loss,catheter
diazepam,percocet,memory_loss,mate
diazepam,promethazine,memory_loss,spiking
diazepam,tramadol,memory_loss,attention_span_squirrel
diazepam,xanax,insomnia,hollaa
diazepam,morphine,insomnia,full_driver_6281338257699
diazepam,valium,insomnia,pior
diazepam,ambien,insomnia,detective
diazepam,prozac,insomnia,gambled
diazepam,vicodin,insomnia,lenses
diazepam,percocet,insomnia,slight
diazepam,promethazine,insomnia,bottle
diazepam,tramadol,insomnia,chicken_chop
diazepam,xanax,myasthenia,dyslexia
diazepam,morphine,myasthenia,suboxone_wrapper
diazepam,valium,myasthenia,graceful
diazepam,ambien,myasthenia,parasitic
diazepam,prozac,myasthenia,helpfully
diazepam,vicodin,myasthenia,heckin
diazepam,percocet,myasthenia,femdom
diazepam,promethazine,myasthenia,atrial_fibrillation_anticoagulants_prevent
diazepam,tramadol,myasthenia,punch
diazepam,xanax,respiratory_failure,active_ingredient_tadalafil_testimonials
diazepam,morphine,respiratory_failure,famotidine
diazepam,valium,respiratory_failure,artists
diazepam,ambien,respiratory_failure,calypso
diazepam,prozac,respiratory_failure,scomillio
diazepam,vicodin,respiratory_failure,lenses
diazepam,percocet,respiratory_failure,slight
diazepam,promethazine,respiratory_failure,atrial_fibrillation_anticoagulants_prevent
diazepam,tramadol,respiratory_failure,elasticity
