diazepam,xanax,agitation,vendors
diazepam,morphine,agitation,arabic
diazepam,valium,agitation,relief_meds_oxcontin
diazepam,ambien,agitation,subaction_showcomments_cialis
diazepam,prozac,agitation,disrupt
diazepam,vicodin,agitation,passeth
diazepam,percocet,agitation,disagreeing
diazepam,promethazine,agitation,subaction_showcomments_cialis
diazepam,tramadol,agitation,relief_meds_oxcontin
diazepam,xanax,anxiety,deaf
diazepam,morphine,anxiety,manners
diazepam,valium,anxiety,malika
diazepam,ambien,anxiety,malika
diazepam,prozac,anxiety,expression_ideas
diazepam,vicodin,anxiety,inversely
diazepam,percocet,anxiety,urgente
diazepam,promethazine,anxiety,flower
diazepam,tramadol,anxiety,flower
diazepam,xanax,anxiety_disorder,10mins
diazepam,morphine,anxiety_disorder,malika
diazepam,valium,anxiety_disorder,malika
diazepam,ambien,anxiety_disorder,malika
diazepam,prozac,anxiety_disorder,sona2016
diazepam,vicodin,anxiety_disorder,hookers_blow
diazepam,percocet,anxiety_disorder,recurrent_procrastination_suffer_avoidant
diazepam,promethazine,anxiety_disorder,malika
diazepam,tramadol,anxiety_disorder,ectrims2015
diazepam,xanax,apprehension,vendors
diazepam,morphine,apprehension,swerving_alcohol
diazepam,valium,apprehension,medicinal_purposes
diazepam,ambien,apprehension,ache_suffer_melancholia_causes
diazepam,prozac,apprehension,niagara_fuck
diazepam,vicodin,apprehension,aint_greener
diazepam,percocet,apprehension,cabt
diazepam,promethazine,apprehension,facile
diazepam,tramadol,apprehension,bonfire
diazepam,xanax,aura,vendors
diazepam,morphine,aura,pieced
diazepam,valium,aura,auctions
diazepam,ambien,aura,widely_prescribed
diazepam,prozac,aura,widely_prescribed
diazepam,vicodin,aura,relationship_genuine
diazepam,percocet,aura,zithro
diazepam,promethazine,aura,souths
diazepam,tramadol,aura,weve_begun
diazepam,xanax,convulsion,enhanze_technology
diazepam,morphine,convulsion,pfizer_scored_buying_workplace
diazepam,valium,convulsion,keje
diazepam,ambien,convulsion,glass_water
diazepam,prozac,convulsion,disrupt
diazepam,vicodin,convulsion,phen
diazepam,percocet,convulsion,exemestane
diazepam,promethazine,convulsion,bois
diazepam,tramadol,convulsion,exemestane
diazepam,xanax,delirium,vendors
diazepam,morphine,delirium,manners
diazepam,valium,delirium,medicinal_purposes
diazepam,ambien,delirium,mtvhottest_fifth_harmony
diazepam,prozac,delirium,irrigated
diazepam,vicodin,delirium,turn_nightmares
diazepam,percocet,delirium,osama
diazepam,promethazine,delirium,methotrexate_liver_damage
diazepam,tramadol,delirium,isms
diazepam,xanax,distress,vendors
diazepam,morphine,distress,transitioned
diazepam,valium,distress,wacchan
diazepam,ambien,distress,dishwasher
diazepam,prozac,distress,irrigated
diazepam,vicodin,distress,hyrdocodone
diazepam,percocet,distress,walking_circles
diazepam,promethazine,distress,irrigated
diazepam,tramadol,distress,transitioned
diazepam,xanax,epilepsy,hildebrand_cleans
diazepam,morphine,epilepsy,judiciously
diazepam,valium,epilepsy,auctions
diazepam,ambien,epilepsy,make
diazepam,prozac,epilepsy,hereen
diazepam,vicodin,epilepsy,passeth
diazepam,percocet,epilepsy,walking_circles
diazepam,promethazine,epilepsy,blissfully
diazepam,tramadol,epilepsy,judiciously
diazepam,xanax,inflammation,bnoirdetour
diazepam,morphine,inflammation,fergus_hill
diazepam,valium,inflammation,ruang
diazepam,ambien,inflammation,fergus_hill
diazepam,prozac,inflammation,ruang
diazepam,vicodin,inflammation,yummy_yummy
diazepam,percocet,inflammation,zithro
diazepam,promethazine,inflammation,dawg_road_burbs
diazepam,tramadol,inflammation,ruang
diazepam,xanax,insomnia,vendors
diazepam,morphine,insomnia,clownish
diazepam,valium,insomnia,manifestation
diazepam,ambien,insomnia,homealone
diazepam,prozac,insomnia,niagara_fuck
diazepam,vicodin,insomnia,manifestation
diazepam,percocet,insomnia,disagreeing
diazepam,promethazine,insomnia,unopposed
diazepam,tramadol,insomnia,alas
diazepam,xanax,irritability,love_olly_murs
diazepam,morphine,irritability,ryan_seacrest
diazepam,valium,irritability,secretary_state
diazepam,ambien,irritability,secretary_state
diazepam,prozac,irritability,disrupt
diazepam,vicodin,irritability,aint_greener
diazepam,percocet,irritability,upper
diazepam,promethazine,irritability,churches
diazepam,tramadol,irritability,isms
diazepam,xanax,migraine,softy
diazepam,morphine,migraine,popd
diazepam,valium,migraine,hosted_stopgap
diazepam,ambien,migraine,fergus_hill
diazepam,prozac,migraine,kash
diazepam,vicodin,migraine,hyrdocodone
diazepam,percocet,migraine,teeth_clenching
diazepam,promethazine,migraine,orencia_infusions
diazepam,tramadol,migraine,sour_cream
diazepam,xanax,muscle_spasms,lizard
diazepam,morphine,muscle_spasms,walking_circles
diazepam,valium,muscle_spasms,formoterol_budesonide
diazepam,ambien,muscle_spasms,dishwasher
diazepam,prozac,muscle_spasms,marcy
diazepam,vicodin,muscle_spasms,lizard
diazepam,percocet,muscle_spasms,walking_circles
diazepam,promethazine,muscle_spasms,menfess_onrpe_february_2016
diazepam,tramadol,muscle_spasms,without_restraint
diazepam,xanax,myoclonus,patients_treated
diazepam,morphine,myoclonus,pfizer_scored_buying_workplace
diazepam,valium,myoclonus,applebees
diazepam,ambien,myoclonus,malika
diazepam,prozac,myoclonus,americans_consume_worlds
diazepam,vicodin,myoclonus,phen
diazepam,percocet,myoclonus,sallie
diazepam,promethazine,myoclonus,malika
diazepam,tramadol,myoclonus,operating_table
diazepam,xanax,status_epilepticus,reaall
diazepam,morphine,status_epilepticus,justin_trudeau
diazepam,valium,status_epilepticus,applebees
diazepam,ambien,status_epilepticus,directive
diazepam,prozac,status_epilepticus,rhythmic
diazepam,vicodin,status_epilepticus,tics
diazepam,percocet,status_epilepticus,walking_circles
diazepam,promethazine,status_epilepticus,reaall
diazepam,tramadol,status_epilepticus,cersei
diazepam,xanax,tension,vendors
diazepam,morphine,tension,free_thanksgiving_dinner
diazepam,valium,tension,madam_secretary
diazepam,ambien,tension,wool
diazepam,prozac,tension,chronic_fatigue
diazepam,vicodin,tension,phen
diazepam,percocet,tension,correlated
diazepam,promethazine,tension,endowed
diazepam,tramadol,tension,fuckwits
diazepam,xanax,tension_headache,vendors
diazepam,morphine,tension_headache,vendetta_nation
diazepam,valium,tension_headache,melodica
diazepam,ambien,tension_headache,instance
diazepam,prozac,tension_headache,niagara_fuck
diazepam,vicodin,tension_headache,downing_percocets
diazepam,percocet,tension_headache,lack_motivation_suffer_menstrual
diazepam,promethazine,tension_headache,trouble_focusing_suffer_munchausen
diazepam,tramadol,tension_headache,weve_learned
diazepam,xanax,tetanus,vendors
diazepam,morphine,tetanus,highly_effective
diazepam,valium,tetanus,keje
diazepam,ambien,tetanus,undergraduate
diazepam,prozac,tetanus,articulation
diazepam,vicodin,tetanus,articulation
diazepam,percocet,tetanus,hardening_nipples_suffer_narcolepsy
diazepam,promethazine,tetanus,obese
diazepam,tramadol,tetanus,debutantes_victims
diazepam,xanax,trauma,prematurely
diazepam,morphine,trauma,ryan_seacrest
diazepam,valium,trauma,desmond
diazepam,ambien,trauma,widely_prescribed
diazepam,prozac,trauma,widely_prescribed
diazepam,vicodin,trauma,foam
diazepam,percocet,trauma,grandma
diazepam,promethazine,trauma,destination_calabria_alex_gaudino
diazepam,tramadol,trauma,technically
diazepam,xanax,tremor,erryone
diazepam,morphine,tremor,times_effective_valium
diazepam,valium,tremor,medicinal_purposes
diazepam,ambien,tremor,carbs_sugars
diazepam,prozac,tremor,niagara_fuck
diazepam,vicodin,tremor,survey
diazepam,percocet,tremor,ahahahahahah
diazepam,promethazine,tremor,erryone
diazepam,tramadol,tremor,haddonfield
