fluoxetine,xanax,affective_disorder,faved
fluoxetine,morphine,affective_disorder,faved
fluoxetine,valium,affective_disorder,remicade
fluoxetine,ambien,affective_disorder,happy_mothers_selamat_hari
fluoxetine,prozac,affective_disorder,2022
fluoxetine,vicodin,affective_disorder,alternate_heat
fluoxetine,percocet,affective_disorder,happy_mothers_selamat_hari
fluoxetine,promethazine,affective_disorder,assassinated
fluoxetine,tramadol,affective_disorder,blood_malfunctioning
fluoxetine,xanax,agitation,maximum_dose
fluoxetine,morphine,agitation,bilbo
fluoxetine,valium,agitation,solo
fluoxetine,ambien,agitation,maximum_dose
fluoxetine,prozac,agitation,human_saliva
fluoxetine,vicodin,agitation,mansplaining
fluoxetine,percocet,agitation,lava
fluoxetine,promethazine,agitation,blade
fluoxetine,tramadol,agitation,drank
fluoxetine,xanax,agoraphobia,free_sample_abilify
fluoxetine,morphine,agoraphobia,percy
fluoxetine,valium,agoraphobia,bridesmaids
fluoxetine,ambien,agoraphobia,amika_malin_goetz_beauty
fluoxetine,prozac,agoraphobia,laurent
fluoxetine,vicodin,agoraphobia,receta
fluoxetine,percocet,agoraphobia,amboi
fluoxetine,promethazine,agoraphobia,2and
fluoxetine,tramadol,agoraphobia,pulak
fluoxetine,xanax,anger,festivals
fluoxetine,morphine,anger,festivals
fluoxetine,valium,anger,amboi
fluoxetine,ambien,anger,reduction_atorvastatin_40mg_80mg
fluoxetine,prozac,anger,reactin
fluoxetine,vicodin,anger,woeful
fluoxetine,percocet,anger,amboi
fluoxetine,promethazine,anger,avanza_drivers
fluoxetine,tramadol,anger,phrases
fluoxetine,xanax,anxiety,2and
fluoxetine,morphine,anxiety,twitter_client
fluoxetine,valium,anxiety,lets_proceedings_proceeding_evening
fluoxetine,ambien,anxiety,tiny_house_hunters
fluoxetine,prozac,anxiety,braid
fluoxetine,vicodin,anxiety,howard_dean
fluoxetine,percocet,anxiety,amboi
fluoxetine,promethazine,anxiety,2and
fluoxetine,tramadol,anxiety,flower
fluoxetine,xanax,binge_eating,faved
fluoxetine,morphine,binge_eating,faved
fluoxetine,valium,binge_eating,remicade
fluoxetine,ambien,binge_eating,betcha
fluoxetine,prozac,binge_eating,dundee
fluoxetine,vicodin,binge_eating,mwakideu_alexnajalas_alexnajalas_alexnajalas
fluoxetine,percocet,binge_eating,lava
fluoxetine,promethazine,binge_eating,faved
fluoxetine,tramadol,binge_eating,khalifa_material_things
fluoxetine,xanax,bulimia,xeloda
fluoxetine,morphine,bulimia,ausvnz
fluoxetine,valium,bulimia,chocolaty
fluoxetine,ambien,bulimia,fraternity
fluoxetine,prozac,bulimia,bringiton
fluoxetine,vicodin,bulimia,fangs
fluoxetine,percocet,bulimia,sleepp
fluoxetine,promethazine,bulimia,percocet_stripper
fluoxetine,tramadol,bulimia,aiman
fluoxetine,xanax,bulimia_nervosa,boils_lobes_suffer_menstrual
fluoxetine,morphine,bulimia_nervosa,feces
fluoxetine,valium,bulimia_nervosa,lets_proceedings_proceeding_evening
fluoxetine,ambien,bulimia_nervosa,posh
fluoxetine,prozac,bulimia_nervosa,wingstop
fluoxetine,vicodin,bulimia_nervosa,safest_tranquilizer_world
fluoxetine,percocet,bulimia_nervosa,feces
fluoxetine,promethazine,bulimia_nervosa,assassinated
fluoxetine,tramadol,bulimia_nervosa,dries_dining
fluoxetine,xanax,chills,noten_worktable
fluoxetine,morphine,chills,festivals
fluoxetine,valium,chills,shrinkage
fluoxetine,ambien,chills,without_sulfa_however
fluoxetine,prozac,chills,porta
fluoxetine,vicodin,chills,lizard
fluoxetine,percocet,chills,feces
fluoxetine,promethazine,chills,faved
fluoxetine,tramadol,chills,leggo
fluoxetine,xanax,compulsions,diabetic_nerve_pain
fluoxetine,morphine,compulsions,devastating
fluoxetine,valium,compulsions,opium
fluoxetine,ambien,compulsions,crab
fluoxetine,prozac,compulsions,devastating
fluoxetine,vicodin,compulsions,blockin
fluoxetine,percocet,compulsions,opium
fluoxetine,promethazine,compulsions,assassinated
fluoxetine,tramadol,compulsions,linkin_park
fluoxetine,xanax,depression,sharepoint
fluoxetine,morphine,depression,sharepoint
fluoxetine,valium,depression,santa_clause_prozac_disneyland
fluoxetine,ambien,depression,neednt
fluoxetine,prozac,depression,intersectional_feminism
fluoxetine,vicodin,depression,myprodol
fluoxetine,percocet,depression,intersectional_feminism
fluoxetine,promethazine,depression,faved
fluoxetine,tramadol,depression,santa_clause_prozac_disneyland
fluoxetine,xanax,depressive_disorder,festivals
fluoxetine,morphine,depressive_disorder,festivals
fluoxetine,valium,depressive_disorder,lets_proceedings_proceeding_evening
fluoxetine,ambien,depressive_disorder,hellyeah
fluoxetine,prozac,depressive_disorder,humoring
fluoxetine,vicodin,depressive_disorder,nois
fluoxetine,percocet,depressive_disorder,hardening_nipples_suffer_narcolepsy
fluoxetine,promethazine,depressive_disorder,renaming
fluoxetine,tramadol,depressive_disorder,khalifa_material_things
fluoxetine,xanax,discomfort,caridee_stelara
fluoxetine,morphine,discomfort,ectasy_pussy_money
fluoxetine,valium,discomfort,wassup
fluoxetine,ambien,discomfort,ectasy_pussy_money
fluoxetine,prozac,discomfort,bereaved
fluoxetine,vicodin,discomfort,pone
fluoxetine,percocet,discomfort,bereaved
fluoxetine,promethazine,discomfort,assassinated
fluoxetine,tramadol,discomfort,sryup
fluoxetine,xanax,distress,caridee_stelara
fluoxetine,morphine,distress,pentobarbital
fluoxetine,valium,distress,bridesmaids
fluoxetine,ambien,distress,lanky
fluoxetine,prozac,distress,devastating
fluoxetine,vicodin,distress,notice
fluoxetine,percocet,distress,nonton
fluoxetine,promethazine,distress,faved
fluoxetine,tramadol,distress,dday
fluoxetine,xanax,dizziness,caridee_stelara
fluoxetine,morphine,dizziness,aubagio
fluoxetine,valium,dizziness,drownin
fluoxetine,ambien,dizziness,helen
fluoxetine,prozac,dizziness,racy
fluoxetine,vicodin,dizziness,vente
fluoxetine,percocet,dizziness,gota
fluoxetine,promethazine,dizziness,cellcept_plaquenil
fluoxetine,tramadol,dizziness,dries_dining
fluoxetine,xanax,dysphoria,string_cheese
fluoxetine,morphine,dysphoria,abstracts
fluoxetine,valium,dysphoria,lets_proceedings_proceeding_evening
fluoxetine,ambien,dysphoria,ryochin
fluoxetine,prozac,dysphoria,ichiban
fluoxetine,vicodin,dysphoria,mansplaining
fluoxetine,percocet,dysphoria,mazing
fluoxetine,promethazine,dysphoria,faved
fluoxetine,tramadol,dysphoria,pulak
fluoxetine,xanax,fatigue,copping
fluoxetine,morphine,fatigue,angkat
fluoxetine,valium,fatigue,abcdrbchat
fluoxetine,ambien,fatigue,hellyeah
fluoxetine,prozac,fatigue,unlike_yang_cheat
fluoxetine,vicodin,fatigue,fangs
fluoxetine,percocet,fatigue,forceps
fluoxetine,promethazine,fatigue,assassinated
fluoxetine,tramadol,fatigue,forceps
fluoxetine,xanax,headache,orphan
fluoxetine,morphine,headache,6wks
fluoxetine,valium,headache,auctions
fluoxetine,ambien,headache,hellyeah
fluoxetine,prozac,headache,unlike_yang_cheat
fluoxetine,vicodin,headache,orphan
fluoxetine,percocet,headache,fleur
fluoxetine,promethazine,headache,faved
fluoxetine,tramadol,headache,sequel
fluoxetine,xanax,hepatic_impairment,festivals
fluoxetine,morphine,hepatic_impairment,festivals
fluoxetine,valium,hepatic_impairment,medicinasparavzla
fluoxetine,ambien,hepatic_impairment,internals
fluoxetine,prozac,hepatic_impairment,tobin
fluoxetine,vicodin,hepatic_impairment,mcgregor
fluoxetine,percocet,hepatic_impairment,milligrams
fluoxetine,promethazine,hepatic_impairment,assassinated
fluoxetine,tramadol,hepatic_impairment,pulak
fluoxetine,xanax,hypersomnia,locksmith
fluoxetine,morphine,hypersomnia,percy
fluoxetine,valium,hypersomnia,pulverized
fluoxetine,ambien,hypersomnia,snell
fluoxetine,prozac,hypersomnia,crestview
fluoxetine,vicodin,hypersomnia,locksmith
fluoxetine,percocet,hypersomnia,slyly
fluoxetine,promethazine,hypersomnia,assassinated
fluoxetine,tramadol,hypersomnia,justice
fluoxetine,xanax,insomnia,highh
fluoxetine,morphine,insomnia,highh
fluoxetine,valium,insomnia,lets_proceedings_proceeding_evening
fluoxetine,ambien,insomnia,cutest
fluoxetine,prozac,insomnia,flakka
fluoxetine,vicodin,insomnia,refs
fluoxetine,percocet,insomnia,infrequently
fluoxetine,promethazine,insomnia,highh
fluoxetine,tramadol,insomnia,dries_dining
fluoxetine,xanax,irritability,john_okafor
fluoxetine,morphine,irritability,withered
fluoxetine,valium,irritability,remicade
fluoxetine,ambien,irritability,jimmy_buffet
fluoxetine,prozac,irritability,orleans_saints
fluoxetine,vicodin,irritability,shoot_tavor
fluoxetine,percocet,irritability,happy_mothers_selamat_hari
fluoxetine,promethazine,irritability,cherry_chai
fluoxetine,tramadol,irritability,fieri
fluoxetine,xanax,lightheadedness,livetweetsfromthenursinghome
fluoxetine,morphine,lightheadedness,neil_young
fluoxetine,valium,lightheadedness,livetweetsfromthenursinghome
fluoxetine,ambien,lightheadedness,sunpharma
fluoxetine,prozac,lightheadedness,livetweetsfromthenursinghome
fluoxetine,vicodin,lightheadedness,livetweetsfromthenursinghome
fluoxetine,percocet,lightheadedness,feces
fluoxetine,promethazine,lightheadedness,cherry_chai
fluoxetine,tramadol,lightheadedness,livetweetsfromthenursinghome
fluoxetine,xanax,mood_swings,contributes
fluoxetine,morphine,mood_swings,menswear
fluoxetine,valium,mood_swings,lets_proceedings_proceeding_evening
fluoxetine,ambien,mood_swings,swept
fluoxetine,prozac,mood_swings,human_saliva
fluoxetine,vicodin,mood_swings,thirty_minutes
fluoxetine,percocet,mood_swings,amboi
fluoxetine,promethazine,mood_swings,kene
fluoxetine,tramadol,mood_swings,rapping_screen_blunts_bitches
fluoxetine,xanax,myalgia,xeloda
fluoxetine,morphine,myalgia,faved
fluoxetine,valium,myalgia,solo
fluoxetine,ambien,myalgia,sunpharma
fluoxetine,prozac,myalgia,shaughnessy
fluoxetine,vicodin,myalgia,fangs
fluoxetine,percocet,myalgia,happy_mothers_selamat_hari
fluoxetine,promethazine,myalgia,faved
fluoxetine,tramadol,myalgia,sunpharma
fluoxetine,xanax,nausea,joyful
fluoxetine,morphine,nausea,frances
fluoxetine,valium,nausea,zanes
fluoxetine,ambien,nausea,xanax
fluoxetine,prozac,nausea,fredericks
fluoxetine,vicodin,nausea,receta
fluoxetine,percocet,nausea,fleur
fluoxetine,promethazine,nausea,faved
fluoxetine,tramadol,nausea,mothers
fluoxetine,xanax,nephropathy,festivals
fluoxetine,morphine,nephropathy,root
fluoxetine,valium,nephropathy,monistat
fluoxetine,ambien,nephropathy,maximum_dose
fluoxetine,prozac,nephropathy,humoring
fluoxetine,vicodin,nephropathy,fangs
fluoxetine,percocet,nephropathy,chia
fluoxetine,promethazine,nephropathy,assassinated
fluoxetine,tramadol,nephropathy,hitta
fluoxetine,xanax,numbness,electronically
fluoxetine,morphine,numbness,faved
fluoxetine,valium,numbness,parmesan_cheese
fluoxetine,ambien,numbness,snell
fluoxetine,prozac,numbness,fredericks
fluoxetine,vicodin,numbness,mansplaining
fluoxetine,percocet,numbness,sleepp
fluoxetine,promethazine,numbness,faved
fluoxetine,tramadol,numbness,murked
fluoxetine,xanax,palpitations,maximum_dose
fluoxetine,morphine,palpitations,pentobarbital
fluoxetine,valium,palpitations,lets_proceedings_proceeding_evening
fluoxetine,ambien,palpitations,maximum_dose
fluoxetine,prozac,palpitations,kava_kava
fluoxetine,vicodin,palpitations,jannah
fluoxetine,percocet,palpitations,unchecked
fluoxetine,promethazine,palpitations,assassinated
fluoxetine,tramadol,palpitations,alcoholl
fluoxetine,xanax,panic_attack,festivals
fluoxetine,morphine,panic_attack,festivals
fluoxetine,valium,panic_attack,forecasts
fluoxetine,ambien,panic_attack,essay
fluoxetine,prozac,panic_attack,hosted_thawing
fluoxetine,vicodin,panic_attack,false_claims
fluoxetine,percocet,panic_attack,thewitness
fluoxetine,promethazine,panic_attack,assassinated
fluoxetine,tramadol,panic_attack,coupe
fluoxetine,xanax,panic_disorder,noten_worktable
fluoxetine,morphine,panic_disorder,tecfidera_flush
fluoxetine,valium,panic_disorder,solo
fluoxetine,ambien,panic_disorder,love_ahshotel_ship
fluoxetine,prozac,panic_disorder,oslo_sprint_shooting_cleans
fluoxetine,vicodin,panic_disorder,7aga
fluoxetine,percocet,panic_disorder,slyly
fluoxetine,promethazine,panic_disorder,faved
fluoxetine,tramadol,panic_disorder,nicole
fluoxetine,xanax,suicidal_ideation,eylea
fluoxetine,morphine,suicidal_ideation,60fps
fluoxetine,valium,suicidal_ideation,remicade
fluoxetine,ambien,suicidal_ideation,reduction_atorvastatin_40mg_80mg
fluoxetine,prozac,suicidal_ideation,arrested_selling
fluoxetine,vicodin,suicidal_ideation,remicade
fluoxetine,percocet,suicidal_ideation,celebrating_ibus_birthday
fluoxetine,promethazine,suicidal_ideation,cherry_chai
fluoxetine,tramadol,suicidal_ideation,horses
fluoxetine,xanax,suicide_attempt,festivals
fluoxetine,morphine,suicide_attempt,brisket
fluoxetine,valium,suicide_attempt,remicade
fluoxetine,ambien,suicide_attempt,jealous_nick_jonas
fluoxetine,prozac,suicide_attempt,flakka
fluoxetine,vicodin,suicide_attempt,mansplaining
fluoxetine,percocet,suicide_attempt,afro_banging_durella_afro
fluoxetine,promethazine,suicide_attempt,ufc194
fluoxetine,tramadol,suicide_attempt,justice
fluoxetine,xanax,sweating,arvs_truvada
fluoxetine,morphine,sweating,frances
fluoxetine,valium,sweating,carbamazepine_rifampin_phenobarbital
fluoxetine,ambien,sweating,arvs_truvada
fluoxetine,prozac,sweating,accordingly
fluoxetine,vicodin,sweating,farting
fluoxetine,percocet,sweating,mazing
fluoxetine,promethazine,sweating,assassinated
fluoxetine,tramadol,sweating,hypocrite
fluoxetine,xanax,tension,pone
fluoxetine,morphine,tension,pentobarbital
fluoxetine,valium,tension,upbringing
fluoxetine,ambien,tension,forest_srvc_reports_snow
fluoxetine,prozac,tension,chapel_kill_bill
fluoxetine,vicodin,tension,pone
fluoxetine,percocet,tension,redemption
fluoxetine,promethazine,tension,nother_wave
fluoxetine,tramadol,tension,annabelle
fluoxetine,xanax,trembling,eylea
fluoxetine,morphine,trembling,ayah_abang
fluoxetine,valium,trembling,bridesmaids
fluoxetine,ambien,trembling,without_sulfa_however
fluoxetine,prozac,trembling,else_phobias
fluoxetine,vicodin,trembling,commencement
fluoxetine,percocet,trembling,endorsing_donald_trump
fluoxetine,promethazine,trembling,affordable_housing
fluoxetine,tramadol,trembling,biggest_downfall
fluoxetine,xanax,vomiting,romania
fluoxetine,morphine,vomiting,faved
fluoxetine,valium,vomiting,grapefruits
fluoxetine,ambien,vomiting,tunggal
fluoxetine,prozac,vomiting,humoring
fluoxetine,vicodin,vomiting,effecte
fluoxetine,percocet,vomiting,slyly
fluoxetine,promethazine,vomiting,faved
fluoxetine,tramadol,vomiting,melancholic
