fluoxetine,xanax,rhinitis,fiasco
fluoxetine,morphine,rhinitis,dkarma
fluoxetine,valium,rhinitis,input
fluoxetine,ambien,rhinitis,dont_forget_daytrana
fluoxetine,prozac,rhinitis,opioid_analgesic
fluoxetine,vicodin,rhinitis,jetson
fluoxetine,percocet,rhinitis,logging
fluoxetine,promethazine,rhinitis,nurx
fluoxetine,tramadol,rhinitis,absolutely_nothing
fluoxetine,xanax,nausea,minta
fluoxetine,morphine,nausea,pettiness
fluoxetine,valium,nausea,disapointment
fluoxetine,ambien,nausea,reeally
fluoxetine,prozac,nausea,expensive
fluoxetine,vicodin,nausea,dustin_diamond_busted
fluoxetine,percocet,nausea,mogul
fluoxetine,promethazine,nausea,elnino
fluoxetine,tramadol,nausea,extra_chromosome_causes_hallucinations
fluoxetine,xanax,insomnia,peter
fluoxetine,morphine,insomnia,prilosec_prevacid_protonix
fluoxetine,valium,insomnia,haiz
fluoxetine,ambien,insomnia,straightforward
fluoxetine,prozac,insomnia,clams
fluoxetine,vicodin,insomnia,haiz
fluoxetine,percocet,insomnia,1986
fluoxetine,promethazine,insomnia,lampung_avanza_inova_pajero
fluoxetine,tramadol,insomnia,haiz
fluoxetine,xanax,fatigue,rains_irrigate_nearly
fluoxetine,morphine,fatigue,agni_saturdays_disney_channel
fluoxetine,valium,fatigue,balmains
fluoxetine,ambien,fatigue,presciption
fluoxetine,prozac,fatigue,louis_tomlinson
fluoxetine,vicodin,fatigue,averse
fluoxetine,percocet,fatigue,eastwick
fluoxetine,promethazine,fatigue,sear
fluoxetine,tramadol,fatigue,wayward
fluoxetine,xanax,headache,likey
fluoxetine,morphine,headache,likey
fluoxetine,valium,headache,likey
fluoxetine,ambien,headache,nuvaring
fluoxetine,prozac,headache,dave_matthews
fluoxetine,vicodin,headache,instagramming
fluoxetine,percocet,headache,mogul
fluoxetine,promethazine,headache,episodic
fluoxetine,tramadol,headache,self_control
fluoxetine,xanax,somnolence,ghee
fluoxetine,morphine,somnolence,ween
fluoxetine,valium,somnolence,devise_statements
fluoxetine,ambien,somnolence,mcdonalds_breakfast
fluoxetine,prozac,somnolence,pavlova
fluoxetine,vicodin,somnolence,poseidon
fluoxetine,percocet,somnolence,eastwick
fluoxetine,promethazine,somnolence,devise_statements
fluoxetine,tramadol,somnolence,hoops_jump
fluoxetine,xanax,anorexia,badidea
fluoxetine,morphine,anorexia,waahh
fluoxetine,valium,anorexia,boko_haram
fluoxetine,ambien,anorexia,boko_haram
fluoxetine,prozac,anorexia,breath_probably_kleptomania
fluoxetine,vicodin,anorexia,ridin
fluoxetine,percocet,anorexia,roman_reigns
fluoxetine,promethazine,anorexia,sear
fluoxetine,tramadol,anorexia,doze
fluoxetine,xanax,dizziness,mona
fluoxetine,morphine,dizziness,works_better_mercks
fluoxetine,valium,dizziness,gangster
fluoxetine,ambien,dizziness,cleans
fluoxetine,prozac,dizziness,bathroom_sink
fluoxetine,vicodin,dizziness,karl
fluoxetine,percocet,dizziness,karl
fluoxetine,promethazine,dizziness,tweetperth
fluoxetine,tramadol,dizziness,daang
fluoxetine,xanax,tremor,toxins
fluoxetine,morphine,tremor,prilosec_prevacid_protonix
fluoxetine,valium,tremor,perched
fluoxetine,ambien,tremor,presciption
fluoxetine,prozac,tremor,bathroom_sink
fluoxetine,vicodin,tremor,telephone_directory
fluoxetine,percocet,tremor,arashi
fluoxetine,promethazine,tremor,kabla
fluoxetine,tramadol,tremor,smol
fluoxetine,xanax,depression,worsened
fluoxetine,morphine,depression,hawthorne
fluoxetine,valium,depression,mental_physical
fluoxetine,ambien,depression,cleans
fluoxetine,prozac,depression,cleans
fluoxetine,vicodin,depression,poseidon
fluoxetine,percocet,depression,justasking
fluoxetine,promethazine,depression,56nights
fluoxetine,tramadol,depression,doze
fluoxetine,xanax,diarrhoea,seinabo
fluoxetine,morphine,diarrhoea,secondcity
fluoxetine,valium,diarrhoea,ludicrous
fluoxetine,ambien,diarrhoea,mapoli
fluoxetine,prozac,diarrhoea,alittle
fluoxetine,vicodin,diarrhoea,tweetperth
fluoxetine,percocet,diarrhoea,alimta
fluoxetine,promethazine,diarrhoea,aarrgghh
fluoxetine,tramadol,diarrhoea,someone_elses
fluoxetine,xanax,pain,ssnri
fluoxetine,morphine,pain,10ml_oramorph
fluoxetine,valium,pain,thrives
fluoxetine,ambien,pain,cleans
fluoxetine,prozac,pain,thrives
fluoxetine,vicodin,pain,thrives
fluoxetine,percocet,pain,justasking
fluoxetine,promethazine,pain,sear
fluoxetine,tramadol,pain,thrives
fluoxetine,xanax,nervousness,minta
fluoxetine,morphine,nervousness,brief_acorda_therapeutics
fluoxetine,valium,nervousness,pero
fluoxetine,ambien,nervousness,sear
fluoxetine,prozac,nervousness,excessive_amount
fluoxetine,vicodin,nervousness,factory
fluoxetine,percocet,nervousness,bambam
fluoxetine,promethazine,nervousness,sear
fluoxetine,tramadol,nervousness,gott
fluoxetine,xanax,pharyngitis,testing
fluoxetine,morphine,pharyngitis,testing
fluoxetine,valium,pharyngitis,shota
fluoxetine,ambien,pharyngitis,terminals
fluoxetine,prozac,pharyngitis,pavlova
fluoxetine,vicodin,pharyngitis,allen
fluoxetine,percocet,pharyngitis,whiskeys
fluoxetine,promethazine,pharyngitis,sear
fluoxetine,tramadol,pharyngitis,allen
fluoxetine,xanax,sweating,minta
fluoxetine,morphine,sweating,horrendous
fluoxetine,valium,sweating,shota
fluoxetine,ambien,sweating,bofh_excuse_server
fluoxetine,prozac,sweating,heavyy
fluoxetine,vicodin,sweating,noni
fluoxetine,percocet,sweating,luansantana
fluoxetine,promethazine,sweating,500x
fluoxetine,tramadol,sweating,protamine
fluoxetine,xanax,dyspepsia,salmonella
fluoxetine,morphine,dyspepsia,rearing
fluoxetine,valium,dyspepsia,shota
fluoxetine,ambien,dyspepsia,cleans
fluoxetine,prozac,dyspepsia,pavlova
fluoxetine,vicodin,dyspepsia,nurse_jackie
fluoxetine,percocet,dyspepsia,online_pharmacy
fluoxetine,promethazine,dyspepsia,winslow_soothing_syrup
fluoxetine,tramadol,dyspepsia,rearing
fluoxetine,xanax,influenza,recurrent_procrastination
fluoxetine,morphine,influenza,responsibly
fluoxetine,valium,influenza,eastwick
fluoxetine,ambien,influenza,nuvaring
fluoxetine,prozac,influenza,plan
fluoxetine,vicodin,influenza,raising_awareness
fluoxetine,percocet,influenza,eastwick
fluoxetine,promethazine,influenza,sear
fluoxetine,tramadol,influenza,responsibly
fluoxetine,xanax,yawning,minta
fluoxetine,morphine,yawning,amatriptyline
fluoxetine,valium,yawning,shota
fluoxetine,ambien,yawning,limbic
fluoxetine,prozac,yawning,amatriptyline
fluoxetine,vicodin,yawning,hulk_hogan
fluoxetine,percocet,yawning,betwoodbine
fluoxetine,promethazine,yawning,walnuts
fluoxetine,tramadol,yawning,dayzz
fluoxetine,xanax,infection,presciption
fluoxetine,morphine,infection,firkins
fluoxetine,valium,infection,edged
fluoxetine,ambien,infection,presciption
fluoxetine,prozac,infection,edged
fluoxetine,vicodin,infection,doja
fluoxetine,percocet,infection,1986
fluoxetine,promethazine,infection,sear
fluoxetine,tramadol,infection,shambhala
fluoxetine,xanax,abdominal_pain,seinabo
fluoxetine,morphine,abdominal_pain,dkarma
fluoxetine,valium,abdominal_pain,main_character
fluoxetine,ambien,abdominal_pain,preorder
fluoxetine,prozac,abdominal_pain,amatriptyline
fluoxetine,vicodin,abdominal_pain,contigo
fluoxetine,percocet,abdominal_pain,safaris
fluoxetine,promethazine,abdominal_pain,probably_anorexia_causes_hemorrhagingtry
fluoxetine,tramadol,abdominal_pain,portuguese
fluoxetine,xanax,anxiety,ghee
fluoxetine,morphine,anxiety,cigna
fluoxetine,valium,anxiety,dayzz
fluoxetine,ambien,anxiety,ukpds
fluoxetine,prozac,anxiety,1500u
fluoxetine,vicodin,anxiety,world_stersund_single
fluoxetine,percocet,anxiety,type1diabetes
fluoxetine,promethazine,anxiety,sear
fluoxetine,tramadol,anxiety,dayzz
fluoxetine,xanax,urinary_tract_infection,minta
fluoxetine,morphine,urinary_tract_infection,queers
fluoxetine,valium,urinary_tract_infection,toothpicks
fluoxetine,ambien,urinary_tract_infection,hatter
fluoxetine,prozac,urinary_tract_infection,bathroom_sink
fluoxetine,vicodin,urinary_tract_infection,hatter
fluoxetine,percocet,urinary_tract_infection,annual_sales
fluoxetine,promethazine,urinary_tract_infection,suffer_premature_ejaculations_causes
fluoxetine,tramadol,urinary_tract_infection,anks
fluoxetine,xanax,amnesia,minta
fluoxetine,morphine,amnesia,less_empathetic
fluoxetine,valium,amnesia,soda
fluoxetine,ambien,amnesia,risperdal_invega
fluoxetine,prozac,amnesia,lowest_risk
fluoxetine,vicodin,amnesia,sinusitis
fluoxetine,percocet,amnesia,baytril
fluoxetine,promethazine,amnesia,sear
fluoxetine,tramadol,amnesia,ninkasi
fluoxetine,xanax,constipation,recurrent_procrastination
fluoxetine,morphine,constipation,breath_probably_kleptomania
fluoxetine,valium,constipation,shota
fluoxetine,ambien,constipation,cleans
fluoxetine,prozac,constipation,bathroom_sink
fluoxetine,vicodin,constipation,raising_awareness
fluoxetine,percocet,constipation,megadose
fluoxetine,promethazine,constipation,walnuts
fluoxetine,tramadol,constipation,pervez
fluoxetine,xanax,drowsiness,minta
fluoxetine,morphine,drowsiness,pavlova
fluoxetine,valium,drowsiness,pavlova
fluoxetine,ambien,drowsiness,cleans
fluoxetine,prozac,drowsiness,pavlova
fluoxetine,vicodin,drowsiness,tweetperth
fluoxetine,percocet,drowsiness,sprite_jolly_ranchers
fluoxetine,promethazine,drowsiness,tweetperth
fluoxetine,tramadol,drowsiness,flovents
fluoxetine,xanax,haemorrhage,vyvanses
fluoxetine,morphine,haemorrhage,anons
fluoxetine,valium,haemorrhage,shota
fluoxetine,ambien,haemorrhage,sean_jhene
fluoxetine,prozac,haemorrhage,sheesh
fluoxetine,vicodin,haemorrhage,bunch_scales_youve
fluoxetine,percocet,haemorrhage,1986
fluoxetine,promethazine,haemorrhage,iplier
fluoxetine,tramadol,haemorrhage,bebe
fluoxetine,xanax,hypersensitivity,minta
fluoxetine,morphine,hypersensitivity,deaths
fluoxetine,valium,hypersensitivity,noten_concern
fluoxetine,ambien,hypersensitivity,tete
fluoxetine,prozac,hypersensitivity,amatriptyline
fluoxetine,vicodin,hypersensitivity,rounds_higher_drafted
fluoxetine,percocet,hypersensitivity,deplorable
fluoxetine,promethazine,hypersensitivity,sear
fluoxetine,tramadol,hypersensitivity,wayward
fluoxetine,xanax,hypertension,gujarat
fluoxetine,morphine,hypertension,pettiness
fluoxetine,valium,hypertension,fats
fluoxetine,ambien,hypertension,provigil_hillaryshealth
fluoxetine,prozac,hypertension,rare_coins
fluoxetine,vicodin,hypertension,fats
fluoxetine,percocet,hypertension,pinworms
fluoxetine,promethazine,hypertension,antifreeze
fluoxetine,tramadol,hypertension,anks
fluoxetine,xanax,palpitations,tarot
fluoxetine,morphine,palpitations,dkarma
fluoxetine,valium,palpitations,cottons
fluoxetine,ambien,palpitations,headlights
fluoxetine,prozac,palpitations,headlights
fluoxetine,vicodin,palpitations,rounds_higher_drafted
fluoxetine,percocet,palpitations,disrespected_lyricas
fluoxetine,promethazine,palpitations,sear
fluoxetine,tramadol,palpitations,headlights
fluoxetine,xanax,pruritus,varying_doses
fluoxetine,morphine,pruritus,zelvia
fluoxetine,valium,pruritus,shittiest
fluoxetine,ambien,pruritus,mgsv
fluoxetine,prozac,pruritus,trap_niggas
fluoxetine,vicodin,pruritus,riots
fluoxetine,percocet,pruritus,handmaiden
fluoxetine,promethazine,pruritus,infertility_helped
fluoxetine,tramadol,pruritus,anks
fluoxetine,xanax,sinusitis,smokers
fluoxetine,morphine,sinusitis,foote
fluoxetine,valium,sinusitis,karl
fluoxetine,ambien,sinusitis,cleans
fluoxetine,prozac,sinusitis,unwillingness
fluoxetine,vicodin,sinusitis,karl
fluoxetine,percocet,sinusitis,alimta
fluoxetine,promethazine,sinusitis,collie
fluoxetine,tramadol,sinusitis,protamine
fluoxetine,xanax,tinnitus,warm_guinness_tablets
fluoxetine,morphine,tinnitus,dkarma
fluoxetine,valium,tinnitus,prettiest
fluoxetine,ambien,tinnitus,mgsv
fluoxetine,prozac,tinnitus,breath_probably_kleptomania
fluoxetine,vicodin,tinnitus,helps_males_gain
fluoxetine,percocet,tinnitus,yossy_zanga_durella
fluoxetine,promethazine,tinnitus,scavenge
fluoxetine,tramadol,tinnitus,gruden
fluoxetine,xanax,urticaria,minta
fluoxetine,morphine,urticaria,dkarma
fluoxetine,valium,urticaria,hammer
fluoxetine,ambien,urticaria,luminosity
fluoxetine,prozac,urticaria,catet
fluoxetine,vicodin,urticaria,uphill
fluoxetine,percocet,urticaria,type1diabetes
fluoxetine,promethazine,urticaria,tweetperth
fluoxetine,tramadol,urticaria,kudlow
fluoxetine,xanax,chills,agua
fluoxetine,morphine,chills,ween
fluoxetine,valium,chills,shota
fluoxetine,ambien,chills,straightforward
fluoxetine,prozac,chills,charlies
fluoxetine,vicodin,chills,factory
fluoxetine,percocet,chills,stooper
fluoxetine,promethazine,chills,antifreeze
fluoxetine,tramadol,chills,libra
fluoxetine,xanax,agitation,minta
fluoxetine,morphine,agitation,amatriptyline
fluoxetine,valium,agitation,amatriptyline
fluoxetine,ambien,agitation,amatriptyline
fluoxetine,prozac,agitation,amatriptyline
fluoxetine,vicodin,agitation,birkenstocks
fluoxetine,percocet,agitation,stones
fluoxetine,promethazine,agitation,sear
fluoxetine,tramadol,agitation,amatriptyline
fluoxetine,xanax,mood_swings,lines_coke
fluoxetine,morphine,mood_swings,inflam
fluoxetine,valium,mood_swings,cohn
fluoxetine,ambien,mood_swings,death_schizo
fluoxetine,prozac,mood_swings,white_noise
fluoxetine,vicodin,mood_swings,riots
fluoxetine,percocet,mood_swings,ruined_transformers_forever
fluoxetine,promethazine,mood_swings,sear
fluoxetine,tramadol,mood_swings,shambhala
fluoxetine,xanax,muscle_twitching,final_score
fluoxetine,morphine,muscle_twitching,ween
fluoxetine,valium,muscle_twitching,shota
fluoxetine,ambien,muscle_twitching,eric
fluoxetine,prozac,muscle_twitching,bathroom_sink
fluoxetine,vicodin,muscle_twitching,lunsford
fluoxetine,percocet,muscle_twitching,eastwick
fluoxetine,promethazine,muscle_twitching,episodic
fluoxetine,tramadol,muscle_twitching,pitbulls
fluoxetine,xanax,increased_appetite,smokers
fluoxetine,morphine,increased_appetite,reinvest
fluoxetine,valium,increased_appetite,eastwick
fluoxetine,ambien,increased_appetite,cleans
fluoxetine,prozac,increased_appetite,chord
fluoxetine,vicodin,increased_appetite,factory
fluoxetine,percocet,increased_appetite,bambam
fluoxetine,promethazine,increased_appetite,sear
fluoxetine,tramadol,increased_appetite,shambhala
fluoxetine,xanax,rash,minta
fluoxetine,morphine,rash,delayed_ejaculation
fluoxetine,valium,rash,shota
fluoxetine,ambien,rash,cleans
fluoxetine,prozac,rash,bathroom_sink
fluoxetine,vicodin,rash,bowman
fluoxetine,percocet,rash,sprite_jolly_ranchers
fluoxetine,promethazine,rash,valleys
fluoxetine,tramadol,rash,udom
fluoxetine,xanax,myalgia,recurrent_procrastination
fluoxetine,morphine,myalgia,carly_jepsen_nowplaying_pelhams
fluoxetine,valium,myalgia,tomb_raider
fluoxetine,ambien,myalgia,statements_dries_front_runner
fluoxetine,prozac,myalgia,impacted
fluoxetine,vicodin,myalgia,clona
fluoxetine,percocet,myalgia,tmnc
fluoxetine,promethazine,myalgia,worldveganday
fluoxetine,tramadol,myalgia,tuinals
fluoxetine,xanax,flatulence,salmonella
fluoxetine,morphine,flatulence,ween
fluoxetine,valium,flatulence,hoodies
fluoxetine,ambien,flatulence,helpers
fluoxetine,prozac,flatulence,lowest_risk
fluoxetine,vicodin,flatulence,faffing
fluoxetine,percocet,flatulence,call_mistake
fluoxetine,promethazine,flatulence,antifreeze
fluoxetine,tramadol,flatulence,anks
fluoxetine,xanax,vomiting,apply
fluoxetine,morphine,vomiting,chads2
fluoxetine,valium,vomiting,breath_probably_kleptomania
fluoxetine,ambien,vomiting,demi
fluoxetine,prozac,vomiting,breath_probably_kleptomania
fluoxetine,vicodin,vomiting,flaky
fluoxetine,percocet,vomiting,phenylpiracetam
fluoxetine,promethazine,vomiting,infertility_helped
fluoxetine,tramadol,vomiting,apply
fluoxetine,xanax,erectile_dysfunction,smokers
fluoxetine,morphine,erectile_dysfunction,pettiness
fluoxetine,valium,erectile_dysfunction,1420
fluoxetine,ambien,erectile_dysfunction,hatter
fluoxetine,prozac,erectile_dysfunction,nerds
fluoxetine,vicodin,erectile_dysfunction,prepworks
fluoxetine,percocet,erectile_dysfunction,thur
fluoxetine,promethazine,erectile_dysfunction,infertility_helped
fluoxetine,tramadol,erectile_dysfunction,nerds
fluoxetine,xanax,alopecia,smokers
fluoxetine,morphine,alopecia,generating
fluoxetine,valium,alopecia,autism_adhd
fluoxetine,ambien,alopecia,cleans
fluoxetine,prozac,alopecia,pavlova
fluoxetine,vicodin,alopecia,bcus
fluoxetine,percocet,alopecia,plainfield
fluoxetine,promethazine,alopecia,sear
fluoxetine,tramadol,alopecia,bcus
fluoxetine,xanax,amenorrhoea,seinabo
fluoxetine,morphine,amenorrhoea,pettiness
fluoxetine,valium,amenorrhoea,eastwick
fluoxetine,ambien,amenorrhoea,sean_jhene
fluoxetine,prozac,amenorrhoea,lowest_risk
fluoxetine,vicodin,amenorrhoea,dweebs
fluoxetine,percocet,amenorrhoea,sprite_jolly_ranchers
fluoxetine,promethazine,amenorrhoea,walnuts
fluoxetine,tramadol,amenorrhoea,anti_clotting
fluoxetine,xanax,anaemia,ssnri
fluoxetine,morphine,anaemia,prilosec_prevacid_protonix
fluoxetine,valium,anaemia,shota
fluoxetine,ambien,anaemia,mgsv
fluoxetine,prozac,anaemia,bathroom_sink
fluoxetine,vicodin,anaemia,diabetic_retinopathy
fluoxetine,percocet,anaemia,cimzia
fluoxetine,promethazine,anaemia,sear
fluoxetine,tramadol,anaemia,degen
fluoxetine,xanax,arrhythmia,salmonella
fluoxetine,morphine,arrhythmia,ween
fluoxetine,valium,arrhythmia,hammer
fluoxetine,ambien,arrhythmia,illusion
fluoxetine,prozac,arrhythmia,bich
fluoxetine,vicodin,arrhythmia,world_stersund_single
fluoxetine,percocet,arrhythmia,tucker
fluoxetine,promethazine,arrhythmia,insys
fluoxetine,tramadol,arrhythmia,imsomnia
fluoxetine,xanax,arthritis,shaken
fluoxetine,morphine,arthritis,shaken
fluoxetine,valium,arthritis,video_emergency_landing
fluoxetine,ambien,arthritis,cleans
fluoxetine,prozac,arthritis,pavlova
fluoxetine,vicodin,arthritis,tweetperth
fluoxetine,percocet,arthritis,sprite_jolly_ranchers
fluoxetine,promethazine,arthritis,sear
fluoxetine,tramadol,arthritis,anks
fluoxetine,xanax,asthma,smol
fluoxetine,morphine,asthma,dkarma
fluoxetine,valium,asthma,fuckthat
fluoxetine,ambien,asthma,treat_myxedema_coma
fluoxetine,prozac,asthma,amatriptyline
fluoxetine,vicodin,asthma,abuse_cpac2016
fluoxetine,percocet,asthma,abuse_cpac2016
fluoxetine,promethazine,asthma,saratoga
fluoxetine,tramadol,asthma,smol
fluoxetine,xanax,ataxia,lucha
fluoxetine,morphine,ataxia,deserving
fluoxetine,valium,ataxia,gangway
fluoxetine,ambien,ataxia,mgsv
fluoxetine,prozac,ataxia,breath_probably_kleptomania
fluoxetine,vicodin,ataxia,mooning
fluoxetine,percocet,ataxia,recliner
fluoxetine,promethazine,ataxia,sear
fluoxetine,tramadol,ataxia,resus
fluoxetine,xanax,bruxism,mona
fluoxetine,morphine,bruxism,compliant
fluoxetine,valium,bruxism,shota
fluoxetine,ambien,bruxism,cleans
fluoxetine,prozac,bruxism,bathroom_sink
fluoxetine,vicodin,bruxism,louis
fluoxetine,percocet,bruxism,eastwick
fluoxetine,promethazine,bruxism,walnuts
fluoxetine,tramadol,bruxism,bathroom_sink
fluoxetine,xanax,bursitis,drama_queens
fluoxetine,morphine,bursitis,lific
fluoxetine,valium,bursitis,celecoxib_orinase_azulfidine_gantrisin
fluoxetine,ambien,bursitis,balls_deep
fluoxetine,prozac,bursitis,pavlova
fluoxetine,vicodin,bursitis,moderated
fluoxetine,percocet,bursitis,balek
fluoxetine,promethazine,bursitis,antifreeze
fluoxetine,tramadol,bursitis,altered
fluoxetine,xanax,colitis,recurrent_procrastination
fluoxetine,morphine,colitis,prilosec_prevacid_protonix
fluoxetine,valium,colitis,dassit
fluoxetine,ambien,colitis,cleans
fluoxetine,prozac,colitis,nerds
fluoxetine,vicodin,colitis,contigo
fluoxetine,percocet,colitis,phenylpiracetam
fluoxetine,promethazine,colitis,acthar
fluoxetine,tramadol,colitis,nerds
fluoxetine,xanax,conjunctivitis,minta
fluoxetine,morphine,conjunctivitis,delayed_ejaculation
fluoxetine,valium,conjunctivitis,danny_murphy
fluoxetine,ambien,conjunctivitis,compulsive_behaviors
fluoxetine,prozac,conjunctivitis,cause_tachycardia_metoprolol
fluoxetine,vicodin,conjunctivitis,danny_murphy
fluoxetine,percocet,conjunctivitis,dazed
fluoxetine,promethazine,conjunctivitis,healthcaresopricey
fluoxetine,tramadol,conjunctivitis,behaviour
fluoxetine,xanax,cystitis,fiftyone
fluoxetine,morphine,cystitis,pavlova
fluoxetine,valium,cystitis,shota
fluoxetine,ambien,cystitis,sear
fluoxetine,prozac,cystitis,pavlova
fluoxetine,vicodin,cystitis,fall_aragorn
fluoxetine,percocet,cystitis,1986
fluoxetine,promethazine,cystitis,sear
fluoxetine,tramadol,cystitis,iloveu
fluoxetine,xanax,dysphagia,addawordruinamovie
fluoxetine,morphine,dysphagia,mhchat
fluoxetine,valium,dysphagia,inexpensive
fluoxetine,ambien,dysphagia,treat_myxedema_coma
fluoxetine,prozac,dysphagia,pavlova
fluoxetine,vicodin,dysphagia,application
fluoxetine,percocet,dysphagia,1955
fluoxetine,promethazine,dysphagia,cruel_world
fluoxetine,tramadol,dysphagia,self_control
fluoxetine,xanax,dehydration,smokers
fluoxetine,morphine,dehydration,learner
fluoxetine,valium,dehydration,karlie
fluoxetine,ambien,dehydration,camel
fluoxetine,prozac,dehydration,armada
fluoxetine,vicodin,dehydration,abuse_cpac2016
fluoxetine,percocet,dehydration,cimzia
fluoxetine,promethazine,dehydration,metaprolol
fluoxetine,tramadol,dehydration,drankin_syrup
fluoxetine,xanax,delirium,minta
fluoxetine,morphine,delirium,ditzy
fluoxetine,valium,delirium,soda
fluoxetine,ambien,delirium,newell
fluoxetine,prozac,delirium,proud_owner
fluoxetine,vicodin,delirium,doja
fluoxetine,percocet,delirium,sprite_jolly_ranchers
fluoxetine,promethazine,delirium,ditzy
fluoxetine,tramadol,delirium,udom
fluoxetine,xanax,depersonalisation,minta
fluoxetine,morphine,depersonalisation,dbfs
fluoxetine,valium,depersonalisation,chocolate_pudding
fluoxetine,ambien,depersonalisation,cleans
fluoxetine,prozac,depersonalisation,pavlova
fluoxetine,vicodin,depersonalisation,topical_analgesic
fluoxetine,percocet,depersonalisation,online_pharmacy
fluoxetine,promethazine,depersonalisation,sear
fluoxetine,tramadol,depersonalisation,topical_analgesic
fluoxetine,xanax,dyskinesia,gangway
fluoxetine,morphine,dyskinesia,orchid
fluoxetine,valium,dyskinesia,gangway
fluoxetine,ambien,dyskinesia,white_noise
fluoxetine,prozac,dyskinesia,white_noise
fluoxetine,vicodin,dyskinesia,factory
fluoxetine,percocet,dyskinesia,scoreboard
fluoxetine,promethazine,dyskinesia,general_forgetfulness_suffer_melancholia
fluoxetine,tramadol,dyskinesia,locks
fluoxetine,xanax,eczema,fibro_chronicpain
fluoxetine,morphine,eczema,prilosec_prevacid_protonix
fluoxetine,valium,eczema,givem
fluoxetine,ambien,eczema,cleans
fluoxetine,prozac,eczema,jiggsy
fluoxetine,vicodin,eczema,hatter
fluoxetine,percocet,eczema,price_range
fluoxetine,promethazine,eczema,walnuts
fluoxetine,tramadol,eczema,anks
fluoxetine,xanax,epistaxis,minta
fluoxetine,morphine,epistaxis,used_fire_extinguishing
fluoxetine,valium,epistaxis,shota
fluoxetine,ambien,epistaxis,train_wreck
fluoxetine,prozac,epistaxis,life_mario_carts
fluoxetine,vicodin,epistaxis,poseidon
fluoxetine,percocet,epistaxis,dallas_president
fluoxetine,promethazine,epistaxis,56nights
fluoxetine,tramadol,epistaxis,dopamin
fluoxetine,xanax,gastritis,thickly
fluoxetine,morphine,gastritis,generating
fluoxetine,valium,gastritis,anton_powers_nowplaying_pelhams
fluoxetine,ambien,gastritis,ridin
fluoxetine,prozac,gastritis,lowest_risk
fluoxetine,vicodin,gastritis,doja
fluoxetine,percocet,gastritis,stooper
fluoxetine,promethazine,gastritis,sear
fluoxetine,tramadol,gastritis,gott
fluoxetine,xanax,gastroenteritis,minta
fluoxetine,morphine,gastroenteritis,pitty
fluoxetine,valium,gastroenteritis,turned
fluoxetine,ambien,gastroenteritis,cleans
fluoxetine,prozac,gastroenteritis,vignettes
fluoxetine,vicodin,gastroenteritis,cash
fluoxetine,percocet,gastroenteritis,sarah
fluoxetine,promethazine,gastroenteritis,sear
fluoxetine,tramadol,gastroenteritis,timetable
fluoxetine,xanax,gout,minta
fluoxetine,morphine,gout,1070
fluoxetine,valium,gout,zyvox
fluoxetine,ambien,gout,kathleen
fluoxetine,prozac,gout,charlies
fluoxetine,vicodin,gout,blotter
fluoxetine,percocet,gout,justasking
fluoxetine,promethazine,gout,lampung_avanza_inova_pajero
fluoxetine,tramadol,gout,drankin_syrup
fluoxetine,xanax,hallucination,tarot
fluoxetine,morphine,hallucination,polydipsia
fluoxetine,valium,hallucination,propellant
fluoxetine,ambien,hallucination,cleans
fluoxetine,prozac,hallucination,premature
fluoxetine,vicodin,hallucination,tostitos
fluoxetine,percocet,hallucination,super_focused
fluoxetine,promethazine,hallucination,slows
fluoxetine,tramadol,hallucination,anks
fluoxetine,xanax,haematuria,minta
fluoxetine,morphine,haematuria,queers
fluoxetine,valium,haematuria,shittiest
fluoxetine,ambien,haematuria,sprite_jolly_rancher
fluoxetine,prozac,haematuria,lowest_risk
fluoxetine,vicodin,haematuria,rxlive
fluoxetine,percocet,haematuria,1986
fluoxetine,promethazine,haematuria,nurx
fluoxetine,tramadol,haematuria,anks
fluoxetine,xanax,hiccups,minta
fluoxetine,morphine,hiccups,lobbyists
fluoxetine,valium,hiccups,shota
fluoxetine,ambien,hiccups,cleans
fluoxetine,prozac,hiccups,heavyy
fluoxetine,vicodin,hiccups,rounds_higher_drafted
fluoxetine,percocet,hiccups,sprite_jolly_ranchers
fluoxetine,promethazine,hiccups,antifreeze
fluoxetine,tramadol,hiccups,offended
fluoxetine,xanax,hostility,minta
fluoxetine,morphine,hostility,dkarma
fluoxetine,valium,hostility,shota
fluoxetine,ambien,hostility,hatter
fluoxetine,prozac,hostility,methyldopa
fluoxetine,vicodin,hostility,hatter
fluoxetine,percocet,hostility,walgreen
fluoxetine,promethazine,hostility,public_appearances
fluoxetine,tramadol,hostility,parachutes
fluoxetine,xanax,hypercholesterolaemia,gangway
fluoxetine,morphine,hypercholesterolaemia,petty_childish
fluoxetine,valium,hypercholesterolaemia,gangway
fluoxetine,ambien,hypercholesterolaemia,usually
fluoxetine,prozac,hypercholesterolaemia,agar
fluoxetine,vicodin,hypercholesterolaemia,draintheswamp
fluoxetine,percocet,hypercholesterolaemia,bambam
fluoxetine,promethazine,hypercholesterolaemia,tweetperth
fluoxetine,tramadol,hypercholesterolaemia,anks
fluoxetine,xanax,hyperlipidaemia,rejectedhogwartsspells
fluoxetine,morphine,hyperlipidaemia,naruto
fluoxetine,valium,hyperlipidaemia,pero
fluoxetine,ambien,hyperlipidaemia,sickbay
fluoxetine,prozac,hyperlipidaemia,cause_tachycardia_metoprolol
fluoxetine,vicodin,hyperlipidaemia,unfilled
fluoxetine,percocet,hyperlipidaemia,eastwick
fluoxetine,promethazine,hyperlipidaemia,56nights
fluoxetine,tramadol,hyperlipidaemia,hairs
fluoxetine,xanax,hyperventilation,septiccomments
fluoxetine,morphine,hyperventilation,secondcity
fluoxetine,valium,hyperventilation,soda
fluoxetine,ambien,hyperventilation,cleans
fluoxetine,prozac,hyperventilation,spoils
fluoxetine,vicodin,hyperventilation,sodomy
fluoxetine,percocet,hyperventilation,justasking
fluoxetine,promethazine,hyperventilation,sprite_jolly_rancher
fluoxetine,tramadol,hyperventilation,protamine
fluoxetine,xanax,hypotension,dono
fluoxetine,morphine,hypotension,rocknroll
fluoxetine,valium,hypotension,wilds
fluoxetine,ambien,hypotension,cleans
fluoxetine,prozac,hypotension,bathroom_sink
fluoxetine,vicodin,hypotension,totoro
fluoxetine,percocet,hypotension,justasking
fluoxetine,promethazine,hypotension,bagels
fluoxetine,tramadol,hypotension,2tytklassic_localrapper_durella_2tytklassic
fluoxetine,xanax,orthostatic_hypotension,minta
fluoxetine,morphine,orthostatic_hypotension,pettiness
fluoxetine,valium,orthostatic_hypotension,hammer
fluoxetine,ambien,orthostatic_hypotension,cleans
fluoxetine,prozac,orthostatic_hypotension,pavlova
fluoxetine,vicodin,orthostatic_hypotension,blotter
fluoxetine,percocet,orthostatic_hypotension,cliff
fluoxetine,promethazine,orthostatic_hypotension,sear
fluoxetine,tramadol,orthostatic_hypotension,udom
fluoxetine,xanax,hypothyroidism,minta
fluoxetine,morphine,hypothyroidism,ditzy
fluoxetine,valium,hypothyroidism,shota
fluoxetine,ambien,hypothyroidism,kurang
fluoxetine,prozac,hypothyroidism,noten_department_store
fluoxetine,vicodin,hypothyroidism,poseidon
fluoxetine,percocet,hypothyroidism,eastwick
fluoxetine,promethazine,hypothyroidism,saratoga
fluoxetine,tramadol,hypothyroidism,punch
fluoxetine,xanax,menopause,toxins
fluoxetine,morphine,menopause,acute_pulmonary_edema
fluoxetine,valium,menopause,pero
fluoxetine,ambien,menopause,mgsv
fluoxetine,prozac,menopause,banners
fluoxetine,vicodin,menopause,kevon_seymour
fluoxetine,percocet,menopause,cimzia
fluoxetine,promethazine,menopause,garrett
fluoxetine,tramadol,menopause,udom
fluoxetine,xanax,menorrhagia,dogsoftwitter
fluoxetine,morphine,menorrhagia,attorney_general
fluoxetine,valium,menorrhagia,leah
fluoxetine,ambien,menorrhagia,cleans
fluoxetine,prozac,menorrhagia,galore
fluoxetine,vicodin,menorrhagia,rounds_higher_drafted
fluoxetine,percocet,menorrhagia,roman_reigns
fluoxetine,promethazine,menorrhagia,sear
fluoxetine,tramadol,menorrhagia,attorney_general
fluoxetine,xanax,myocardial_infarction,smokers
fluoxetine,morphine,myocardial_infarction,learner
fluoxetine,valium,myocardial_infarction,gangway
fluoxetine,ambien,myocardial_infarction,nuvaring
fluoxetine,prozac,myocardial_infarction,bathroom_sink
fluoxetine,vicodin,myocardial_infarction,raising_awareness
fluoxetine,percocet,myocardial_infarction,upload
fluoxetine,promethazine,myocardial_infarction,walnuts
fluoxetine,tramadol,myocardial_infarction,tuinals
fluoxetine,xanax,myoclonus,minta
fluoxetine,morphine,myoclonus,lions
fluoxetine,valium,myoclonus,shota
fluoxetine,ambien,myoclonus,heading
fluoxetine,prozac,myoclonus,spoils
fluoxetine,vicodin,myoclonus,tarn
fluoxetine,percocet,myoclonus,lions
fluoxetine,promethazine,myoclonus,tweetperth
fluoxetine,tramadol,myoclonus,teenage_boys
fluoxetine,xanax,neuralgia,smokers
fluoxetine,morphine,neuralgia,routes
fluoxetine,valium,neuralgia,flimsy
fluoxetine,ambien,neuralgia,train_wreck
fluoxetine,prozac,neuralgia,train_wreck
fluoxetine,vicodin,neuralgia,dbfs
fluoxetine,percocet,neuralgia,yossy_zanga_durella
fluoxetine,promethazine,neuralgia,risk_cardiovascular_events
fluoxetine,tramadol,neuralgia,anks
fluoxetine,xanax,neurosis,halothane
fluoxetine,morphine,neurosis,whooa
fluoxetine,valium,neurosis,disorder_cabgolin_online
fluoxetine,ambien,neurosis,mgsv
fluoxetine,prozac,neurosis,victories
fluoxetine,vicodin,neurosis,photobook
fluoxetine,percocet,neurosis,wont_soul_drown
fluoxetine,promethazine,neurosis,sear
fluoxetine,tramadol,neurosis,wont_soul_drown
fluoxetine,xanax,nocturia,logan
fluoxetine,morphine,nocturia,pettiness
fluoxetine,valium,nocturia,shota
fluoxetine,ambien,nocturia,sean_jhene
fluoxetine,prozac,nocturia,motherhoodmovies
fluoxetine,vicodin,nocturia,metaphorminute
fluoxetine,percocet,nocturia,punched
fluoxetine,promethazine,nocturia,risk_cardiovascular_events
fluoxetine,tramadol,nocturia,mediate
fluoxetine,xanax,personality_disorder,youtube
fluoxetine,morphine,personality_disorder,pavlova
fluoxetine,valium,personality_disorder,edged
fluoxetine,ambien,personality_disorder,nuvaring
fluoxetine,prozac,personality_disorder,pavlova
fluoxetine,vicodin,personality_disorder,draintheswamp
fluoxetine,percocet,personality_disorder,justasking
fluoxetine,promethazine,personality_disorder,episodic
fluoxetine,tramadol,personality_disorder,anks
fluoxetine,xanax,polyuria,minta
fluoxetine,morphine,polyuria,irrational_anger
fluoxetine,valium,polyuria,mgsv
fluoxetine,ambien,polyuria,mgsv
fluoxetine,prozac,polyuria,bathroom_sink
fluoxetine,vicodin,polyuria,folate_vitamin
fluoxetine,percocet,polyuria,pinworms
fluoxetine,promethazine,polyuria,tweetperth
fluoxetine,tramadol,polyuria,fortress
fluoxetine,xanax,convulsion,minta
fluoxetine,morphine,convulsion,shaken
fluoxetine,valium,convulsion,evol
fluoxetine,ambien,convulsion,kejap_lagi
fluoxetine,prozac,convulsion,pavlova
fluoxetine,vicodin,convulsion,cysts
fluoxetine,percocet,convulsion,celebrex_found_riskier
fluoxetine,promethazine,convulsion,happy_mothers
fluoxetine,tramadol,convulsion,theatrical
fluoxetine,xanax,suicide_attempt,pree
fluoxetine,morphine,suicide_attempt,food_services_analyse
fluoxetine,valium,suicide_attempt,pree
fluoxetine,ambien,suicide_attempt,pree
fluoxetine,prozac,suicide_attempt,thin_mints
fluoxetine,vicodin,suicide_attempt,pree
fluoxetine,percocet,suicide_attempt,sprite_jolly_ranchers
fluoxetine,promethazine,suicide_attempt,sear
fluoxetine,tramadol,suicide_attempt,drankin_syrup
fluoxetine,xanax,syncope,flintstones_chewable
fluoxetine,morphine,syncope,refuse_allow_negativity
fluoxetine,valium,syncope,shota
fluoxetine,ambien,syncope,pree
fluoxetine,prozac,syncope,cause_tachycardia_metoprolol
fluoxetine,vicodin,syncope,chomps
fluoxetine,percocet,syncope,refuse_allow_negativity
fluoxetine,promethazine,syncope,untamed_state
fluoxetine,tramadol,syncope,turun
fluoxetine,xanax,tachycardia,newalanbennettmonologues
fluoxetine,morphine,tachycardia,stfuu
fluoxetine,valium,tachycardia,shota
fluoxetine,ambien,tachycardia,amatriptyline
fluoxetine,prozac,tachycardia,amatriptyline
fluoxetine,vicodin,tachycardia,godbless
fluoxetine,percocet,tachycardia,alimta
fluoxetine,promethazine,tachycardia,lampung_avanza_inova_pajero
fluoxetine,tramadol,tachycardia,anks
fluoxetine,xanax,thirst,kicking_butt
fluoxetine,morphine,thirst,delayed_ejaculation
fluoxetine,valium,thirst,shota
fluoxetine,ambien,thirst,jmarie
fluoxetine,prozac,thirst,rare_coins
fluoxetine,vicodin,thirst,tweetperth
fluoxetine,percocet,thirst,sprite_jolly_ranchers
fluoxetine,promethazine,thirst,tweetperth
fluoxetine,tramadol,thirst,anks
fluoxetine,xanax,vertigo,minta
fluoxetine,morphine,vertigo,incarnation
fluoxetine,valium,vertigo,dirty_clothes
fluoxetine,ambien,vertigo,cleans
fluoxetine,prozac,vertigo,spoils
fluoxetine,vicodin,vertigo,crashed
fluoxetine,percocet,vertigo,rebellion
fluoxetine,promethazine,vertigo,saratoga
fluoxetine,tramadol,vertigo,shambhala
fluoxetine,xanax,urinary_retention,minta
fluoxetine,morphine,urinary_retention,chads2
fluoxetine,valium,urinary_retention,bookie
fluoxetine,ambien,urinary_retention,nuvaring
fluoxetine,prozac,urinary_retention,premature
fluoxetine,vicodin,urinary_retention,lyricas_singing_audience
fluoxetine,percocet,urinary_retention,alimta
fluoxetine,promethazine,urinary_retention,simplification_referring_hosted
fluoxetine,tramadol,urinary_retention,anks
fluoxetine,xanax,apathy,tablets_pakistan
fluoxetine,morphine,apathy,delayed_ejaculation
fluoxetine,valium,apathy,shota
fluoxetine,ambien,apathy,mgsv
fluoxetine,prozac,apathy,ridilin
fluoxetine,vicodin,apathy,instagramming
fluoxetine,percocet,apathy,sprite_jolly_ranchers
fluoxetine,promethazine,apathy,sear
fluoxetine,tramadol,apathy,sociopaths
fluoxetine,xanax,photophobia,minta
fluoxetine,morphine,photophobia,pettiness
fluoxetine,valium,photophobia,masking_tape
fluoxetine,ambien,photophobia,ridin
fluoxetine,prozac,photophobia,pavlova
fluoxetine,vicodin,photophobia,world_stersund_single
fluoxetine,percocet,photophobia,sprite_jolly_ranchers
fluoxetine,promethazine,photophobia,sear
fluoxetine,tramadol,photophobia,kitorang
fluoxetine,xanax,migraine,tarot
fluoxetine,morphine,migraine,sneakin_geekin
fluoxetine,valium,migraine,pero
fluoxetine,ambien,migraine,cleans
fluoxetine,prozac,migraine,pavlova
fluoxetine,vicodin,migraine,sneakin_geekin
fluoxetine,percocet,migraine,sneakin_geekin
fluoxetine,promethazine,migraine,iplier
fluoxetine,tramadol,migraine,tehere
fluoxetine,xanax,abortion,cleaned_kitchen
fluoxetine,morphine,abortion,life
fluoxetine,valium,abortion,dirty_clothes
fluoxetine,ambien,abortion,nuvaring
fluoxetine,prozac,abortion,plan
fluoxetine,vicodin,abortion,doja
fluoxetine,percocet,abortion,bambam
fluoxetine,promethazine,abortion,simplification_referring_hosted
fluoxetine,tramadol,abortion,allen
fluoxetine,xanax,malnutrition,proprietary_software
fluoxetine,morphine,malnutrition,dkarma
fluoxetine,valium,malnutrition,pero
fluoxetine,ambien,malnutrition,dkarma
fluoxetine,prozac,malnutrition,pavlova
fluoxetine,vicodin,malnutrition,draintheswamp
fluoxetine,percocet,malnutrition,sprite_jolly_ranchers
fluoxetine,promethazine,malnutrition,saratoga
fluoxetine,tramadol,malnutrition,locks
fluoxetine,xanax,malaise,smokers
fluoxetine,morphine,malaise,delayed_ejaculation
fluoxetine,valium,malaise,cottons
fluoxetine,ambien,malaise,sear
fluoxetine,prozac,malaise,charlies
fluoxetine,vicodin,malaise,rounds_higher_drafted
fluoxetine,percocet,malaise,sprite_jolly_ranchers
fluoxetine,promethazine,malaise,sear
fluoxetine,tramadol,malaise,shtick
fluoxetine,xanax,anorgasmia,british_passenger_liner_titanic
fluoxetine,morphine,anorgasmia,pavlova
fluoxetine,valium,anorgasmia,shota
fluoxetine,ambien,anorgasmia,cleans
fluoxetine,prozac,anorgasmia,pavlova
fluoxetine,vicodin,anorgasmia,karl
fluoxetine,percocet,anorgasmia,rory
fluoxetine,promethazine,anorgasmia,sear
fluoxetine,tramadol,anorgasmia,dirrty
fluoxetine,xanax,akathisia,minta
fluoxetine,morphine,akathisia,cyberbully
fluoxetine,valium,akathisia,hospitable
fluoxetine,ambien,akathisia,sean_jhene
fluoxetine,prozac,akathisia,lowest_risk
fluoxetine,vicodin,akathisia,hospitable
fluoxetine,percocet,akathisia,eastwick
fluoxetine,promethazine,akathisia,sear
fluoxetine,tramadol,akathisia,general_discomfort_suffer_anorexia
fluoxetine,xanax,neuropathy,salmonella
fluoxetine,morphine,neuropathy,pettiness
fluoxetine,valium,neuropathy,eastwick
fluoxetine,ambien,neuropathy,kurang
fluoxetine,prozac,neuropathy,plan
fluoxetine,vicodin,neuropathy,rounds_higher_drafted
fluoxetine,percocet,neuropathy,sprite_jolly_ranchers
fluoxetine,promethazine,neuropathy,walnuts
fluoxetine,tramadol,neuropathy,flovents
fluoxetine,xanax,sexual_dysfunction,mediator
fluoxetine,morphine,sexual_dysfunction,dkarma
fluoxetine,valium,sexual_dysfunction,shota
fluoxetine,ambien,sexual_dysfunction,offseason
fluoxetine,prozac,sexual_dysfunction,bathroom_sink
fluoxetine,vicodin,sexual_dysfunction,nurse_jackie
fluoxetine,percocet,sexual_dysfunction,whisperer
fluoxetine,promethazine,sexual_dysfunction,mozart
fluoxetine,tramadol,sexual_dysfunction,agitate
fluoxetine,xanax,acne,salmonella
fluoxetine,morphine,acne,gentrification
fluoxetine,valium,acne,shota
fluoxetine,ambien,acne,cleans
fluoxetine,prozac,acne,cleans
fluoxetine,vicodin,acne,raising_awareness
fluoxetine,percocet,acne,venturi
fluoxetine,promethazine,acne,patriotsnation
fluoxetine,tramadol,acne,anks
fluoxetine,xanax,apnoea,smokers
fluoxetine,morphine,apnoea,foote
fluoxetine,valium,apnoea,karl
fluoxetine,ambien,apnoea,hatter
fluoxetine,prozac,apnoea,autopilot
fluoxetine,vicodin,apnoea,jetson
fluoxetine,percocet,apnoea,karl
fluoxetine,promethazine,apnoea,antifreeze
fluoxetine,tramadol,apnoea,dopamin
fluoxetine,xanax,rheumatoid_arthritis,minta
fluoxetine,morphine,rheumatoid_arthritis,1070
fluoxetine,valium,rheumatoid_arthritis,shota
fluoxetine,ambien,rheumatoid_arthritis,heed
fluoxetine,prozac,rheumatoid_arthritis,myelosuppression
fluoxetine,vicodin,rheumatoid_arthritis,heed
fluoxetine,percocet,rheumatoid_arthritis,west_side
fluoxetine,promethazine,rheumatoid_arthritis,jammies
fluoxetine,tramadol,rheumatoid_arthritis,protamine
fluoxetine,xanax,atrial_fibrillation,recurrent_procrastination
fluoxetine,morphine,atrial_fibrillation,pettiness
fluoxetine,valium,atrial_fibrillation,shota
fluoxetine,ambien,atrial_fibrillation,complexity_peoples_memories_chats
fluoxetine,prozac,atrial_fibrillation,brunch
fluoxetine,vicodin,atrial_fibrillation,holland
fluoxetine,percocet,atrial_fibrillation,phenylpiracetam
fluoxetine,promethazine,atrial_fibrillation,brunch
fluoxetine,tramadol,atrial_fibrillation,anks
fluoxetine,xanax,cholecystitis,edit
fluoxetine,morphine,cholecystitis,pavlova
fluoxetine,valium,cholecystitis,pavlova
fluoxetine,ambien,cholecystitis,pavlova
fluoxetine,prozac,cholecystitis,pavlova
fluoxetine,vicodin,cholecystitis,pavlova
fluoxetine,percocet,cholecystitis,pavlova
fluoxetine,promethazine,cholecystitis,sear
fluoxetine,tramadol,cholecystitis,pavlova
fluoxetine,xanax,coma,researchers_university
fluoxetine,morphine,coma,researchers_university
fluoxetine,valium,coma,cleans
fluoxetine,ambien,coma,cleans
fluoxetine,prozac,coma,cleans
fluoxetine,vicodin,coma,4mos
fluoxetine,percocet,coma,researchers_university
fluoxetine,promethazine,coma,occipital
fluoxetine,tramadol,coma,researchers_university
fluoxetine,xanax,deafness,edgar_allen
fluoxetine,morphine,deafness,pettiness
fluoxetine,valium,deafness,eastwick
fluoxetine,ambien,deafness,nuvaring
fluoxetine,prozac,deafness,agar
fluoxetine,vicodin,deafness,tweetperth
fluoxetine,percocet,deafness,eastwick
fluoxetine,promethazine,deafness,tweetperth
fluoxetine,tramadol,deafness,anks
fluoxetine,xanax,delusion,toxins
fluoxetine,morphine,delusion,pettiness
fluoxetine,valium,delusion,shota
fluoxetine,ambien,delusion,3mgs
fluoxetine,prozac,delusion,scad
fluoxetine,vicodin,delusion,scad
fluoxetine,percocet,delusion,blackpool
fluoxetine,promethazine,delusion,risk_cardiovascular_events
fluoxetine,tramadol,delusion,kitorang
fluoxetine,xanax,diplopia,smokers
fluoxetine,morphine,diplopia,analogous
fluoxetine,valium,diplopia,metformin_clomid
fluoxetine,ambien,diplopia,whoever_stole
fluoxetine,prozac,diplopia,unwillingness
fluoxetine,vicodin,diplopia,blanche
fluoxetine,percocet,diplopia,whoever_stole
fluoxetine,promethazine,diplopia,sear
fluoxetine,tramadol,diplopia,worcester
fluoxetine,xanax,duodenal_ulcer,gyno_canesten
fluoxetine,morphine,duodenal_ulcer,levers
fluoxetine,valium,duodenal_ulcer,shittiest
fluoxetine,ambien,duodenal_ulcer,gyno_canesten
fluoxetine,prozac,duodenal_ulcer,framingham
fluoxetine,vicodin,duodenal_ulcer,rounds_higher_drafted
fluoxetine,percocet,duodenal_ulcer,1986
fluoxetine,promethazine,duodenal_ulcer,tweetperth
fluoxetine,tramadol,duodenal_ulcer,protamine
fluoxetine,xanax,dysarthria,gangway
fluoxetine,morphine,dysarthria,prilosec_prevacid_protonix
fluoxetine,valium,dysarthria,gangway
fluoxetine,ambien,dysarthria,gyno_canesten
fluoxetine,prozac,dysarthria,comprare_cialis
fluoxetine,vicodin,dysarthria,factory
fluoxetine,percocet,dysarthria,handmaiden
fluoxetine,promethazine,dysarthria,gangway
fluoxetine,tramadol,dysarthria,behaviour
fluoxetine,xanax,enteritis,smoove
fluoxetine,morphine,enteritis,loveless
fluoxetine,valium,enteritis,dirty_clothes
fluoxetine,ambien,enteritis,smoove
fluoxetine,prozac,enteritis,smoove
fluoxetine,vicodin,enteritis,raising_awareness
fluoxetine,percocet,enteritis,1986
fluoxetine,promethazine,enteritis,smoove
fluoxetine,tramadol,enteritis,queen_freya
fluoxetine,xanax,glaucoma,lines_coke
fluoxetine,morphine,glaucoma,pettiness
fluoxetine,valium,glaucoma,rcvd
fluoxetine,ambien,glaucoma,cleans
fluoxetine,prozac,glaucoma,pavlova
fluoxetine,vicodin,glaucoma,creatively
fluoxetine,percocet,glaucoma,justasking
fluoxetine,promethazine,glaucoma,lampung_avanza_inova_pajero
fluoxetine,tramadol,glaucoma,meteor
fluoxetine,xanax,cardiac_arrest,walter
fluoxetine,morphine,cardiac_arrest,generating
fluoxetine,valium,cardiac_arrest,shota
fluoxetine,ambien,cardiac_arrest,cleans
fluoxetine,prozac,cardiac_arrest,cleans
fluoxetine,vicodin,cardiac_arrest,backfired
fluoxetine,percocet,cardiac_arrest,iftwitteronlyhad50yearolds
fluoxetine,promethazine,cardiac_arrest,background_checks
fluoxetine,tramadol,cardiac_arrest,veep
fluoxetine,xanax,hepatitis,minta
fluoxetine,morphine,hepatitis,migrating
fluoxetine,valium,hepatitis,soda
fluoxetine,ambien,hepatitis,straightforward
fluoxetine,prozac,hepatitis,somay
fluoxetine,vicodin,hepatitis,revia
fluoxetine,percocet,hepatitis,molded
fluoxetine,promethazine,hepatitis,tweetperth
fluoxetine,tramadol,hepatitis,pelo
fluoxetine,xanax,hirsutism,sutter
fluoxetine,morphine,hirsutism,meum
fluoxetine,valium,hirsutism,pree
fluoxetine,ambien,hirsutism,pree
fluoxetine,prozac,hirsutism,lowest_risk
fluoxetine,vicodin,hirsutism,raising_awareness
fluoxetine,percocet,hirsutism,employs
fluoxetine,promethazine,hirsutism,nurx
fluoxetine,tramadol,hirsutism,anks
fluoxetine,xanax,hyperkalaemia,salmonella
fluoxetine,morphine,hyperkalaemia,lific
fluoxetine,valium,hyperkalaemia,acclaim
fluoxetine,ambien,hyperkalaemia,bassy
fluoxetine,prozac,hyperkalaemia,rationally
fluoxetine,vicodin,hyperkalaemia,diabetic_retinopathy
fluoxetine,percocet,hyperkalaemia,justasking
fluoxetine,promethazine,hyperkalaemia,patriotsnation
fluoxetine,tramadol,hyperkalaemia,malleyscrub
fluoxetine,xanax,pulmonary_hypertension,minta
fluoxetine,morphine,pulmonary_hypertension,doxycycline_lyme
fluoxetine,valium,pulmonary_hypertension,wilds
fluoxetine,ambien,pulmonary_hypertension,blurted
fluoxetine,prozac,pulmonary_hypertension,pavlova
fluoxetine,vicodin,pulmonary_hypertension,intracranial
fluoxetine,percocet,pulmonary_hypertension,worth
fluoxetine,promethazine,pulmonary_hypertension,sear
fluoxetine,tramadol,pulmonary_hypertension,comparisons
fluoxetine,xanax,iritis,donc
fluoxetine,morphine,iritis,chads2
fluoxetine,valium,iritis,cottons
fluoxetine,ambien,iritis,mgsv
fluoxetine,prozac,iritis,pavlova
fluoxetine,vicodin,iritis,tweetperth
fluoxetine,percocet,iritis,alimta
fluoxetine,promethazine,iritis,tweetperth
fluoxetine,tramadol,iritis,iloveu
fluoxetine,xanax,leukopenia,kicking_butt
fluoxetine,morphine,leukopenia,prilosec_prevacid_protonix
fluoxetine,valium,leukopenia,emconf
fluoxetine,ambien,leukopenia,cleans
fluoxetine,prozac,leukopenia,fast_cars
fluoxetine,vicodin,leukopenia,lars
fluoxetine,percocet,leukopenia,sprite_jolly_ranchers
fluoxetine,promethazine,leukopenia,sear
fluoxetine,tramadol,leukopenia,anks
fluoxetine,xanax,myopathy,tarot
fluoxetine,morphine,myopathy,esports
fluoxetine,valium,myopathy,shota
fluoxetine,ambien,myopathy,cleans
fluoxetine,prozac,myopathy,pavlova
fluoxetine,vicodin,myopathy,beyonces_jealous
fluoxetine,percocet,myopathy,apologizes
fluoxetine,promethazine,myopathy,dissertation
fluoxetine,tramadol,myopathy,apologizes
fluoxetine,xanax,myositis,gangway
fluoxetine,morphine,myositis,pettiness
fluoxetine,valium,myositis,hammer
fluoxetine,ambien,myositis,fell_stairs
fluoxetine,prozac,myositis,pavlova
fluoxetine,vicodin,myositis,world_stersund_single
fluoxetine,percocet,myositis,super_focused
fluoxetine,promethazine,myositis,page_essays
fluoxetine,tramadol,myositis,tuinals
fluoxetine,xanax,neuritis,easily_accessible
fluoxetine,morphine,neuritis,sear
fluoxetine,valium,neuritis,georgia
fluoxetine,ambien,neuritis,sear
fluoxetine,prozac,neuritis,sear
fluoxetine,vicodin,neuritis,georgia
fluoxetine,percocet,neuritis,justasking
fluoxetine,promethazine,neuritis,sear
fluoxetine,tramadol,neuritis,gott
fluoxetine,xanax,osteomyelitis,theambientrials
fluoxetine,morphine,osteomyelitis,dkarma
fluoxetine,valium,osteomyelitis,prettiest
fluoxetine,ambien,osteomyelitis,nuvaring
fluoxetine,prozac,osteomyelitis,framingham
fluoxetine,vicodin,osteomyelitis,elisabeth
fluoxetine,percocet,osteomyelitis,breasts
fluoxetine,promethazine,osteomyelitis,simplification_referring_hosted
fluoxetine,tramadol,osteomyelitis,microwaveable
fluoxetine,xanax,osteoporosis,minta
fluoxetine,morphine,osteoporosis,prilosec_prevacid_protonix
fluoxetine,valium,osteoporosis,praxbind_reverse_effects
fluoxetine,ambien,osteoporosis,cleans
fluoxetine,prozac,osteoporosis,bathroom_sink
fluoxetine,vicodin,osteoporosis,poseidon
fluoxetine,percocet,osteoporosis,impotency
fluoxetine,promethazine,osteoporosis,sear
fluoxetine,tramadol,osteoporosis,alden
fluoxetine,xanax,pancreatitis,smokers
fluoxetine,morphine,pancreatitis,delayed_ejaculation
fluoxetine,valium,pancreatitis,shota
fluoxetine,ambien,pancreatitis,train_wreck
fluoxetine,prozac,pancreatitis,underground
fluoxetine,vicodin,pancreatitis,trippy
fluoxetine,percocet,pancreatitis,diarrhea_filled
fluoxetine,promethazine,pancreatitis,saratoga
fluoxetine,tramadol,pancreatitis,otunga
fluoxetine,xanax,peptic_ulcer,recurrent_procrastination
fluoxetine,morphine,peptic_ulcer,delayed_ejaculation
fluoxetine,valium,peptic_ulcer,wonderful_refuses_jardiance
fluoxetine,ambien,peptic_ulcer,limbic
fluoxetine,prozac,peptic_ulcer,excessive_amount
fluoxetine,vicodin,peptic_ulcer,world_stersund_single
fluoxetine,percocet,peptic_ulcer,sprite_jolly_ranchers
fluoxetine,promethazine,peptic_ulcer,ditzy
fluoxetine,tramadol,peptic_ulcer,innovator
fluoxetine,xanax,phlebitis,thickly
fluoxetine,morphine,phlebitis,thursday
fluoxetine,valium,phlebitis,f200
fluoxetine,ambien,phlebitis,terminals
fluoxetine,prozac,phlebitis,pavlova
fluoxetine,vicodin,phlebitis,netsky
fluoxetine,percocet,phlebitis,pinworms
fluoxetine,promethazine,phlebitis,sear
fluoxetine,tramadol,phlebitis,locks
fluoxetine,xanax,pneumothorax,gujarat
fluoxetine,morphine,pneumothorax,gujarat
fluoxetine,valium,pneumothorax,shota
fluoxetine,ambien,pneumothorax,cleans
fluoxetine,prozac,pneumothorax,scomillio
fluoxetine,vicodin,pneumothorax,huhuhuhu
fluoxetine,percocet,pneumothorax,1986
fluoxetine,promethazine,pneumothorax,page_essays
fluoxetine,tramadol,pneumothorax,award
fluoxetine,xanax,priapism,dosulepin
fluoxetine,morphine,priapism,prilosec_prevacid_protonix
fluoxetine,valium,priapism,muscles_relaxers
fluoxetine,ambien,priapism,nuvaring
fluoxetine,prozac,priapism,cause_tachycardia_metoprolol
fluoxetine,vicodin,priapism,cost_yeara
fluoxetine,percocet,priapism,sprite_jolly_ranchers
fluoxetine,promethazine,priapism,sear
fluoxetine,tramadol,priapism,proxy_causes_eventual_death
fluoxetine,xanax,psoriasis,agua
fluoxetine,morphine,psoriasis,cigna
fluoxetine,valium,psoriasis,boko_haram
fluoxetine,ambien,psoriasis,boko_haram
fluoxetine,prozac,psoriasis,inherited
fluoxetine,vicodin,psoriasis,tweetperth
fluoxetine,percocet,psoriasis,1986
fluoxetine,promethazine,psoriasis,nurx
fluoxetine,tramadol,psoriasis,anks
fluoxetine,xanax,pulmonary_oedema,prettiest
fluoxetine,morphine,pulmonary_oedema,heller
fluoxetine,valium,pulmonary_oedema,givem
fluoxetine,ambien,pulmonary_oedema,straightforward
fluoxetine,prozac,pulmonary_oedema,rationally
fluoxetine,vicodin,pulmonary_oedema,rescue_inhaler_meded_nursing
fluoxetine,percocet,pulmonary_oedema,sprite_jolly_ranchers
fluoxetine,promethazine,pulmonary_oedema,episodic
fluoxetine,tramadol,pulmonary_oedema,cuma
fluoxetine,xanax,pulmonary_embolism,salmonella
fluoxetine,morphine,pulmonary_embolism,autistics
fluoxetine,valium,pulmonary_embolism,prevacid_protonix
fluoxetine,ambien,pulmonary_embolism,ijat
fluoxetine,prozac,pulmonary_embolism,pavlova
fluoxetine,vicodin,pulmonary_embolism,noni
fluoxetine,percocet,pulmonary_embolism,sprite_jolly_ranchers
fluoxetine,promethazine,pulmonary_embolism,sear
fluoxetine,tramadol,pulmonary_embolism,punch
fluoxetine,xanax,emphysema,smokers
fluoxetine,morphine,emphysema,rads
fluoxetine,valium,emphysema,jumpa
fluoxetine,ambien,emphysema,cleans
fluoxetine,prozac,emphysema,pavlova
fluoxetine,vicodin,emphysema,draintheswamp
fluoxetine,percocet,emphysema,reporting
fluoxetine,promethazine,emphysema,sear
fluoxetine,tramadol,emphysema,nofilter
fluoxetine,xanax,purpura,fiftyone
fluoxetine,morphine,purpura,reopen
fluoxetine,valium,purpura,advance
fluoxetine,ambien,purpura,john_buzon_trio_ghost
fluoxetine,prozac,purpura,blood_clot_lung
fluoxetine,vicodin,purpura,cancelling
fluoxetine,percocet,purpura,1986
fluoxetine,promethazine,purpura,slows
fluoxetine,tramadol,purpura,anks
fluoxetine,xanax,shock,smol
fluoxetine,morphine,shock,secondcity
fluoxetine,valium,shock,shota
fluoxetine,ambien,shock,terminals
fluoxetine,prozac,shock,bathroom_sink
fluoxetine,vicodin,shock,world_stersund_single
fluoxetine,percocet,shock,mikes
fluoxetine,promethazine,shock,sear
fluoxetine,tramadol,shock,mikes
fluoxetine,xanax,thrombocytopenia,seinabo
fluoxetine,morphine,thrombocytopenia,dkarma
fluoxetine,valium,thrombocytopenia,shota
fluoxetine,ambien,thrombocytopenia,boko_haram
fluoxetine,prozac,thrombocytopenia,charlies
fluoxetine,vicodin,thrombocytopenia,raising_awareness
fluoxetine,percocet,thrombocytopenia,1986
fluoxetine,promethazine,thrombocytopenia,nurx
fluoxetine,tramadol,thrombocytopenia,anks
fluoxetine,xanax,thrombophlebitis,smokers
fluoxetine,morphine,thrombophlebitis,amatriptyline
fluoxetine,valium,thrombophlebitis,cleans
fluoxetine,ambien,thrombophlebitis,cleans
fluoxetine,prozac,thrombophlebitis,amatriptyline
fluoxetine,vicodin,thrombophlebitis,bittering
fluoxetine,percocet,thrombophlebitis,a1cs
fluoxetine,promethazine,thrombophlebitis,resul
fluoxetine,tramadol,thrombophlebitis,inept
fluoxetine,xanax,thrombosis,minta
fluoxetine,morphine,thrombosis,ween
fluoxetine,valium,thrombosis,sutter
fluoxetine,ambien,thrombosis,mgsv
fluoxetine,prozac,thrombosis,bathroom_sink
fluoxetine,vicodin,thrombosis,siao
fluoxetine,percocet,thrombosis,justasking
fluoxetine,promethazine,thrombosis,sear
fluoxetine,tramadol,thrombosis,self_control
fluoxetine,xanax,vasculitis,muscle_weakness
fluoxetine,morphine,vasculitis,unveils
fluoxetine,valium,vasculitis,targets
fluoxetine,ambien,vasculitis,respect_hosted_deliquium
fluoxetine,prozac,vasculitis,scomillio
fluoxetine,vicodin,vasculitis,tweetperth
fluoxetine,percocet,vasculitis,kaya
fluoxetine,promethazine,vasculitis,tweetperth
fluoxetine,tramadol,vasculitis,udom
fluoxetine,xanax,ventricular_tachycardia,smokers
fluoxetine,morphine,ventricular_tachycardia,straightforward
fluoxetine,valium,ventricular_tachycardia,advance
fluoxetine,ambien,ventricular_tachycardia,straightforward
fluoxetine,prozac,ventricular_tachycardia,txst
fluoxetine,vicodin,ventricular_tachycardia,txst
fluoxetine,percocet,ventricular_tachycardia,cimzia
fluoxetine,promethazine,ventricular_tachycardia,sear
fluoxetine,tramadol,ventricular_tachycardia,anks
fluoxetine,xanax,stupor,minta
fluoxetine,morphine,stupor,dkarma
fluoxetine,valium,stupor,boko_haram
fluoxetine,ambien,stupor,boko_haram
fluoxetine,prozac,stupor,cause_tachycardia_metoprolol
fluoxetine,vicodin,stupor,blotter
fluoxetine,percocet,stupor,online_pharmacy
fluoxetine,promethazine,stupor,sear
fluoxetine,tramadol,stupor,yossy_zanga_durella
fluoxetine,xanax,cataract,emotional_instability
fluoxetine,morphine,cataract,ditzy
fluoxetine,valium,cataract,flimsy
fluoxetine,ambien,cataract,cleans
fluoxetine,prozac,cataract,agar
fluoxetine,vicodin,cataract,lusa
fluoxetine,percocet,cataract,blocka
fluoxetine,promethazine,cataract,ditzy
fluoxetine,tramadol,cataract,wayward
fluoxetine,xanax,violent,minta
fluoxetine,morphine,violent,botch
fluoxetine,valium,violent,botch
fluoxetine,ambien,violent,straightforward
fluoxetine,prozac,violent,amatriptyline
fluoxetine,vicodin,violent,dries_beachhead_noten
fluoxetine,percocet,violent,botch
fluoxetine,promethazine,violent,sear
fluoxetine,tramadol,violent,pizza_dough
fluoxetine,xanax,bradycardia,recurrent_procrastination
fluoxetine,morphine,bradycardia,atorva
fluoxetine,valium,bradycardia,charisma
fluoxetine,ambien,bradycardia,heading
fluoxetine,prozac,bradycardia,cherub
fluoxetine,vicodin,bradycardia,citalopram_hydrobromide
fluoxetine,percocet,bradycardia,studio_dries_noten
fluoxetine,promethazine,bradycardia,sear
fluoxetine,tramadol,bradycardia,studio_dries_noten
fluoxetine,xanax,paralysis,ingram_amitriptyline_blood
fluoxetine,morphine,paralysis,passcode
fluoxetine,valium,paralysis,shota
fluoxetine,ambien,paralysis,rupture
fluoxetine,prozac,paralysis,pavlova
fluoxetine,vicodin,paralysis,macysparade
fluoxetine,percocet,paralysis,basketball_player
fluoxetine,promethazine,paralysis,general_forgetfulness_suffer_melancholia
fluoxetine,tramadol,paralysis,ingram_amitriptyline_blood
fluoxetine,xanax,myasthenia,warm_guinness_tablets
fluoxetine,morphine,myasthenia,dkarma
fluoxetine,valium,myasthenia,wedding_chapel
fluoxetine,ambien,myasthenia,sickbay
fluoxetine,prozac,myasthenia,anks
fluoxetine,vicodin,myasthenia,folate_vitamin
fluoxetine,percocet,myasthenia,deplorable
fluoxetine,promethazine,myasthenia,psychology_quote
fluoxetine,tramadol,myasthenia,anks
fluoxetine,xanax,serotonin_syndrome,knee_surgeries
fluoxetine,morphine,serotonin_syndrome,pettiness
fluoxetine,valium,serotonin_syndrome,traffic_lights_flashing_yellow
fluoxetine,ambien,serotonin_syndrome,glycine
fluoxetine,prozac,serotonin_syndrome,arrgghh
fluoxetine,vicodin,serotonin_syndrome,knee_surgeries
fluoxetine,percocet,serotonin_syndrome,researchers_university
fluoxetine,promethazine,serotonin_syndrome,grizz_grizz
fluoxetine,tramadol,serotonin_syndrome,knee_surgeries
fluoxetine,xanax,aggression,tablets_pakistan
fluoxetine,morphine,aggression,passcode
fluoxetine,valium,aggression,shota
fluoxetine,ambien,aggression,kenji
fluoxetine,prozac,aggression,pavlova
fluoxetine,vicodin,aggression,intoxicated_martin_solveig_nowplaying
fluoxetine,percocet,aggression,justasking
fluoxetine,promethazine,aggression,public_appearances
fluoxetine,tramadol,aggression,anks
fluoxetine,xanax,angioedema,gangway
fluoxetine,morphine,angioedema,tunein
fluoxetine,valium,angioedema,eastwick
fluoxetine,ambien,angioedema,nuvaring
fluoxetine,prozac,angioedema,amatriptyline
fluoxetine,vicodin,angioedema,cysts
fluoxetine,percocet,angioedema,eastwick
fluoxetine,promethazine,angioedema,sear
fluoxetine,tramadol,angioedema,sleeping_leanin_liter
fluoxetine,xanax,mental_disorder,salmonella
fluoxetine,morphine,mental_disorder,speeding
fluoxetine,valium,mental_disorder,shota
fluoxetine,ambien,mental_disorder,power_rangers
fluoxetine,prozac,mental_disorder,pavlova
fluoxetine,vicodin,mental_disorder,world_stersund_single
fluoxetine,percocet,mental_disorder,feemquiz
fluoxetine,promethazine,mental_disorder,probably_anorexia_causes_hemorrhagingtry
fluoxetine,tramadol,mental_disorder,sedation_metabolic_syndrome
fluoxetine,xanax,blister,minta
fluoxetine,morphine,blister,prilosec_prevacid_protonix
fluoxetine,valium,blister,dassit
fluoxetine,ambien,blister,ladderall
fluoxetine,prozac,blister,ridin
fluoxetine,vicodin,blister,factory
fluoxetine,percocet,blister,1986
fluoxetine,promethazine,blister,antifreeze
fluoxetine,tramadol,blister,drankin_syrup
fluoxetine,xanax,breast_feeding,toxins
fluoxetine,morphine,breast_feeding,dkarma
fluoxetine,valium,breast_feeding,targets
fluoxetine,ambien,breast_feeding,cleans
fluoxetine,prozac,breast_feeding,jiggsy
fluoxetine,vicodin,breast_feeding,dawn_phenomenon
fluoxetine,percocet,breast_feeding,scrubbed
fluoxetine,promethazine,breast_feeding,episodic
fluoxetine,tramadol,breast_feeding,anks
fluoxetine,xanax,bronchospasm,similarity
fluoxetine,morphine,bronchospasm,prilosec_prevacid_protonix
fluoxetine,valium,bronchospasm,mspals
fluoxetine,ambien,bronchospasm,wasnt
fluoxetine,prozac,bronchospasm,alittle
fluoxetine,vicodin,bronchospasm,nicki_gonzalez_moron
fluoxetine,percocet,bronchospasm,rory
fluoxetine,promethazine,bronchospasm,earl_grey
fluoxetine,tramadol,bronchospasm,wikipedia
fluoxetine,xanax,bronchitis,minta
fluoxetine,morphine,bronchitis,idky
fluoxetine,valium,bronchitis,unicorns
fluoxetine,ambien,bronchitis,inept
fluoxetine,prozac,bronchitis,insinuating
fluoxetine,vicodin,bronchitis,netsky
fluoxetine,percocet,bronchitis,luansantana
fluoxetine,promethazine,bronchitis,sear
fluoxetine,tramadol,bronchitis,inept
fluoxetine,xanax,diuresis,mediator
fluoxetine,morphine,diuresis,petty_childish
fluoxetine,valium,diuresis,hammer
fluoxetine,ambien,diuresis,effing
fluoxetine,prozac,diuresis,oriental_lustral
fluoxetine,vicodin,diuresis,plays_golf
fluoxetine,percocet,diuresis,tooth_fairy
fluoxetine,promethazine,diuresis,open
fluoxetine,tramadol,diuresis,yossy_zanga_durella
fluoxetine,xanax,diverticulitis,walter
fluoxetine,morphine,diverticulitis,ween
fluoxetine,valium,diverticulitis,shota
fluoxetine,ambien,diverticulitis,mgsv
fluoxetine,prozac,diverticulitis,pavlova
fluoxetine,vicodin,diverticulitis,assertion
fluoxetine,percocet,diverticulitis,sprite_jolly_ranchers
fluoxetine,promethazine,diverticulitis,bronchi
fluoxetine,tramadol,diverticulitis,anks
fluoxetine,xanax,gingivitis,3day
fluoxetine,morphine,gingivitis,felt_euphoric_cashmerenoose
fluoxetine,valium,gingivitis,f200
fluoxetine,ambien,gingivitis,stagiare
fluoxetine,prozac,gingivitis,pavlova
fluoxetine,vicodin,gingivitis,rounds_higher_drafted
fluoxetine,percocet,gingivitis,stagiare
fluoxetine,promethazine,gingivitis,sear
fluoxetine,tramadol,gingivitis,felt_euphoric_cashmerenoose
fluoxetine,xanax,goitre,minta
fluoxetine,morphine,goitre,pettiness
fluoxetine,valium,goitre,upton
fluoxetine,ambien,goitre,iheartawards_bestcover_uptownfunk
fluoxetine,prozac,goitre,manager_drop_sanofis
fluoxetine,vicodin,goitre,raising_awareness
fluoxetine,percocet,goitre,sprite_jolly_ranchers
fluoxetine,promethazine,goitre,walnuts
fluoxetine,tramadol,goitre,anks
fluoxetine,xanax,haematoma,onbrize
fluoxetine,morphine,haematoma,complete_darkness
fluoxetine,valium,haematoma,thrives
fluoxetine,ambien,haematoma,cleans
fluoxetine,prozac,haematoma,thrives
fluoxetine,vicodin,haematoma,fastest
fluoxetine,percocet,haematoma,1955
fluoxetine,promethazine,haematoma,valleys
fluoxetine,tramadol,haematoma,pitbulls
fluoxetine,xanax,hepatomegaly,marvin
fluoxetine,morphine,hepatomegaly,niagra_falls
fluoxetine,valium,hepatomegaly,hallelujah_holy_wheres
fluoxetine,ambien,hepatomegaly,shoots
fluoxetine,prozac,hepatomegaly,charlies
fluoxetine,vicodin,hepatomegaly,instagramming
fluoxetine,percocet,hepatomegaly,rory
fluoxetine,promethazine,hepatomegaly,preys
fluoxetine,tramadol,hepatomegaly,lacosamide
fluoxetine,xanax,hydrocephalus,seinabo
fluoxetine,morphine,hydrocephalus,ellington
fluoxetine,valium,hydrocephalus,call_settling_palm
fluoxetine,ambien,hydrocephalus,straightforward
fluoxetine,prozac,hydrocephalus,banned_substances
fluoxetine,vicodin,hydrocephalus,draintheswamp
fluoxetine,percocet,hydrocephalus,lungs
fluoxetine,promethazine,hydrocephalus,dances
fluoxetine,tramadol,hydrocephalus,alice
fluoxetine,xanax,hyperplasia,salmonella
fluoxetine,morphine,hyperplasia,dkarma
fluoxetine,valium,hyperplasia,inna
fluoxetine,ambien,hyperplasia,waste
fluoxetine,prozac,hyperplasia,lawconfab
fluoxetine,vicodin,hyperplasia,rhymes
fluoxetine,percocet,hyperplasia,sprite_jolly_ranchers
fluoxetine,promethazine,hyperplasia,briefed
fluoxetine,tramadol,hyperplasia,doze
fluoxetine,xanax,hyperthyroidism,smokers
fluoxetine,morphine,hyperthyroidism,south_florida
fluoxetine,valium,hyperthyroidism,eastwick
fluoxetine,ambien,hyperthyroidism,cleans
fluoxetine,prozac,hyperthyroidism,cause_tachycardia_metoprolol
fluoxetine,vicodin,hyperthyroidism,wouldve_guessed
fluoxetine,percocet,hyperthyroidism,allanya
fluoxetine,promethazine,hyperthyroidism,sear
fluoxetine,tramadol,hyperthyroidism,redistribution
fluoxetine,xanax,hypoglycaemia,worsened
fluoxetine,morphine,hypoglycaemia,delayed_ejaculation
fluoxetine,valium,hypoglycaemia,final_stages
fluoxetine,ambien,hypoglycaemia,cleans
fluoxetine,prozac,hypoglycaemia,pavlova
fluoxetine,vicodin,hypoglycaemia,world_stersund_single
fluoxetine,percocet,hypoglycaemia,1986
fluoxetine,promethazine,hypoglycaemia,walnuts
fluoxetine,tramadol,hypoglycaemia,psychoanalysis
fluoxetine,xanax,hyponatraemia,smokers
fluoxetine,morphine,hyponatraemia,horrendous
fluoxetine,valium,hyponatraemia,front_runner
fluoxetine,ambien,hyponatraemia,audubon
fluoxetine,prozac,hyponatraemia,pavlova
fluoxetine,vicodin,hyponatraemia,blotter
fluoxetine,percocet,hyponatraemia,reporting
fluoxetine,promethazine,hyponatraemia,lampung_avanza_inova_pajero
fluoxetine,tramadol,hyponatraemia,outlast_slender
fluoxetine,xanax,hysteria,ingram_amitriptyline_blood
fluoxetine,morphine,hysteria,dkarma
fluoxetine,valium,hysteria,shota
fluoxetine,ambien,hysteria,nore
fluoxetine,prozac,hysteria,nore
fluoxetine,vicodin,hysteria,totoro
fluoxetine,percocet,hysteria,phenylpiracetam
fluoxetine,promethazine,hysteria,patriotsnation
fluoxetine,tramadol,hysteria,ingram_amitriptyline_blood
fluoxetine,xanax,irritability,gujarat
fluoxetine,morphine,irritability,pavlova
fluoxetine,valium,irritability,pinsky
fluoxetine,ambien,irritability,cleans
fluoxetine,prozac,irritability,pavlova
fluoxetine,vicodin,irritability,atenolol_atenolol
fluoxetine,percocet,irritability,decolgen
fluoxetine,promethazine,irritability,3rdoption
fluoxetine,tramadol,irritability,doze
fluoxetine,xanax,jaundice,active_ingredient_tadalafil_testimonials
fluoxetine,morphine,jaundice,prilosec_prevacid_protonix
fluoxetine,valium,jaundice,beatdown
fluoxetine,ambien,jaundice,sear
fluoxetine,prozac,jaundice,bathroom_sink
fluoxetine,vicodin,jaundice,poseidon
fluoxetine,percocet,jaundice,peavey_vypyr_modeling_guitar
fluoxetine,promethazine,jaundice,sear
fluoxetine,tramadol,jaundice,degen
fluoxetine,xanax,nephropathy,minta
fluoxetine,morphine,nephropathy,deal
fluoxetine,valium,nephropathy,shota
fluoxetine,ambien,nephropathy,plumbing
fluoxetine,prozac,nephropathy,awarded
fluoxetine,vicodin,nephropathy,raising_awareness
fluoxetine,percocet,nephropathy,awarded
fluoxetine,promethazine,nephropathy,sear
fluoxetine,tramadol,nephropathy,locks
fluoxetine,xanax,lethargy,vyvanses
fluoxetine,morphine,lethargy,pettiness
fluoxetine,valium,lethargy,shota
fluoxetine,ambien,lethargy,sprinters
fluoxetine,prozac,lethargy,bathroom_sink
fluoxetine,vicodin,lethargy,jeremy_kyle
fluoxetine,percocet,lethargy,achik
fluoxetine,promethazine,lethargy,sear
fluoxetine,tramadol,lethargy,fgen
fluoxetine,xanax,lymphoma,minta
fluoxetine,morphine,lymphoma,learner
fluoxetine,valium,lymphoma,shota
fluoxetine,ambien,lymphoma,white_noise
fluoxetine,prozac,lymphoma,twang
fluoxetine,vicodin,lymphoma,adderballz
fluoxetine,percocet,lymphoma,twang
fluoxetine,promethazine,lymphoma,ying_yang
fluoxetine,tramadol,lymphoma,anks
fluoxetine,xanax,necrosis,toxins
fluoxetine,morphine,necrosis,chads2
fluoxetine,valium,necrosis,fuckthat
fluoxetine,ambien,necrosis,folate_vitamin
fluoxetine,prozac,necrosis,dissimilar
fluoxetine,vicodin,necrosis,folate_vitamin
fluoxetine,percocet,necrosis,cimzia
fluoxetine,promethazine,necrosis,ditzy
fluoxetine,tramadol,necrosis,promethazine_police_locksmith
fluoxetine,xanax,numbness,worsened
fluoxetine,morphine,numbness,reddish
fluoxetine,valium,numbness,gunk
fluoxetine,ambien,numbness,hatter
fluoxetine,prozac,numbness,cause_tachycardia_metoprolol
fluoxetine,vicodin,numbness,tweetperth
fluoxetine,percocet,numbness,1986
fluoxetine,promethazine,numbness,tweetperth
fluoxetine,tramadol,numbness,suffer_autism_causes_closing
fluoxetine,xanax,optic_neuritis,gangway
fluoxetine,morphine,optic_neuritis,autistics
fluoxetine,valium,optic_neuritis,checkin
fluoxetine,ambien,optic_neuritis,cleans
fluoxetine,prozac,optic_neuritis,checkin
fluoxetine,vicodin,optic_neuritis,alternator
fluoxetine,percocet,optic_neuritis,scoreboard
fluoxetine,promethazine,optic_neuritis,56nights
fluoxetine,tramadol,optic_neuritis,kudlow
fluoxetine,xanax,pneumonia,minta
fluoxetine,morphine,pneumonia,less_empathetic
fluoxetine,valium,pneumonia,nyquill
fluoxetine,ambien,pneumonia,minta
fluoxetine,prozac,pneumonia,amatriptyline
fluoxetine,vicodin,pneumonia,nyquill
fluoxetine,percocet,pneumonia,punched
fluoxetine,promethazine,pneumonia,patriotsnation
fluoxetine,tramadol,pneumonia,locks
fluoxetine,xanax,pregnancy,minta
fluoxetine,morphine,pregnancy,rearing
fluoxetine,valium,pregnancy,tour_sponsored
fluoxetine,ambien,pregnancy,sending_positive_vibes
fluoxetine,prozac,pregnancy,jiggle
fluoxetine,vicodin,pregnancy,rounds_higher_drafted
fluoxetine,percocet,pregnancy,palonosetron
fluoxetine,promethazine,pregnancy,sear
fluoxetine,tramadol,pregnancy,khamis
fluoxetine,xanax,pulmonary_fibrosis,minta
fluoxetine,morphine,pulmonary_fibrosis,wedding_chapel
fluoxetine,valium,pulmonary_fibrosis,0884
fluoxetine,ambien,pulmonary_fibrosis,citric_acid
fluoxetine,prozac,pulmonary_fibrosis,bathroom_sink
fluoxetine,vicodin,pulmonary_fibrosis,elisabeth
fluoxetine,percocet,pulmonary_fibrosis,sprite_jolly_ranchers
fluoxetine,promethazine,pulmonary_fibrosis,healthcaresopricey
fluoxetine,tramadol,pulmonary_fibrosis,anks
fluoxetine,xanax,pyelonephritis,uric_acid
fluoxetine,morphine,pyelonephritis,prilosec_prevacid_protonix
fluoxetine,valium,pyelonephritis,deadline
fluoxetine,ambien,pyelonephritis,straightforward
fluoxetine,prozac,pyelonephritis,charlies
fluoxetine,vicodin,pyelonephritis,contigo
fluoxetine,percocet,pyelonephritis,sprite_jolly_ranchers
fluoxetine,promethazine,pyelonephritis,sear
fluoxetine,tramadol,pyelonephritis,uric_acid
fluoxetine,xanax,renal_failure,tramal
fluoxetine,morphine,renal_failure,dkarma
fluoxetine,valium,renal_failure,ryghts
fluoxetine,ambien,renal_failure,cleans
fluoxetine,prozac,renal_failure,impacted
fluoxetine,vicodin,renal_failure,ryghts
fluoxetine,percocet,renal_failure,aiskrim
fluoxetine,promethazine,renal_failure,sear
fluoxetine,tramadol,renal_failure,ryghts
fluoxetine,xanax,withdrawal_syndrome,smokers
fluoxetine,morphine,withdrawal_syndrome,docu
fluoxetine,valium,withdrawal_syndrome,chest2016
fluoxetine,ambien,withdrawal_syndrome,sickbay
fluoxetine,prozac,withdrawal_syndrome,catet
fluoxetine,vicodin,withdrawal_syndrome,diflucan
fluoxetine,percocet,withdrawal_syndrome,backing_vocals
fluoxetine,promethazine,withdrawal_syndrome,gastric_bypass_surgery
fluoxetine,tramadol,withdrawal_syndrome,bernieorbust
fluoxetine,xanax,suicide,seinabo
fluoxetine,morphine,suicide,prilosec_prevacid_protonix
fluoxetine,valium,suicide,eastwick
fluoxetine,ambien,suicide,power_rangers
fluoxetine,prozac,suicide,dave_matthews
fluoxetine,vicodin,suicide,poseidon
fluoxetine,percocet,suicide,teasertuesday
fluoxetine,promethazine,suicide,nurx
fluoxetine,tramadol,suicide,upsi
fluoxetine,xanax,attention_deficit_disorder,sutter
fluoxetine,morphine,attention_deficit_disorder,gronk
fluoxetine,valium,attention_deficit_disorder,shota
fluoxetine,ambien,attention_deficit_disorder,peeing
fluoxetine,prozac,attention_deficit_disorder,pancreatic_cancer
fluoxetine,vicodin,attention_deficit_disorder,levitated
fluoxetine,percocet,attention_deficit_disorder,remicade_infliximab
fluoxetine,promethazine,attention_deficit_disorder,antifreeze
fluoxetine,tramadol,attention_deficit_disorder,pancreatic_cancer
fluoxetine,xanax,urethritis,3day
fluoxetine,morphine,urethritis,suffer_melancholia_causes
fluoxetine,valium,urethritis,checkin
fluoxetine,ambien,urethritis,checkin
fluoxetine,prozac,urethritis,impacted
fluoxetine,vicodin,urethritis,doja
fluoxetine,percocet,urethritis,elena
fluoxetine,promethazine,urethritis,sear
fluoxetine,tramadol,urethritis,behaviour
fluoxetine,xanax,panic_attack,minta
fluoxetine,morphine,panic_attack,shudders
fluoxetine,valium,panic_attack,pinsky
fluoxetine,ambien,panic_attack,mgsv
fluoxetine,prozac,panic_attack,charlies
fluoxetine,vicodin,panic_attack,valentine
fluoxetine,percocet,panic_attack,justasking
fluoxetine,promethazine,panic_attack,netflix_chill_dash
fluoxetine,tramadol,panic_attack,sonic_crazy
fluoxetine,xanax,lightheadedness,malt_liquor
fluoxetine,morphine,lightheadedness,gmom
fluoxetine,valium,lightheadedness,gmom
fluoxetine,ambien,lightheadedness,nuvaring
fluoxetine,prozac,lightheadedness,ridin
fluoxetine,vicodin,lightheadedness,gmom
fluoxetine,percocet,lightheadedness,scumbags
fluoxetine,promethazine,lightheadedness,scumbags
fluoxetine,tramadol,lightheadedness,anks
fluoxetine,xanax,hangover,gujarat
fluoxetine,morphine,hangover,pavlova
fluoxetine,valium,hangover,shota
fluoxetine,ambien,hangover,pavlova
fluoxetine,prozac,hangover,pavlova
fluoxetine,vicodin,hangover,levitated
fluoxetine,percocet,hangover,1986
fluoxetine,promethazine,hangover,earl_grey
fluoxetine,tramadol,hangover,pavlova
fluoxetine,xanax,immobile,zaxbys
fluoxetine,morphine,immobile,pests
fluoxetine,valium,immobile,shota
fluoxetine,ambien,immobile,addyourselftoamovie
fluoxetine,prozac,immobile,heavyy
fluoxetine,vicodin,immobile,gutfeld
fluoxetine,percocet,immobile,punched
fluoxetine,promethazine,immobile,public_appearances
fluoxetine,tramadol,immobile,pests
fluoxetine,xanax,decreased_appetite,sooma
fluoxetine,morphine,decreased_appetite,delayed_ejaculation
fluoxetine,valium,decreased_appetite,sooma
fluoxetine,ambien,decreased_appetite,camel
fluoxetine,prozac,decreased_appetite,pavlova
fluoxetine,vicodin,decreased_appetite,favorite_color
fluoxetine,percocet,decreased_appetite,jahat
fluoxetine,promethazine,decreased_appetite,episodic
fluoxetine,tramadol,decreased_appetite,inept
fluoxetine,xanax,teratogenicity,agua
fluoxetine,morphine,teratogenicity,hosted_leach
fluoxetine,valium,teratogenicity,shota
fluoxetine,ambien,teratogenicity,sear
fluoxetine,prozac,teratogenicity,impacted
fluoxetine,vicodin,teratogenicity,netsky
fluoxetine,percocet,teratogenicity,unlikely
fluoxetine,promethazine,teratogenicity,sear
fluoxetine,tramadol,teratogenicity,timetable
fluoxetine,xanax,hypomania,minta
fluoxetine,morphine,hypomania,prilosec_prevacid_protonix
fluoxetine,valium,hypomania,eastwick
fluoxetine,ambien,hypomania,sear
fluoxetine,prozac,hypomania,pavlova
fluoxetine,vicodin,hypomania,doja
fluoxetine,percocet,hypomania,eastwick
fluoxetine,promethazine,hypomania,sear
fluoxetine,tramadol,hypomania,anks
fluoxetine,xanax,mania,stabbings
fluoxetine,morphine,mania,hosted_leach
fluoxetine,valium,mania,eastwick
fluoxetine,ambien,mania,cleans
fluoxetine,prozac,mania,stabbings
fluoxetine,vicodin,mania,stabbings
fluoxetine,percocet,mania,aiskrim
fluoxetine,promethazine,mania,ditzy
fluoxetine,tramadol,mania,anks
fluoxetine,xanax,suicidal_ideation,smokers
fluoxetine,morphine,suicidal_ideation,pettiness
fluoxetine,valium,suicidal_ideation,shota
fluoxetine,ambien,suicidal_ideation,news_smallbusiness_entrepreneur
fluoxetine,prozac,suicidal_ideation,pavlova
fluoxetine,vicodin,suicidal_ideation,doja
fluoxetine,percocet,suicidal_ideation,grandin
fluoxetine,promethazine,suicidal_ideation,sear
fluoxetine,tramadol,suicidal_ideation,news_smallbusiness_entrepreneur
fluoxetine,xanax,dependence,tarot
fluoxetine,morphine,dependence,dkarma
fluoxetine,valium,dependence,bathe_voltaren
fluoxetine,ambien,dependence,bathe_voltaren
fluoxetine,prozac,dependence,scad
fluoxetine,vicodin,dependence,petition
fluoxetine,percocet,dependence,letting
fluoxetine,promethazine,dependence,sear
fluoxetine,tramadol,dependence,nemo
fluoxetine,xanax,respiratory_distress,toxins
fluoxetine,morphine,respiratory_distress,grumbling
fluoxetine,valium,respiratory_distress,scooped
fluoxetine,ambien,respiratory_distress,straightforward
fluoxetine,prozac,respiratory_distress,agar
fluoxetine,vicodin,respiratory_distress,improved_celebrex_pfizer
fluoxetine,percocet,respiratory_distress,cimzia
fluoxetine,promethazine,respiratory_distress,netflix_chill_dash
fluoxetine,tramadol,respiratory_distress,comparisons
fluoxetine,xanax,lymphadenopathy,behavioralhealth
fluoxetine,morphine,lymphadenopathy,cannot_stand
fluoxetine,valium,lymphadenopathy,0884
fluoxetine,ambien,lymphadenopathy,cleans
fluoxetine,prozac,lymphadenopathy,bathroom_sink
fluoxetine,vicodin,lymphadenopathy,giant_heart_kiesza
fluoxetine,percocet,lymphadenopathy,mafioso
fluoxetine,promethazine,lymphadenopathy,sear
fluoxetine,tramadol,lymphadenopathy,cocaines
fluoxetine,xanax,battery,smokers
fluoxetine,morphine,battery,jaunt
fluoxetine,valium,battery,upper
fluoxetine,ambien,battery,train_wreck
fluoxetine,prozac,battery,train_wreck
fluoxetine,vicodin,battery,tweetperth
fluoxetine,percocet,battery,1984_brave_world
fluoxetine,promethazine,battery,tweetperth
fluoxetine,tramadol,battery,heeled
fluoxetine,xanax,tardive_dyskinesia,wicket_hdrl_thirimanne_broad
fluoxetine,morphine,tardive_dyskinesia,delayed_ejaculation
fluoxetine,valium,tardive_dyskinesia,talya
fluoxetine,ambien,tardive_dyskinesia,cleans
fluoxetine,prozac,tardive_dyskinesia,amatriptyline
fluoxetine,vicodin,tardive_dyskinesia,plays_golf
fluoxetine,percocet,tardive_dyskinesia,sprite_jolly_ranchers
fluoxetine,promethazine,tardive_dyskinesia,sear
fluoxetine,tramadol,tardive_dyskinesia,udom
fluoxetine,xanax,drug_seeking_behavior,fiftyone
fluoxetine,morphine,drug_seeking_behavior,firee
fluoxetine,valium,drug_seeking_behavior,shota
fluoxetine,ambien,drug_seeking_behavior,cleans
fluoxetine,prozac,drug_seeking_behavior,usuals
fluoxetine,vicodin,drug_seeking_behavior,lars
fluoxetine,percocet,drug_seeking_behavior,fiftyone
fluoxetine,promethazine,drug_seeking_behavior,sear
fluoxetine,tramadol,drug_seeking_behavior,inept
fluoxetine,xanax,cardiotoxicity,fiftyone
fluoxetine,morphine,cardiotoxicity,dkarma
fluoxetine,valium,cardiotoxicity,ludicrous
fluoxetine,ambien,cardiotoxicity,cleans
fluoxetine,prozac,cardiotoxicity,heavyy
fluoxetine,vicodin,cardiotoxicity,netsky
fluoxetine,percocet,cardiotoxicity,mafioso
fluoxetine,promethazine,cardiotoxicity,tweetperth
fluoxetine,tramadol,cardiotoxicity,flovents
