hydrocodone,xanax,constipation,recurrent_procrastination
hydrocodone,morphine,constipation,nursingproblems
hydrocodone,valium,constipation,anit
hydrocodone,ambien,constipation,methadone_clinics
hydrocodone,prozac,constipation,booii
hydrocodone,vicodin,constipation,antibiotic_primarily_used
hydrocodone,percocet,constipation,dream
hydrocodone,promethazine,constipation,64oz
hydrocodone,tramadol,constipation,bush
hydrocodone,xanax,nausea,recurrent_procrastination
hydrocodone,morphine,nausea,fallin_asleep
hydrocodone,valium,nausea,pero
hydrocodone,ambien,nausea,fallin_asleep
hydrocodone,prozac,nausea,unwillingness
hydrocodone,vicodin,nausea,antibiotic_primarily_used
hydrocodone,percocet,nausea,dream
hydrocodone,promethazine,nausea,wafers
hydrocodone,tramadol,nausea,pabst
hydrocodone,xanax,vomiting,bleomycin
hydrocodone,morphine,vomiting,chads2
hydrocodone,valium,vomiting,anit
hydrocodone,ambien,vomiting,unbidden
hydrocodone,prozac,vomiting,syrup_looking_mirror
hydrocodone,vicodin,vomiting,antibiotic_primarily_used
hydrocodone,percocet,vomiting,paraphrasing
hydrocodone,promethazine,vomiting,julies
hydrocodone,tramadol,vomiting,estate_agents
hydrocodone,xanax,urinary_tract_infection,recurrent_procrastination
hydrocodone,morphine,urinary_tract_infection,leafs
hydrocodone,valium,urinary_tract_infection,lasso
hydrocodone,ambien,urinary_tract_infection,ijat
hydrocodone,prozac,urinary_tract_infection,lack_appetite
hydrocodone,vicodin,urinary_tract_infection,gabapentins
hydrocodone,percocet,urinary_tract_infection,needs_endocet
hydrocodone,promethazine,urinary_tract_infection,frisco
hydrocodone,tramadol,urinary_tract_infection,tmnt
hydrocodone,xanax,somnolence,seaworld_heavily_drugs
hydrocodone,morphine,somnolence,plaid
hydrocodone,valium,somnolence,anit
hydrocodone,ambien,somnolence,hundred_mornings
hydrocodone,prozac,somnolence,wweclash
hydrocodone,vicodin,somnolence,antibiotic_primarily_used
hydrocodone,percocet,somnolence,plaid
hydrocodone,promethazine,somnolence,hundred_mornings
hydrocodone,tramadol,somnolence,prosciutto
hydrocodone,xanax,dizziness,saddens
hydrocodone,morphine,dizziness,works_better_mercks
hydrocodone,valium,dizziness,anit
hydrocodone,ambien,dizziness,saddens
hydrocodone,prozac,dizziness,comic_sans
hydrocodone,vicodin,dizziness,yearning
hydrocodone,percocet,dizziness,giraffes
hydrocodone,promethazine,dizziness,astridcute87_astrid_sita
hydrocodone,tramadol,dizziness,risking
hydrocodone,xanax,fatigue,taco_belle
hydrocodone,morphine,fatigue,fastball
hydrocodone,valium,fatigue,anit
hydrocodone,ambien,fatigue,parasitic
hydrocodone,prozac,fatigue,talia
hydrocodone,vicodin,fatigue,taco_belle
hydrocodone,percocet,fatigue,wheeze
hydrocodone,promethazine,fatigue,pulling
hydrocodone,tramadol,fatigue,body_processes
hydrocodone,xanax,abdominal_pain,raidernation
hydrocodone,morphine,abdominal_pain,food_services_analyse
hydrocodone,valium,abdominal_pain,recurrent_procrastination_probably_menstrual
hydrocodone,ambien,abdominal_pain,whah
hydrocodone,prozac,abdominal_pain,coheed
hydrocodone,vicodin,abdominal_pain,raidernation
hydrocodone,percocet,abdominal_pain,indirect
hydrocodone,promethazine,abdominal_pain,guys_gals
hydrocodone,tramadol,abdominal_pain,raidernation
hydrocodone,xanax,muscle_spasms,bionic
hydrocodone,morphine,muscle_spasms,prevent_clots
hydrocodone,valium,muscle_spasms,nitro
hydrocodone,ambien,muscle_spasms,puede
hydrocodone,prozac,muscle_spasms,legalizecannabis
hydrocodone,vicodin,muscle_spasms,bionic
hydrocodone,percocet,muscle_spasms,puede
hydrocodone,promethazine,muscle_spasms,atlas
hydrocodone,tramadol,muscle_spasms,anime
hydrocodone,xanax,headache,cold_flue
hydrocodone,morphine,headache,unreservedly
hydrocodone,valium,headache,bars
hydrocodone,ambien,headache,nexium_24hr
hydrocodone,prozac,headache,payback
hydrocodone,vicodin,headache,jetson
hydrocodone,percocet,headache,prick
hydrocodone,promethazine,headache,pulling
hydrocodone,tramadol,headache,self_control
hydrocodone,xanax,tremor,behaved
hydrocodone,morphine,tremor,lustral_mandated
hydrocodone,valium,tremor,roughhew_statements
hydrocodone,ambien,tremor,eaters
hydrocodone,prozac,tremor,pergi
hydrocodone,vicodin,tremor,antibiotic_primarily_used
hydrocodone,percocet,tremor,dream
hydrocodone,promethazine,tremor,pulling
hydrocodone,tramadol,tremor,pergi
hydrocodone,xanax,pruritus,osce
hydrocodone,morphine,pruritus,zelvia
hydrocodone,valium,pruritus,anit
hydrocodone,ambien,pruritus,notably
hydrocodone,prozac,pruritus,foodgasms
hydrocodone,vicodin,pruritus,distant_memory
hydrocodone,percocet,pruritus,nitroglycerin
hydrocodone,promethazine,pruritus,whodey
hydrocodone,tramadol,pruritus,multifactorial
hydrocodone,xanax,agranulocytosis,2mos
hydrocodone,morphine,agranulocytosis,chads2
hydrocodone,valium,agranulocytosis,anit
hydrocodone,ambien,agranulocytosis,whah
hydrocodone,prozac,agranulocytosis,yoosung
hydrocodone,vicodin,agranulocytosis,revolutionizing
hydrocodone,percocet,agranulocytosis,pain_management
hydrocodone,promethazine,agranulocytosis,pulling
hydrocodone,tramadol,agranulocytosis,metro_2033
hydrocodone,xanax,anxiety,swigs
hydrocodone,morphine,anxiety,ibuki
hydrocodone,valium,anxiety,anit
hydrocodone,ambien,anxiety,grammes
hydrocodone,prozac,anxiety,suffering
hydrocodone,vicodin,anxiety,roxy_kush_blackberry
hydrocodone,percocet,anxiety,spraining
hydrocodone,promethazine,anxiety,grammes
hydrocodone,tramadol,anxiety,ibuki
hydrocodone,xanax,mental_disorder,arias
hydrocodone,morphine,mental_disorder,repulsive
hydrocodone,valium,mental_disorder,asthavent
hydrocodone,ambien,mental_disorder,mattresses
hydrocodone,prozac,mental_disorder,thongs
hydrocodone,vicodin,mental_disorder,antibiotic_primarily_used
hydrocodone,percocet,mental_disorder,arias
hydrocodone,promethazine,mental_disorder,diocese_bacolod
hydrocodone,tramadol,mental_disorder,bizz
hydrocodone,xanax,contusion,flab
hydrocodone,morphine,contusion,imran
hydrocodone,valium,contusion,icloud
hydrocodone,ambien,contusion,mattresses
hydrocodone,prozac,contusion,yoosung
hydrocodone,vicodin,contusion,imran
hydrocodone,percocet,contusion,dagger
hydrocodone,promethazine,contusion,copy_amgens
hydrocodone,tramadol,contusion,ca4p
hydrocodone,xanax,cough,options_limited
hydrocodone,morphine,cough,rhyme
hydrocodone,valium,cough,atlanta_georgia
hydrocodone,ambien,cough,oxycodone_hydrocodone_propoxyphene
hydrocodone,prozac,cough,options_limited
hydrocodone,vicodin,cough,antibiotic_primarily_used
hydrocodone,percocet,cough,terminate_seizures
hydrocodone,promethazine,cough,gatwick
hydrocodone,tramadol,cough,options_limited
hydrocodone,xanax,dehydration,11th_grade
hydrocodone,morphine,dehydration,vial
hydrocodone,valium,dehydration,anit
hydrocodone,ambien,dehydration,unlimited_amounts
hydrocodone,prozac,dehydration,dalia
hydrocodone,vicodin,dehydration,antibiotic_primarily_used
hydrocodone,percocet,dehydration,presto
hydrocodone,promethazine,dehydration,dncleak_proven_clinton_drone
hydrocodone,tramadol,dehydration,bizz
hydrocodone,xanax,drowsiness,socialise
hydrocodone,morphine,drowsiness,lustral_mandated
hydrocodone,valium,drowsiness,atlanta_georgia
hydrocodone,ambien,drowsiness,3200mg
hydrocodone,prozac,drowsiness,allergic_reaction
hydrocodone,vicodin,drowsiness,dislikes
hydrocodone,percocet,drowsiness,suppository_form
hydrocodone,promethazine,drowsiness,thewestwing
hydrocodone,tramadol,drowsiness,pitbulls
hydrocodone,xanax,rash,springcleaning
hydrocodone,morphine,rash,600mg_ibuprofen
hydrocodone,valium,rash,tardive
hydrocodone,ambien,rash,drooping
hydrocodone,prozac,rash,tardive
hydrocodone,vicodin,rash,antibiotic_primarily_used
hydrocodone,percocet,rash,proxy_causes_infertility_abilify
hydrocodone,promethazine,rash,otto_knows
hydrocodone,tramadol,rash,makayla
hydrocodone,xanax,hypersensitivity,twitt
hydrocodone,morphine,hypersensitivity,vial
hydrocodone,valium,hypersensitivity,anit
hydrocodone,ambien,hypersensitivity,ijat
hydrocodone,prozac,hypersensitivity,egfr
hydrocodone,vicodin,hypersensitivity,antibiotic_primarily_used
hydrocodone,percocet,hypersensitivity,bars_boarded_plane
hydrocodone,promethazine,hypersensitivity,diocese_bacolod
hydrocodone,tramadol,hypersensitivity,needs_endocet
hydrocodone,xanax,lethargy,eben
hydrocodone,morphine,lethargy,talked
hydrocodone,valium,lethargy,shota
hydrocodone,ambien,lethargy,symbolism
hydrocodone,prozac,lethargy,expresses
hydrocodone,vicodin,lethargy,expresses
hydrocodone,percocet,lethargy,gags
hydrocodone,promethazine,lethargy,synk
hydrocodone,tramadol,lethargy,folate_deficiency
hydrocodone,xanax,osteoarthritis,pulling
hydrocodone,morphine,osteoarthritis,abbv_chrs
hydrocodone,valium,osteoarthritis,fantasies
hydrocodone,ambien,osteoarthritis,ijat
hydrocodone,prozac,osteoarthritis,ovarian
hydrocodone,vicodin,osteoarthritis,antibiotic_primarily_used
hydrocodone,percocet,osteoarthritis,wisdoms
hydrocodone,promethazine,osteoarthritis,pulling
hydrocodone,tramadol,osteoarthritis,bush
hydrocodone,xanax,convulsion,bionic
hydrocodone,morphine,convulsion,lustral_mandated
hydrocodone,valium,convulsion,nalbuphine
hydrocodone,ambien,convulsion,bionic
hydrocodone,prozac,convulsion,bilbo
hydrocodone,vicodin,convulsion,antibiotic_primarily_used
hydrocodone,percocet,convulsion,spraining
hydrocodone,promethazine,convulsion,dissipating
hydrocodone,tramadol,convulsion,rink
hydrocodone,xanax,withdrawal_syndrome,swigs
hydrocodone,morphine,withdrawal_syndrome,docu
hydrocodone,valium,withdrawal_syndrome,spillin
hydrocodone,ambien,withdrawal_syndrome,prozac_nation_relatable
hydrocodone,prozac,withdrawal_syndrome,paralyse
hydrocodone,vicodin,withdrawal_syndrome,diflucan
hydrocodone,percocet,withdrawal_syndrome,spillin
hydrocodone,promethazine,withdrawal_syndrome,suede
hydrocodone,tramadol,withdrawal_syndrome,spillin
hydrocodone,xanax,thrombocytopenia,fuckboy
hydrocodone,morphine,thrombocytopenia,emang
hydrocodone,valium,thrombocytopenia,recurrent_procrastination_probably_menstrual
hydrocodone,ambien,thrombocytopenia,content_stick
hydrocodone,prozac,thrombocytopenia,collections
hydrocodone,vicodin,thrombocytopenia,patch
hydrocodone,percocet,thrombocytopenia,patch
hydrocodone,promethazine,thrombocytopenia,content_stick
hydrocodone,tramadol,thrombocytopenia,collections
hydrocodone,xanax,muscle_strain,raidernation
hydrocodone,morphine,muscle_strain,chads2
hydrocodone,valium,muscle_strain,nitro
hydrocodone,ambien,muscle_strain,vaginal_dryness
hydrocodone,prozac,muscle_strain,tahu
hydrocodone,vicodin,muscle_strain,impossible
hydrocodone,percocet,muscle_strain,acute
hydrocodone,promethazine,muscle_strain,dncleak_proven_clinton_drone
hydrocodone,tramadol,muscle_strain,worcester
hydrocodone,xanax,urinary_retention,2mos
hydrocodone,morphine,urinary_retention,chads2
hydrocodone,valium,urinary_retention,7day
hydrocodone,ambien,urinary_retention,fase
hydrocodone,prozac,urinary_retention,super_bowl_sunday
hydrocodone,vicodin,urinary_retention,orgasm
hydrocodone,percocet,urinary_retention,wone
hydrocodone,promethazine,urinary_retention,astridcute87_astrid_sita
hydrocodone,tramadol,urinary_retention,zombiemode
hydrocodone,xanax,mood_swings,swigs
hydrocodone,morphine,mood_swings,suboxone_wrapper
hydrocodone,valium,mood_swings,cream_cone
hydrocodone,ambien,mood_swings,eaters
hydrocodone,prozac,mood_swings,magna
hydrocodone,vicodin,mood_swings,antibiotic_primarily_used
hydrocodone,percocet,mood_swings,hatebeingsick
hydrocodone,promethazine,mood_swings,pulling
hydrocodone,tramadol,mood_swings,bush
hydrocodone,xanax,migraine,skids
hydrocodone,morphine,migraine,cosmic
hydrocodone,valium,migraine,fkin
hydrocodone,ambien,migraine,used_treat
hydrocodone,prozac,migraine,cuzzo
hydrocodone,vicodin,migraine,antibiotic_primarily_used
hydrocodone,percocet,migraine,sexts
hydrocodone,promethazine,migraine,fkin
hydrocodone,tramadol,migraine,shingle
hydrocodone,xanax,malnutrition,skids
hydrocodone,morphine,malnutrition,shawn
hydrocodone,valium,malnutrition,pero
hydrocodone,ambien,malnutrition,pasco
hydrocodone,prozac,malnutrition,yoshitsugu
hydrocodone,vicodin,malnutrition,remastered_2009_rolling_stones
hydrocodone,percocet,malnutrition,indirect
hydrocodone,promethazine,malnutrition,function_aids_hydration
hydrocodone,tramadol,malnutrition,chingon
hydrocodone,xanax,lightheadedness,ngga
hydrocodone,morphine,lightheadedness,leafs
hydrocodone,valium,lightheadedness,paket
hydrocodone,ambien,lightheadedness,ijat
hydrocodone,prozac,lightheadedness,epsom
hydrocodone,vicodin,lightheadedness,ngga
hydrocodone,percocet,lightheadedness,giraffes
hydrocodone,promethazine,lightheadedness,ngga
hydrocodone,tramadol,lightheadedness,abandonment_issues
hydrocodone,xanax,myalgia,beckoning
hydrocodone,morphine,myalgia,emang
hydrocodone,valium,myalgia,anit
hydrocodone,ambien,myalgia,fase
hydrocodone,prozac,myalgia,marijuana_illegal
hydrocodone,vicodin,myalgia,antibiotic_primarily_used
hydrocodone,percocet,myalgia,organised
hydrocodone,promethazine,myalgia,prescribed_label_irritable
hydrocodone,tramadol,myalgia,marijuana_illegal
hydrocodone,xanax,dysphoria,british_passenger_liner_titanic
hydrocodone,morphine,dysphoria,chainsmokers
hydrocodone,valium,dysphoria,recurrent_procrastination_probably_menstrual
hydrocodone,ambien,dysphoria,pegasus_perfume
hydrocodone,prozac,dysphoria,highfive
hydrocodone,vicodin,dysphoria,antibiotic_primarily_used
hydrocodone,percocet,dysphoria,giraffes
hydrocodone,promethazine,dysphoria,suffering
hydrocodone,tramadol,dysphoria,rink
hydrocodone,xanax,respiratory_depression,socialise
hydrocodone,morphine,respiratory_depression,emeto
hydrocodone,valium,respiratory_depression,nalbuphine
hydrocodone,ambien,respiratory_depression,ijat
hydrocodone,prozac,respiratory_depression,spoils
hydrocodone,vicodin,respiratory_depression,gabapentins
hydrocodone,percocet,respiratory_depression,emeto
hydrocodone,promethazine,respiratory_depression,diocese_bacolod
hydrocodone,tramadol,respiratory_depression,hehe
hydrocodone,xanax,hypotensive,ventolin_salbutamol
hydrocodone,morphine,hypotensive,opioid_receptors
hydrocodone,valium,hypotensive,asthavent
hydrocodone,ambien,hypotensive,motto
hydrocodone,prozac,hypotensive,wweclash
hydrocodone,vicodin,hypotensive,ventolin_salbutamol
hydrocodone,percocet,hypotensive,omnivores
hydrocodone,promethazine,hypotensive,ventolin_salbutamol
hydrocodone,tramadol,hypotensive,rink
hydrocodone,xanax,insomnia,skids
hydrocodone,morphine,insomnia,unnoticed
hydrocodone,valium,insomnia,prolonged_septrin_cause
hydrocodone,ambien,insomnia,mattresses
hydrocodone,prozac,insomnia,unwillingness
hydrocodone,vicodin,insomnia,antibiotic_primarily_used
hydrocodone,percocet,insomnia,wone
hydrocodone,promethazine,insomnia,pulling
hydrocodone,tramadol,insomnia,licensed
