morphine,xanax,constipation,diggers
morphine,valium,constipation,doctor_kennedy_airport
morphine,ambien,constipation,darl
morphine,prozac,constipation,deadline
morphine,vicodin,constipation,gabapentins
morphine,percocet,constipation,dream
morphine,promethazine,constipation,enthusiasts
morphine,tramadol,constipation,doctor_kennedy_airport
morphine,xanax,drowsiness,a33playdance_valium
morphine,valium,drowsiness,pero
morphine,ambien,drowsiness,declassified
morphine,prozac,drowsiness,lifestyle_intervention
morphine,vicodin,drowsiness,a33playdance_valium
morphine,percocet,drowsiness,declassified
morphine,promethazine,drowsiness,domore
morphine,tramadol,drowsiness,siento
morphine,xanax,nausea,flirted
morphine,valium,nausea,pero
morphine,ambien,nausea,mare_tepin
morphine,prozac,nausea,osteoarthritis
morphine,vicodin,nausea,made
morphine,percocet,nausea,made
morphine,promethazine,nausea,shanty
morphine,tramadol,nausea,robbins
morphine,xanax,anxiety,struggle_real
morphine,valium,anxiety,sydneys
morphine,ambien,anxiety,struggle_real
morphine,prozac,anxiety,helpfully
morphine,vicodin,anxiety,roxy_kush_blackberry
morphine,percocet,anxiety,rivendell
morphine,promethazine,anxiety,singin
morphine,tramadol,anxiety,twatwaffle
morphine,xanax,dizziness,zaxbys
morphine,valium,dizziness,takyah
morphine,ambien,dizziness,beck
morphine,prozac,dizziness,takyah
morphine,vicodin,dizziness,christs_sake
morphine,percocet,dizziness,shareholder
morphine,promethazine,dizziness,obviousness
morphine,tramadol,dizziness,takyah
morphine,xanax,abdominal_pain,small_website
morphine,valium,abdominal_pain,wypipo
morphine,ambien,abdominal_pain,wypipo
morphine,prozac,abdominal_pain,gallery
morphine,vicodin,abdominal_pain,wypipo
morphine,percocet,abdominal_pain,wypipo
morphine,promethazine,abdominal_pain,100ct
morphine,tramadol,abdominal_pain,bulldog_ladies
morphine,xanax,anorexia,interruption
morphine,valium,anorexia,takyah
morphine,ambien,anorexia,keto
morphine,prozac,anorexia,fatigued
morphine,vicodin,anorexia,hulk_superherobirthdaygifts
morphine,percocet,anorexia,chocolatiers
morphine,promethazine,anorexia,keto
morphine,tramadol,anorexia,vblt
morphine,xanax,diarrhoea,crohns_colitis
morphine,valium,diarrhoea,allin
morphine,ambien,diarrhoea,recycling_still
morphine,prozac,diarrhoea,languages
morphine,vicodin,diarrhoea,novolog_insulin
morphine,percocet,diarrhoea,allin
morphine,promethazine,diarrhoea,recycling_still
morphine,tramadol,diarrhoea,her2_herceptin
morphine,xanax,anaemia,vars
morphine,valium,anaemia,stamkos
morphine,ambien,anaemia,smoove
morphine,prozac,anaemia,powerball
morphine,vicodin,anaemia,wankered
morphine,percocet,anaemia,stamkos
morphine,promethazine,anaemia,explosives
morphine,tramadol,anaemia,gucci_mane
morphine,xanax,leukopenia,300mg
morphine,valium,leukopenia,mare_tepin
morphine,ambien,leukopenia,mare_tepin
morphine,prozac,leukopenia,moveon
morphine,vicodin,leukopenia,zana
morphine,percocet,leukopenia,durella_raybekah
morphine,promethazine,leukopenia,youdabest
morphine,tramadol,leukopenia,kentons
morphine,xanax,tremor,alpharma
morphine,valium,tremor,takyah
morphine,ambien,tremor,takyah
morphine,prozac,tremor,takyah
morphine,vicodin,tremor,alpharma
morphine,percocet,tremor,anticoagulation
morphine,promethazine,tremor,ginger_crackers
morphine,tramadol,tremor,takyah
morphine,xanax,rash,diggers
morphine,valium,rash,jollof
morphine,ambien,rash,diggers
morphine,prozac,rash,tardive
morphine,vicodin,rash,christs_sake
morphine,percocet,rash,scoreboard
morphine,promethazine,rash,ginger_crackers
morphine,tramadol,rash,profitability
morphine,xanax,pain,1840
morphine,valium,pain,100ct
morphine,ambien,pain,recycling_still
morphine,prozac,pain,lamp
morphine,vicodin,pain,pelosi
morphine,percocet,pain,angus
morphine,promethazine,pain,desyrel
morphine,tramadol,pain,future_reference
morphine,xanax,vomiting,diggers
morphine,valium,vomiting,propellant
morphine,ambien,vomiting,alycia
morphine,prozac,vomiting,installing
morphine,vicodin,vomiting,flaky
morphine,percocet,vomiting,ambiguous_genitalia_probably_claustrophobia
morphine,promethazine,vomiting,rasp
morphine,tramadol,vomiting,boneless
morphine,xanax,amenorrhoea,diggers
morphine,valium,amenorrhoea,germanwings
morphine,ambien,amenorrhoea,diggers
morphine,prozac,amenorrhoea,gallery
morphine,vicodin,amenorrhoea,kenyang
morphine,percocet,amenorrhoea,blue
morphine,promethazine,amenorrhoea,mattress
morphine,tramadol,amenorrhoea,turky
morphine,xanax,anaphylactic_shock,class_action
morphine,valium,anaphylactic_shock,class_action
morphine,ambien,anaphylactic_shock,recycling_still
morphine,prozac,anaphylactic_shock,apriso
morphine,vicodin,anaphylactic_shock,kidneys_liver
morphine,percocet,anaphylactic_shock,allin
morphine,promethazine,anaphylactic_shock,recycling_still
morphine,tramadol,anaphylactic_shock,class_action
morphine,xanax,bronchospasm,express_scripts
morphine,valium,bronchospasm,225mg_venlafaxine
morphine,ambien,bronchospasm,solving_problems
morphine,prozac,bronchospasm,smoke_purp
morphine,vicodin,bronchospasm,rocuronium
morphine,percocet,bronchospasm,smoke_purp
morphine,promethazine,bronchospasm,mullers
morphine,tramadol,bronchospasm,awesome
morphine,xanax,fatigue,landlords
morphine,valium,fatigue,propellant
morphine,ambien,fatigue,solving_problems
morphine,prozac,fatigue,motorcade
morphine,vicodin,fatigue,classifiedfact_itzwikipedia_kiss_times
morphine,percocet,fatigue,lisinopril_blood_pressure
morphine,promethazine,fatigue,lisinopril_blood_pressure
morphine,tramadol,fatigue,coax
morphine,xanax,headache,deep_breathing
morphine,valium,headache,propellant
morphine,ambien,headache,jaya
morphine,prozac,headache,fatal_frame
morphine,vicodin,headache,christs_sake
morphine,percocet,headache,anticoagulation
morphine,promethazine,headache,julies
morphine,tramadol,headache,intubate
morphine,xanax,lethargy,tryn
morphine,valium,lethargy,pero
morphine,ambien,lethargy,nightly
morphine,prozac,lethargy,osteoarthritis
morphine,vicodin,lethargy,christs_sake
morphine,percocet,lethargy,colouring_books
morphine,promethazine,lethargy,keto
morphine,tramadol,lethargy,antids
morphine,xanax,neuralgia,coronas
morphine,valium,neuralgia,propellant
morphine,ambien,neuralgia,mare_tepin
morphine,prozac,neuralgia,rele
morphine,vicodin,neuralgia,keppra
morphine,percocet,neuralgia,mare_tepin
morphine,promethazine,neuralgia,domore
morphine,tramadol,neuralgia,coocoo
morphine,xanax,osteoarthritis,zaxbys
morphine,valium,osteoarthritis,jordy
morphine,ambien,osteoarthritis,spatial
morphine,prozac,osteoarthritis,fatal_frame
morphine,vicodin,osteoarthritis,colace_miralax
morphine,percocet,osteoarthritis,allin
morphine,promethazine,osteoarthritis,keto
morphine,tramadol,osteoarthritis,antids
morphine,xanax,pruritus,kentons
morphine,valium,pruritus,mare_tepin
morphine,ambien,pruritus,mare_tepin
morphine,prozac,pruritus,mare_tepin
morphine,vicodin,pruritus,begs
morphine,percocet,pruritus,mare_tepin
morphine,promethazine,pruritus,lupin
morphine,tramadol,pruritus,multifactorial
morphine,xanax,pulmonary_oedema,wbcs
morphine,valium,pulmonary_oedema,cate
morphine,ambien,pulmonary_oedema,detective
morphine,prozac,pulmonary_oedema,emanated
morphine,vicodin,pulmonary_oedema,sidebar
morphine,percocet,pulmonary_oedema,canon_prograf
morphine,promethazine,pulmonary_oedema,detective
morphine,tramadol,pulmonary_oedema,coax
morphine,xanax,vertigo,sama2
morphine,valium,vertigo,jordy
morphine,ambien,vertigo,darl
morphine,prozac,vertigo,gallery
morphine,vicodin,vertigo,mythical
morphine,percocet,vertigo,canon_prograf
morphine,promethazine,vertigo,cook_hales_eranga_toss
morphine,tramadol,vertigo,gear
morphine,xanax,malaise,tarot
morphine,valium,malaise,plane_tickets
morphine,ambien,malaise,sweethearts
morphine,prozac,malaise,charlies
morphine,vicodin,malaise,celg
morphine,percocet,malaise,endure
morphine,promethazine,malaise,lululemon
morphine,tramadol,malaise,hurley
morphine,xanax,somnolence,deeney
morphine,valium,somnolence,propellant
morphine,ambien,somnolence,jaya
morphine,prozac,somnolence,horror_stories
morphine,vicodin,somnolence,complimentary
morphine,percocet,somnolence,allin
morphine,promethazine,somnolence,click_button
morphine,tramadol,somnolence,hoops_jump
morphine,xanax,alcoholism,tarot
morphine,valium,alcoholism,dassit
morphine,ambien,alcoholism,cometh
morphine,prozac,alcoholism,nebivolol
morphine,vicodin,alcoholism,blown_away
morphine,percocet,alcoholism,jimmy_buffet
morphine,promethazine,alcoholism,clapping_hands
morphine,tramadol,alcoholism,takyah
morphine,xanax,amnesia,sama2
morphine,valium,amnesia,cave
morphine,ambien,amnesia,unpopular
morphine,prozac,amnesia,realms
morphine,vicodin,amnesia,rocuronium
morphine,percocet,amnesia,realms
morphine,promethazine,amnesia,click_button
morphine,tramadol,amnesia,realms
morphine,xanax,apnoea,slumped
morphine,valium,apnoea,flonase_nasal_spray
morphine,ambien,apnoea,soaked
morphine,prozac,apnoea,number_00966544310681
morphine,vicodin,apnoea,bedding
morphine,percocet,apnoea,rhigm22
morphine,promethazine,apnoea,number_00966544310681
morphine,tramadol,apnoea,johnny_rocket
morphine,xanax,ataxia,haemodialysis
morphine,valium,ataxia,pero
morphine,ambien,ataxia,recycling_still
morphine,prozac,ataxia,outwards
morphine,vicodin,ataxia,christs_sake
morphine,percocet,ataxia,anticoagulation
morphine,promethazine,ataxia,recycling_still
morphine,tramadol,ataxia,buckeyenation
morphine,xanax,atrial_fibrillation,detected
morphine,valium,atrial_fibrillation,takyah
morphine,ambien,atrial_fibrillation,probably_bipolar
morphine,prozac,atrial_fibrillation,takyah
morphine,vicodin,atrial_fibrillation,hulk_superherobirthdaygifts
morphine,percocet,atrial_fibrillation,timothy
morphine,promethazine,atrial_fibrillation,click_button
morphine,tramadol,atrial_fibrillation,takyah
morphine,xanax,mental_disorder,deep_breathing
morphine,valium,mental_disorder,asthavent
morphine,ambien,mental_disorder,multicenter
morphine,prozac,mental_disorder,doctor_kennedy_airport
morphine,vicodin,mental_disorder,blown_away
morphine,percocet,mental_disorder,flapanthers
morphine,promethazine,mental_disorder,destructive
morphine,tramadol,mental_disorder,negligible
morphine,xanax,blister,extasy
morphine,valium,blister,jordy
morphine,ambien,blister,goal_beta_blocker
morphine,prozac,blister,acknowledge
morphine,vicodin,blister,insight
morphine,percocet,blister,1986
morphine,promethazine,blister,scotsman
morphine,tramadol,blister,zyrtec
morphine,xanax,breast_feeding,deep_breathing
morphine,valium,breast_feeding,jordy
morphine,ambien,breast_feeding,solving_problems
morphine,prozac,breast_feeding,scarves
morphine,vicodin,breast_feeding,christs_sake
morphine,percocet,breast_feeding,smoke_purp
morphine,promethazine,breast_feeding,shul
morphine,tramadol,breast_feeding,livetitanic
morphine,xanax,coma,tryn
morphine,valium,coma,jordy
morphine,ambien,coma,closets
morphine,prozac,coma,tryn
morphine,vicodin,coma,doorr
morphine,percocet,coma,nostril
morphine,promethazine,coma,calls_ktov
morphine,tramadol,coma,soured
morphine,xanax,infection,tarot
morphine,valium,infection,kickback
morphine,ambien,infection,recycling_still
morphine,prozac,infection,fatigued
morphine,vicodin,infection,mind_brink_going_supernova
morphine,percocet,infection,1986
morphine,promethazine,infection,recycling_still
morphine,tramadol,infection,mien
morphine,xanax,conjunctivitis,detected
morphine,valium,conjunctivitis,propellant
morphine,ambien,conjunctivitis,treatment_erectile_dysfunction
morphine,prozac,conjunctivitis,deadline
morphine,vicodin,conjunctivitis,helsinki
morphine,percocet,conjunctivitis,andre
morphine,promethazine,conjunctivitis,small_increases
morphine,tramadol,conjunctivitis,takyah
morphine,xanax,cough,options_limited
morphine,valium,cough,concluded
morphine,ambien,cough,unreticent
morphine,prozac,cough,alycia
morphine,vicodin,cough,christs_sake
morphine,percocet,cough,vibramycin
morphine,promethazine,cough,unreticent
morphine,tramadol,cough,antids
morphine,xanax,dysphagia,cryy
morphine,valium,dysphagia,magic_requip
morphine,ambien,dysphagia,number_00966544310681
morphine,prozac,dysphagia,number_00966544310681
morphine,vicodin,dysphagia,cryy
morphine,percocet,dysphagia,abcs
morphine,promethazine,dysphagia,number_00966544310681
morphine,tramadol,dysphagia,tidal
morphine,xanax,dehydration,detected
morphine,valium,dehydration,hoos
morphine,ambien,dehydration,recycling_still
morphine,prozac,dehydration,osteoarthritis
morphine,vicodin,dehydration,additionally
morphine,percocet,dehydration,greatful
morphine,promethazine,dehydration,recycling_still
morphine,tramadol,dehydration,anemia_vitamin_folate_iron
morphine,xanax,delirium,socialsecurity
morphine,valium,delirium,rebana
morphine,ambien,delirium,oscar2016
morphine,prozac,delirium,deadline
morphine,vicodin,delirium,bedding
morphine,percocet,delirium,temescal
morphine,promethazine,delirium,mattress
morphine,tramadol,delirium,satsuki
morphine,xanax,diplopia,tryn
morphine,valium,diplopia,salman
morphine,ambien,diplopia,whiplash
morphine,prozac,diplopia,cause_tachycardia_metoprolol
morphine,vicodin,diplopia,poisoned
morphine,percocet,diplopia,4her
morphine,promethazine,diplopia,sleeve
morphine,tramadol,diplopia,unintended_consequence
morphine,xanax,dyskinesia,detected
morphine,valium,dyskinesia,lucki
morphine,ambien,dyskinesia,helpers
morphine,prozac,dyskinesia,grape_childrens
morphine,vicodin,dyskinesia,nialls
morphine,percocet,dyskinesia,alvin
morphine,promethazine,dyskinesia,recycling_still
morphine,tramadol,dyskinesia,rink
morphine,xanax,dyspepsia,zaxbys
morphine,valium,dyspepsia,swagg
morphine,ambien,dyspepsia,solving_problems
morphine,prozac,dyspepsia,aventyl
morphine,vicodin,dyspepsia,clif
morphine,percocet,dyspepsia,teasertuesday
morphine,promethazine,dyspepsia,mind_brink_going_supernova
morphine,tramadol,dyspepsia,profitability
morphine,xanax,oedema,sama2
morphine,valium,oedema,pero
morphine,ambien,oedema,number_00966544310681
morphine,prozac,oedema,gallery
morphine,vicodin,oedema,gabapentins
morphine,percocet,oedema,temescal
morphine,promethazine,oedema,heaven_sent
morphine,tramadol,oedema,profin
morphine,xanax,flatulence,deep_breathing
morphine,valium,flatulence,100ct
morphine,ambien,flatulence,helpers
morphine,prozac,flatulence,doctor_kennedy_airport
morphine,vicodin,flatulence,separation
morphine,percocet,flatulence,anticoagulation
morphine,promethazine,flatulence,100ct
morphine,tramadol,flatulence,separation
morphine,xanax,flushing,wedge
morphine,valium,flushing,tough
morphine,ambien,flushing,budget2016
morphine,prozac,flushing,kathdanielbohol_lepitens1_slaykn03_crystal
morphine,vicodin,flushing,blown_away
morphine,percocet,flushing,4her
morphine,promethazine,flushing,lululemon
morphine,tramadol,flushing,boneless
morphine,xanax,gastroenteritis,texan
morphine,valium,gastroenteritis,takyah
morphine,ambien,gastroenteritis,goal_beta_blocker
morphine,prozac,gastroenteritis,vignettes
morphine,vicodin,gastroenteritis,mood_stabilizers
morphine,percocet,gastroenteritis,patently
morphine,promethazine,gastroenteritis,mullers
morphine,tramadol,gastroenteritis,madrid
morphine,xanax,hallucination,tarot
morphine,valium,hallucination,propellant
morphine,ambien,hallucination,alycia
morphine,prozac,hallucination,revising
morphine,vicodin,hallucination,rocuronium
morphine,percocet,hallucination,spammer
morphine,promethazine,hallucination,spammer
morphine,tramadol,hallucination,livetitanic
morphine,xanax,cardiac_arrest,detected
morphine,valium,cardiac_arrest,jordy
morphine,ambien,cardiac_arrest,recycling_still
morphine,prozac,cardiac_arrest,fatal_frame
morphine,vicodin,cardiac_arrest,hulk_superherobirthdaygifts
morphine,percocet,cardiac_arrest,canon_prograf
morphine,promethazine,cardiac_arrest,recycling_still
morphine,tramadol,cardiac_arrest,bulldog_ladies
morphine,xanax,hepatitis,fluoridated_water
morphine,valium,hepatitis,dassit
morphine,ambien,hepatitis,datnoid
morphine,prozac,hepatitis,rocuronium
morphine,vicodin,hepatitis,rocuronium
morphine,percocet,hepatitis,andre
morphine,promethazine,hepatitis,datnoid
morphine,tramadol,hepatitis,motel
morphine,xanax,hiccups,diggers
morphine,valium,hiccups,source_protein
morphine,ambien,hiccups,diggers
morphine,prozac,hiccups,glances
morphine,vicodin,hiccups,territories
morphine,percocet,hiccups,4her
morphine,promethazine,hiccups,hardening_nipples_probably_dyslexia
morphine,tramadol,hiccups,adult_diaper
morphine,xanax,hypersensitivity,deeney
morphine,valium,hypersensitivity,deeney
morphine,ambien,hypersensitivity,deeney
morphine,prozac,hypersensitivity,deeney
morphine,vicodin,hypersensitivity,obviousness
morphine,percocet,hypersensitivity,obviousness
morphine,promethazine,hypersensitivity,obviousness
morphine,tramadol,hypersensitivity,rink
morphine,xanax,hypertension,magic_luminizer_review
morphine,valium,hypertension,propellant
morphine,ambien,hypertension,twerk_make
morphine,prozac,hypertension,outwards
morphine,vicodin,hypertension,magpie
morphine,percocet,hypertension,temescal
morphine,promethazine,hypertension,hosptial
morphine,tramadol,hypertension,magic_luminizer_review
morphine,xanax,hyponatraemia,delegate
morphine,valium,hyponatraemia,100ct
morphine,ambien,hyponatraemia,soaked
morphine,prozac,hyponatraemia,acknowledge
morphine,vicodin,hyponatraemia,suffered
morphine,percocet,hyponatraemia,kickball
morphine,promethazine,hyponatraemia,100ct
morphine,tramadol,hyponatraemia,negligible
morphine,xanax,hypotension,main_lining
morphine,valium,hypotension,toed
morphine,ambien,hypotension,conspiracies
morphine,prozac,hypotension,propranolol_beta_blocker
morphine,vicodin,hypotension,pelosi
morphine,percocet,hypotension,doable
morphine,promethazine,hypotension,toed
morphine,tramadol,hypotension,midol_pamprin
morphine,xanax,orthostatic_hypotension,a33playdance_valium
morphine,valium,orthostatic_hypotension,samsungs
morphine,ambien,orthostatic_hypotension,datnoid
morphine,prozac,orthostatic_hypotension,breaking_activists_hanging_grey
morphine,vicodin,orthostatic_hypotension,bedding
morphine,percocet,orthostatic_hypotension,4her
morphine,promethazine,orthostatic_hypotension,indebted
morphine,tramadol,orthostatic_hypotension,experimental_proof
morphine,xanax,influenza,detected
morphine,valium,influenza,takyah
morphine,ambien,influenza,mare_tepin
morphine,prozac,influenza,osteoarthritis
morphine,vicodin,influenza,christs_sake
morphine,percocet,influenza,robitussin
morphine,promethazine,influenza,domore
morphine,tramadol,influenza,takyah
morphine,xanax,myoclonus,gabaran
morphine,valium,myoclonus,flesh
morphine,ambien,myoclonus,dontforgettopack
morphine,prozac,myoclonus,installing
morphine,vicodin,myoclonus,rocuronium
morphine,percocet,myoclonus,childrens_motrin
morphine,promethazine,myoclonus,recycling_still
morphine,tramadol,myoclonus,awesome
morphine,xanax,nervousness,sheimar
morphine,valium,nervousness,pero
morphine,ambien,nervousness,sheimar
morphine,prozac,nervousness,washing_dishes
morphine,vicodin,nervousness,turmeric
morphine,percocet,nervousness,cole
morphine,promethazine,nervousness,sheimar
morphine,tramadol,nervousness,restriction
morphine,xanax,nodule,alpharma
morphine,valium,nodule,ship_louisa_alcott
morphine,ambien,nodule,recycling_still
morphine,prozac,nodule,aired
morphine,vicodin,nodule,alpharma
morphine,percocet,nodule,tswift
morphine,promethazine,nodule,recycling_still
morphine,tramadol,nodule,livetitanic
morphine,xanax,nystagmus,magic_luminizer_review
morphine,valium,nystagmus,doctor_kennedy_airport
morphine,ambien,nystagmus,recycling_still
morphine,prozac,nystagmus,suck_dicks
morphine,vicodin,nystagmus,hulk_superherobirthdaygifts
morphine,percocet,nystagmus,temescal
morphine,promethazine,nystagmus,recycling_still
morphine,tramadol,nystagmus,braggs
morphine,xanax,palpitations,tarot
morphine,valium,palpitations,dassit
morphine,ambien,palpitations,faze_clan
morphine,prozac,palpitations,headlights
morphine,vicodin,palpitations,people_dying_internal
morphine,percocet,palpitations,colouring_books
morphine,promethazine,palpitations,bance
morphine,tramadol,palpitations,longer_limousine
morphine,xanax,phlebitis,segue
morphine,valium,phlebitis,lute_tablature
morphine,ambien,phlebitis,darl
morphine,prozac,phlebitis,breaking_activists_hanging_grey
morphine,vicodin,phlebitis,christs_sake
morphine,percocet,phlebitis,finished
morphine,promethazine,phlebitis,ergot
morphine,tramadol,phlebitis,locks
morphine,xanax,pulmonary_embolism,hosted_illustration
morphine,valium,pulmonary_embolism,tough
morphine,ambien,pulmonary_embolism,utilities
morphine,prozac,pulmonary_embolism,aired
morphine,vicodin,pulmonary_embolism,territories
morphine,percocet,pulmonary_embolism,shifty
morphine,promethazine,pulmonary_embolism,tegretol_carbamazepine
morphine,tramadol,pulmonary_embolism,mien
morphine,xanax,renal_failure,england_lanka_cook_woakes
morphine,valium,renal_failure,samsungs
morphine,ambien,renal_failure,soaked
morphine,prozac,renal_failure,castaway
morphine,vicodin,renal_failure,mood_stabilizers
morphine,percocet,renal_failure,4her
morphine,promethazine,renal_failure,ergot
morphine,tramadol,renal_failure,soured
morphine,xanax,rhabdomyolysis,detected
morphine,valium,rhabdomyolysis,fatigued
morphine,ambien,rhabdomyolysis,lyrica_anderson_talented
morphine,prozac,rhabdomyolysis,fatigued
morphine,vicodin,rhabdomyolysis,morenovalley
morphine,percocet,rhabdomyolysis,1940s
morphine,promethazine,rhabdomyolysis,infringe
morphine,tramadol,rhabdomyolysis,callous
morphine,xanax,rhinitis,zaxbys
morphine,valium,rhinitis,jordy
morphine,ambien,rhinitis,solving_problems
morphine,prozac,rhinitis,fatal_frame
morphine,vicodin,rhinitis,christs_sake
morphine,percocet,rhinitis,anticoagulation
morphine,promethazine,rhinitis,buttercup
morphine,tramadol,rhinitis,rehash
morphine,xanax,convulsion,detected
morphine,valium,convulsion,jordy
morphine,ambien,convulsion,recycling_still
morphine,prozac,convulsion,fatal_frame
morphine,vicodin,convulsion,magpie
morphine,percocet,convulsion,1986
morphine,promethazine,convulsion,recycling_still
morphine,tramadol,convulsion,rink
morphine,xanax,shivering,detected
morphine,valium,shivering,lucki
morphine,ambien,shivering,datnoid
morphine,prozac,shivering,gumi
morphine,vicodin,shivering,endang
morphine,percocet,shivering,gumi
morphine,promethazine,shivering,datnoid
morphine,tramadol,shivering,arcs
morphine,xanax,shock,detected
morphine,valium,shock,trittico
morphine,ambien,shock,trittico
morphine,prozac,shock,cause_tachycardia_metoprolol
morphine,vicodin,shock,self_centered
morphine,percocet,shock,pinworms
morphine,promethazine,shock,come_collect_parcel
morphine,tramadol,shock,multifactorial
morphine,xanax,sneezing,drconway_told_couple
morphine,valium,sneezing,takyah
morphine,ambien,sneezing,mare_tepin
morphine,prozac,sneezing,fatal_frame
morphine,vicodin,sneezing,blown_away
morphine,percocet,sneezing,flapanthers
morphine,promethazine,sneezing,mind_brink_going_supernova
morphine,tramadol,sneezing,takyah
morphine,xanax,muscle_spasms,tryn
morphine,valium,muscle_spasms,source_protein
morphine,ambien,muscle_spasms,recycling_still
morphine,prozac,muscle_spasms,powerball
morphine,vicodin,muscle_spasms,christs_sake
morphine,percocet,muscle_spasms,rindo
morphine,promethazine,muscle_spasms,recycling_still
morphine,tramadol,muscle_spasms,bulldog_ladies
morphine,xanax,withdrawal_syndrome,diggers
morphine,valium,withdrawal_syndrome,propellant
morphine,ambien,withdrawal_syndrome,diggers
morphine,prozac,withdrawal_syndrome,rele
morphine,vicodin,withdrawal_syndrome,diflucan
morphine,percocet,withdrawal_syndrome,makeup
morphine,promethazine,withdrawal_syndrome,disrupt
morphine,tramadol,withdrawal_syndrome,takyah
morphine,xanax,sweating,moving_slow
morphine,valium,sweating,mare_tepin
morphine,ambien,sweating,mare_tepin
morphine,prozac,sweating,deadline
morphine,vicodin,sweating,alpharma
morphine,percocet,sweating,rindo
morphine,promethazine,sweating,turn_lights
morphine,tramadol,sweating,goober
morphine,xanax,swelling,seaworld_heavily_drugs
morphine,valium,swelling,jordy
morphine,ambien,swelling,goal_beta_blocker
morphine,prozac,swelling,200mg
morphine,vicodin,swelling,directory_enquiries
morphine,percocet,swelling,berbakti
morphine,promethazine,swelling,general_forgetfulness_suffer_melancholia
morphine,tramadol,swelling,profin
morphine,xanax,syncope,george_washington
morphine,valium,syncope,ligne
morphine,ambien,syncope,recycling_still
morphine,prozac,syncope,cause_tachycardia_metoprolol
morphine,vicodin,syncope,hulk_superherobirthdaygifts
morphine,percocet,syncope,temescal
morphine,promethazine,syncope,recycling_still
morphine,tramadol,syncope,antids
morphine,xanax,tachycardia,ipad
morphine,valium,tachycardia,rileys
morphine,ambien,tachycardia,recycling_still
morphine,prozac,tachycardia,gallery
morphine,vicodin,tachycardia,pelosi
morphine,percocet,tachycardia,anticoagulation
morphine,promethazine,tachycardia,anticoagulation
morphine,tramadol,tachycardia,clock_tower
morphine,xanax,thirst,extasy
morphine,valium,thirst,women_sprint_finish
morphine,ambien,thirst,helpers
morphine,prozac,thirst,lithium_zyprexa
morphine,vicodin,thirst,marshawn
morphine,percocet,thirst,alvin
morphine,promethazine,thirst,marshawn
morphine,tramadol,thirst,marshawn
morphine,xanax,thrombocytopenia,zaxbys
morphine,valium,thrombocytopenia,propellant
morphine,ambien,thrombocytopenia,datnoid
morphine,prozac,thrombocytopenia,klax
morphine,vicodin,thrombocytopenia,christs_sake
morphine,percocet,thrombocytopenia,alvin
morphine,promethazine,thrombocytopenia,turn_lights
morphine,tramadol,thrombocytopenia,critically
morphine,xanax,ulcer,autonomic_neuropathy_chronic_pancreatitis
morphine,valium,ulcer,samsungs
morphine,ambien,ulcer,number_00966544310681
morphine,prozac,ulcer,gallery
morphine,vicodin,ulcer,lenses
morphine,percocet,ulcer,disruption
morphine,promethazine,ulcer,ginger_crackers
morphine,tramadol,ulcer,antioch
morphine,xanax,erythema,tryn
morphine,valium,erythema,jordy
morphine,ambien,erythema,solving_problems
morphine,prozac,erythema,tryn
morphine,vicodin,erythema,overload
morphine,percocet,erythema,lupusawareness
morphine,promethazine,erythema,honorary
morphine,tramadol,erythema,restriction
morphine,xanax,urinary_tract_infection,thanks
morphine,valium,urinary_tract_infection,lasso
morphine,ambien,urinary_tract_infection,metroid
morphine,prozac,urinary_tract_infection,broken_hearted
morphine,vicodin,urinary_tract_infection,blown_away
morphine,percocet,urinary_tract_infection,upjohn
morphine,promethazine,urinary_tract_infection,respectfully
morphine,tramadol,urinary_tract_infection,tmnt
morphine,xanax,urticaria,palomar
morphine,valium,urticaria,takyah
morphine,ambien,urticaria,datnoid
morphine,prozac,urticaria,happy_befday
morphine,vicodin,urticaria,alpharma
morphine,percocet,urticaria,chocolatiers
morphine,promethazine,urticaria,spica
morphine,tramadol,urticaria,zyrtec
morphine,xanax,vasodilation,fluoridated_water
morphine,valium,vasodilation,antids
morphine,ambien,vasodilation,recycling_still
morphine,prozac,vasodilation,antids
morphine,vicodin,vasodilation,repulsed
morphine,percocet,vasodilation,shareholder
morphine,promethazine,vasodilation,recycling_still
morphine,tramadol,vasodilation,antids
morphine,xanax,wheezing,segue
morphine,valium,wheezing,jordy
morphine,ambien,wheezing,marcy
morphine,prozac,wheezing,propranolol_beta_blocker
morphine,vicodin,wheezing,christs_sake
morphine,percocet,wheezing,shooting_lesser
morphine,promethazine,wheezing,worth_risk
morphine,tramadol,wheezing,journorequest
morphine,xanax,yawning,cushion
morphine,valium,yawning,cushion
morphine,ambien,yawning,her2_herceptin
morphine,prozac,yawning,aggro
morphine,vicodin,yawning,steamed
morphine,percocet,yawning,derick
morphine,promethazine,yawning,prescrib
morphine,tramadol,yawning,aggro
morphine,xanax,urinary_retention,tryn
morphine,valium,urinary_retention,flesh
morphine,ambien,urinary_retention,recycling_still
morphine,prozac,urinary_retention,gallery
morphine,vicodin,urinary_retention,coconut_milk
morphine,percocet,urinary_retention,rindo
morphine,promethazine,urinary_retention,recycling_still
morphine,tramadol,urinary_retention,warp_woof
morphine,xanax,chills,fluoridated_water
morphine,valium,chills,doctor_kennedy_airport
morphine,ambien,chills,pasco
morphine,prozac,chills,rocuronium
morphine,vicodin,chills,rocuronium
morphine,percocet,chills,stooper
morphine,promethazine,chills,lululemon
morphine,tramadol,chills,libra
morphine,xanax,stupor,pennydreadful
morphine,valium,stupor,jordy
morphine,ambien,stupor,hoagie
morphine,prozac,stupor,cause_tachycardia_metoprolol
morphine,vicodin,stupor,smexy
morphine,percocet,stupor,stepdads
morphine,promethazine,stupor,sweethearts
morphine,tramadol,stupor,johnny_rocket
morphine,xanax,agitation,osborne
morphine,valium,agitation,samsungs
morphine,ambien,agitation,klonapin
morphine,prozac,agitation,shareholder
morphine,vicodin,agitation,christs_sake
morphine,percocet,agitation,shareholder
morphine,promethazine,agitation,shareholder
morphine,tramadol,agitation,shareholder
morphine,xanax,apathy,tryn
morphine,valium,apathy,jordy
morphine,ambien,apathy,resetting
morphine,prozac,apathy,resetting
morphine,vicodin,apathy,blown_away
morphine,percocet,apathy,alvin
morphine,promethazine,apathy,resetting
morphine,tramadol,apathy,somas_harem
morphine,xanax,mood_swings,ballad
morphine,valium,mood_swings,jordy
morphine,ambien,mood_swings,solving_problems
morphine,prozac,mood_swings,osteoarthritis
morphine,vicodin,mood_swings,claus
morphine,percocet,mood_swings,ruined_transformers_forever
morphine,promethazine,mood_swings,sweethearts
morphine,tramadol,mood_swings,suffer_causes_bellybutton
morphine,xanax,withdrawal_symptom,draino
morphine,valium,withdrawal_symptom,doctor_kennedy_airport
morphine,ambien,withdrawal_symptom,diggers
morphine,prozac,withdrawal_symptom,doctor_kennedy_airport
morphine,vicodin,withdrawal_symptom,bedding
morphine,percocet,withdrawal_symptom,laparr
morphine,promethazine,withdrawal_symptom,cods
morphine,tramadol,withdrawal_symptom,draino
morphine,xanax,accidental_overdose,mozart
morphine,valium,accidental_overdose,stingrays
morphine,ambien,accidental_overdose,darl
morphine,prozac,accidental_overdose,mozart
morphine,vicodin,accidental_overdose,sidebar
morphine,percocet,accidental_overdose,mozart
morphine,promethazine,accidental_overdose,mozart
morphine,tramadol,accidental_overdose,ground
morphine,xanax,respiratory_arrest,redoing
morphine,valium,respiratory_arrest,100ct
morphine,ambien,respiratory_arrest,recycling_still
morphine,prozac,respiratory_arrest,punks
morphine,vicodin,respiratory_arrest,wisco
morphine,percocet,respiratory_arrest,allin
morphine,promethazine,respiratory_arrest,100ct
morphine,tramadol,respiratory_arrest,rink
morphine,xanax,malnutrition,leeann
morphine,valium,malnutrition,pero
morphine,ambien,malnutrition,cello
morphine,prozac,malnutrition,jeph
morphine,vicodin,malnutrition,pelosi
morphine,percocet,malnutrition,shareholder
morphine,promethazine,malnutrition,jeph
morphine,tramadol,malnutrition,jazz
morphine,xanax,lightheadedness,unpopular
morphine,valium,lightheadedness,ricky_martin_featuring_pitbull
morphine,ambien,lightheadedness,solving_problems
morphine,prozac,lightheadedness,lifestyle_intervention
morphine,vicodin,lightheadedness,territories
morphine,percocet,lightheadedness,pebbles
morphine,promethazine,lightheadedness,worth_risk
morphine,tramadol,lightheadedness,mcmuffin
morphine,xanax,welts,detected
morphine,valium,welts,whitney_houston
morphine,ambien,welts,secret_marriage_chemistry
morphine,prozac,welts,point_blank_period
morphine,vicodin,welts,point_blank_period
morphine,percocet,welts,point_blank_period
morphine,promethazine,welts,cods
morphine,tramadol,welts,fingernail
morphine,xanax,muscle_twitching,tuna_fish
morphine,valium,muscle_twitching,jordy
morphine,ambien,muscle_twitching,castaway
morphine,prozac,muscle_twitching,castaway
morphine,vicodin,muscle_twitching,clinically_depressed
morphine,percocet,muscle_twitching,broke_elbow
morphine,promethazine,muscle_twitching,keto
morphine,tramadol,muscle_twitching,unsecretive
morphine,xanax,chest_tightness,detected
morphine,valium,chest_tightness,homeopathy
morphine,ambien,chest_tightness,yodel
morphine,prozac,chest_tightness,rele
morphine,vicodin,chest_tightness,rocuronium
morphine,percocet,chest_tightness,ptsd_causes_catatonic_state
morphine,promethazine,chest_tightness,heaven_sent
morphine,tramadol,chest_tightness,mien
morphine,xanax,disorientation,tarot
morphine,valium,disorientation,100ct
morphine,ambien,disorientation,solving_problems
morphine,prozac,disorientation,fatal_frame
morphine,vicodin,disorientation,christs_sake
morphine,percocet,disorientation,arranging
morphine,promethazine,disorientation,100ct
morphine,tramadol,disorientation,rink
morphine,xanax,dysphoria,halfway_thru
morphine,valium,dysphoria,100ct
morphine,ambien,dysphoria,datnoid
morphine,prozac,dysphoria,fatal_frame
morphine,vicodin,dysphoria,rocuronium
morphine,percocet,dysphoria,shareholder
morphine,promethazine,dysphoria,recycling_still
morphine,tramadol,dysphoria,shareholder
morphine,xanax,apprehension,lisaa
morphine,valium,apprehension,jordy
morphine,ambien,apprehension,helpers
morphine,prozac,apprehension,propranolol_beta_blocker
morphine,vicodin,apprehension,alluding
morphine,percocet,apprehension,shareholder
morphine,promethazine,apprehension,shareholder
morphine,tramadol,apprehension,xfinity
morphine,xanax,tenderness,deeney
morphine,valium,tenderness,pero
morphine,ambien,tenderness,goal_beta_blocker
morphine,prozac,tenderness,pending
morphine,vicodin,tenderness,rocuronium
morphine,percocet,tenderness,chocolatiers
morphine,promethazine,tenderness,sertralines
morphine,tramadol,tenderness,hood_stallion_passenger_stallion
morphine,xanax,ache,adele25
morphine,valium,ache,fling
morphine,ambien,ache,recycling_still
morphine,prozac,ache,languages
morphine,vicodin,ache,mill_attic_fell
morphine,percocet,ache,disruption
morphine,promethazine,ache,recycling_still
morphine,tramadol,ache,negligible
morphine,xanax,slurred_speech,segue
morphine,valium,slurred_speech,jordy
morphine,ambien,slurred_speech,dontforgettopack
morphine,prozac,slurred_speech,dontforgettopack
morphine,vicodin,slurred_speech,gabapentins
morphine,percocet,slurred_speech,shareholder
morphine,promethazine,slurred_speech,shareholder
morphine,tramadol,slurred_speech,shareholder
morphine,xanax,respiratory_depression,adele25
morphine,valium,respiratory_depression,jordy
morphine,ambien,respiratory_depression,skaters
morphine,prozac,respiratory_depression,rocuronium
morphine,vicodin,respiratory_depression,rocuronium
morphine,percocet,respiratory_depression,corgis
morphine,promethazine,respiratory_depression,hardening_nipples_probably_dyslexia
morphine,tramadol,respiratory_depression,keillor
morphine,xanax,erectile_dysfunction,diggers
morphine,valium,erectile_dysfunction,takyah
morphine,ambien,erectile_dysfunction,recycling_still
morphine,prozac,erectile_dysfunction,recycling_still
morphine,vicodin,erectile_dysfunction,hulk_superherobirthdaygifts
morphine,percocet,erectile_dysfunction,temescal
morphine,promethazine,erectile_dysfunction,recycling_still
morphine,tramadol,erectile_dysfunction,robbins
morphine,xanax,sepsis,hosted_illustration
morphine,valium,sepsis,glastonbury
morphine,ambien,sepsis,sharp_pains
morphine,prozac,sepsis,truer_words
morphine,vicodin,sepsis,rocuronium
morphine,percocet,sepsis,chocolatiers
morphine,promethazine,sepsis,hunnits
morphine,tramadol,sepsis,clothes_breezeblocks_shes
morphine,xanax,hypersexuality,lettering
morphine,valium,hypersexuality,parish_mission_partner
morphine,ambien,hypersexuality,attempted_suicide
morphine,prozac,hypersexuality,osteoarthritis
morphine,vicodin,hypersexuality,territories
morphine,percocet,hypersexuality,childrens_motrin
morphine,promethazine,hypersexuality,come_collect_parcel
morphine,tramadol,hypersexuality,guyzz
morphine,xanax,vision_blurred,broken_hearted
morphine,valium,vision_blurred,mare_tepin
morphine,ambien,vision_blurred,mare_tepin
morphine,prozac,vision_blurred,mare_tepin
morphine,vicodin,vision_blurred,mare_tepin
morphine,percocet,vision_blurred,mare_tepin
morphine,promethazine,vision_blurred,smokin_cali
morphine,tramadol,vision_blurred,coocoo
morphine,xanax,bradycardia,poisoned
morphine,valium,bradycardia,propellant
morphine,ambien,bradycardia,soaked
morphine,prozac,bradycardia,churches
morphine,vicodin,bradycardia,poisoned
morphine,percocet,bradycardia,made
morphine,promethazine,bradycardia,recycling_still
morphine,tramadol,bradycardia,negligible
morphine,xanax,dependence,tarot
morphine,valium,dependence,kansas
morphine,ambien,dependence,123699
morphine,prozac,dependence,123699
morphine,vicodin,dependence,hulk_superherobirthdaygifts
morphine,percocet,dependence,letting
morphine,promethazine,dependence,click_button
morphine,tramadol,dependence,negligible
morphine,xanax,compulsions,cause_liver_toxicity
morphine,valium,compulsions,atorvastatin_lipitor
morphine,ambien,compulsions,ventolin
morphine,prozac,compulsions,fatigued
morphine,vicodin,compulsions,christs_sake
morphine,percocet,compulsions,ventolin
morphine,promethazine,compulsions,sweethearts
morphine,tramadol,compulsions,treatment_erectile_dysfunction
morphine,xanax,substance_abuse,diggers
morphine,valium,substance_abuse,republican_presidential
morphine,ambien,substance_abuse,diggers
morphine,prozac,substance_abuse,agonizing
morphine,vicodin,substance_abuse,bedding
morphine,percocet,substance_abuse,skeet
morphine,promethazine,substance_abuse,scotsman
morphine,tramadol,substance_abuse,coocoo
morphine,xanax,hypotensive,ototoxicity
morphine,valium,hypotensive,doctor_kennedy_airport
morphine,ambien,hypotensive,detective
morphine,prozac,hypotensive,installing
morphine,vicodin,hypotensive,rocuronium
morphine,percocet,hypotensive,viagra_partytime
morphine,promethazine,hypotensive,stussy_jacket_rain
morphine,tramadol,hypotensive,rink
morphine,xanax,insomnia,total_eclipse_heart
morphine,valium,insomnia,stingrays
morphine,ambien,insomnia,mare_tepin
morphine,prozac,insomnia,gallery
morphine,vicodin,insomnia,bedding
morphine,percocet,insomnia,waterloo
morphine,promethazine,insomnia,sweethearts
morphine,tramadol,insomnia,waterloo
