promethazine,xanax,anaphylactic_shock,primed
promethazine,morphine,anaphylactic_shock,pine
promethazine,valium,anaphylactic_shock,faggots
promethazine,ambien,anaphylactic_shock,metalworkers_strike_helping
promethazine,prozac,anaphylactic_shock,ar15_tavor
promethazine,vicodin,anaphylactic_shock,torre
promethazine,percocet,anaphylactic_shock,sweet_flavor_soporific
promethazine,tramadol,anaphylactic_shock,shiitake
promethazine,xanax,angioedema,decided
promethazine,morphine,angioedema,woman_lead_writer
promethazine,valium,angioedema,woman_lead_writer
promethazine,ambien,angioedema,scrutinized
promethazine,prozac,angioedema,authorities_york
promethazine,vicodin,angioedema,woman_lead_writer
promethazine,percocet,angioedema,woman_lead_writer
promethazine,tramadol,angioedema,275mg
promethazine,xanax,apprehension,18am
promethazine,morphine,apprehension,attitude_toward
promethazine,valium,apprehension,haematuria
promethazine,ambien,apprehension,worriment
promethazine,prozac,apprehension,zooey
promethazine,vicodin,apprehension,blaming_battle
promethazine,percocet,apprehension,prograf_cellcept
promethazine,tramadol,apprehension,regress
promethazine,xanax,hypersensitivity,schedule_substance
promethazine,morphine,hypersensitivity,tuscola_today
promethazine,valium,hypersensitivity,faggots
promethazine,ambien,hypersensitivity,worriment
promethazine,prozac,hypersensitivity,asleep
promethazine,vicodin,hypersensitivity,sirens
promethazine,percocet,hypersensitivity,hosted_enlightenment
promethazine,tramadol,hypersensitivity,monson
promethazine,xanax,measles,decided
promethazine,morphine,measles,tweaker
promethazine,valium,measles,faggots
promethazine,ambien,measles,yello_oreos
promethazine,prozac,measles,quinoric
promethazine,vicodin,measles,crooked_hillary
promethazine,percocet,measles,ridden_nothings
promethazine,tramadol,measles,acid_reflux
promethazine,xanax,motion_sickness,seco
promethazine,morphine,motion_sickness,relative
promethazine,valium,motion_sickness,nail_biter
promethazine,ambien,motion_sickness,skunk
promethazine,prozac,motion_sickness,ebube
promethazine,vicodin,motion_sickness,bank_card
promethazine,percocet,motion_sickness,modus_statements
promethazine,tramadol,motion_sickness,quetiapine_700mg
promethazine,xanax,nausea,arsonist
promethazine,morphine,nausea,lunesta
promethazine,valium,nausea,jessica_lange
promethazine,ambien,nausea,purdy
promethazine,prozac,nausea,fredericks
promethazine,vicodin,nausea,tamiflu_bch361dpc
promethazine,percocet,nausea,jessica_lange
promethazine,tramadol,nausea,oughta
promethazine,xanax,pain,decided
promethazine,morphine,pain,syringe_full
promethazine,valium,pain,heroes_reborn
promethazine,ambien,pain,open_source
promethazine,prozac,pain,world_stersund_womens_individual
promethazine,vicodin,pain,cause_jaws_hurt
promethazine,percocet,pain,methylated
promethazine,tramadol,pain,sean_paul
promethazine,xanax,pruritus,prednisone_prednisolone_methylprednisolone
promethazine,morphine,pruritus,crestor
promethazine,valium,pruritus,deep_philosophical
promethazine,ambien,pruritus,yuuta
promethazine,prozac,pruritus,assumption
promethazine,vicodin,pruritus,luts
promethazine,percocet,pruritus,manga_updates
promethazine,tramadol,pruritus,python
promethazine,xanax,urticaria,headin
promethazine,morphine,urticaria,leery
promethazine,valium,urticaria,engender
promethazine,ambien,urticaria,legally_blonde
promethazine,prozac,urticaria,20yrs
promethazine,vicodin,urticaria,bioavailability
promethazine,percocet,urticaria,wheelchairs
promethazine,tramadol,urticaria,help_follow_realplayer
promethazine,xanax,vomiting,reconsidering
promethazine,morphine,vomiting,irving
promethazine,valium,vomiting,irving
promethazine,ambien,vomiting,tonnes
promethazine,prozac,vomiting,bumpy_ride
promethazine,vicodin,vomiting,songbird
promethazine,percocet,vomiting,spilt
promethazine,tramadol,vomiting,aqueous
promethazine,xanax,wakefulness,weeden
promethazine,morphine,wakefulness,cullen
promethazine,valium,wakefulness,abgs
promethazine,ambien,wakefulness,empanadas
promethazine,prozac,wakefulness,assumption
promethazine,vicodin,wakefulness,methylated
promethazine,percocet,wakefulness,methylated
promethazine,tramadol,wakefulness,abgs
