promethazine,xanax,abscess,recieve
promethazine,morphine,abscess,mexicans
promethazine,valium,abscess,final_stages
promethazine,ambien,abscess,pharmproblems
promethazine,prozac,abscess,wherein
promethazine,vicodin,abscess,sucka
promethazine,percocet,abscess,wholesale_price
promethazine,tramadol,abscess,gunshots
promethazine,xanax,agranulocytosis,eben
promethazine,morphine,agranulocytosis,kesah
promethazine,valium,agranulocytosis,postcode
promethazine,ambien,agranulocytosis,functional
promethazine,prozac,agranulocytosis,postcode
promethazine,vicodin,agranulocytosis,egan
promethazine,percocet,agranulocytosis,mikes
promethazine,tramadol,agranulocytosis,coherently
promethazine,xanax,anaphylactic_shock,rejection
promethazine,morphine,anaphylactic_shock,enrolled
promethazine,valium,anaphylactic_shock,jelly
promethazine,ambien,anaphylactic_shock,sharia
promethazine,prozac,anaphylactic_shock,workforce
promethazine,vicodin,anaphylactic_shock,peets
promethazine,percocet,anaphylactic_shock,price_range
promethazine,tramadol,anaphylactic_shock,protamine
promethazine,xanax,anxiety,lucious
promethazine,morphine,anxiety,transfer
promethazine,valium,anxiety,ineedhelp
promethazine,ambien,anxiety,menang
promethazine,prozac,anxiety,biotin
promethazine,vicodin,anxiety,snuggly
promethazine,percocet,anxiety,menang
promethazine,tramadol,anxiety,lyrica_garret_named
promethazine,xanax,apnoea,malkovich
promethazine,morphine,apnoea,smiled_softly
promethazine,valium,apnoea,final_stages
promethazine,ambien,apnoea,14yo
promethazine,prozac,apnoea,degrading
promethazine,vicodin,apnoea,malkovich
promethazine,percocet,apnoea,bone_marrow
promethazine,tramadol,apnoea,unstoppable_force
promethazine,xanax,arrhythmia,pleased_meet
promethazine,morphine,arrhythmia,weather
promethazine,valium,arrhythmia,weather
promethazine,ambien,arrhythmia,laps
promethazine,prozac,arrhythmia,medisin
promethazine,vicodin,arrhythmia,continuance
promethazine,percocet,arrhythmia,robitussin
promethazine,tramadol,arrhythmia,laps
promethazine,xanax,asthma,acid_shrooms
promethazine,morphine,asthma,promethazine_codeine_champagne
promethazine,valium,asthma,updating
promethazine,ambien,asthma,lyrica_anderson_hello
promethazine,prozac,asthma,hermoso
promethazine,vicodin,asthma,acid_shrooms
promethazine,percocet,asthma,gofundme
promethazine,tramadol,asthma,prisonbreak
promethazine,xanax,catatonia,populated
promethazine,morphine,catatonia,smiled_softly
promethazine,valium,catatonia,preferenza
promethazine,ambien,catatonia,chris_davis
promethazine,prozac,catatonia,medisin
promethazine,vicodin,catatonia,dawn_phenomenon
promethazine,percocet,catatonia,clothe
promethazine,tramadol,catatonia,leet
promethazine,xanax,coma,repub
promethazine,morphine,coma,remodeled
promethazine,valium,coma,womp_womp
promethazine,ambien,coma,struggleisreal
promethazine,prozac,coma,workforce
promethazine,vicodin,coma,puhlease
promethazine,percocet,coma,decapitate
promethazine,tramadol,coma,creams
promethazine,xanax,constipation,recurrent_procrastination
promethazine,morphine,constipation,princes_autopsy_found
promethazine,valium,constipation,videogames
promethazine,ambien,constipation,unstopped
promethazine,prozac,constipation,scomillio
promethazine,vicodin,constipation,sucka
promethazine,percocet,constipation,shakin
promethazine,tramadol,constipation,shakin
promethazine,xanax,delirium,cradling
promethazine,morphine,delirium,neds
promethazine,valium,delirium,propofol
promethazine,ambien,delirium,kuning
promethazine,prozac,delirium,locke
promethazine,vicodin,delirium,helsinki
promethazine,percocet,delirium,heavens
promethazine,tramadol,delirium,kuning
promethazine,xanax,depression,pleased_meet
promethazine,morphine,depression,hawthorne
promethazine,valium,depression,final_stages
promethazine,ambien,depression,chesty
promethazine,prozac,depression,tweakers
promethazine,vicodin,depression,acrylic
promethazine,percocet,depression,amsterdam
promethazine,tramadol,depression,blackest
promethazine,xanax,dermatitis,rejection
promethazine,morphine,dermatitis,bonda
promethazine,valium,dermatitis,hollyy
promethazine,ambien,dermatitis,autburnout
promethazine,prozac,dermatitis,autburnout
promethazine,vicodin,dermatitis,lifelessons
promethazine,percocet,dermatitis,terminate_seizures
promethazine,tramadol,dermatitis,inhumane
promethazine,xanax,diarrhoea,crate
promethazine,morphine,diarrhoea,wada_list
promethazine,valium,diarrhoea,wada_list
promethazine,ambien,diarrhoea,heartburn_indigestion
promethazine,prozac,diarrhoea,medisin
promethazine,vicodin,diarrhoea,wada_list
promethazine,percocet,diarrhoea,sextadetremurasdv
promethazine,tramadol,diarrhoea,vertigo
promethazine,xanax,diplopia,politics
promethazine,morphine,diplopia,phrasing
promethazine,valium,diplopia,amitriptyline_senna
promethazine,ambien,diplopia,whoever_stole
promethazine,prozac,diplopia,medisin
promethazine,vicodin,diplopia,badcerealprizes
promethazine,percocet,diplopia,whoever_stole
promethazine,tramadol,diplopia,vicodine
promethazine,xanax,dizziness,canada_online_pharmacy
promethazine,morphine,dizziness,works_better_mercks
promethazine,valium,dizziness,ethics
promethazine,ambien,dizziness,canada_online_pharmacy
promethazine,prozac,dizziness,biotin
promethazine,vicodin,dizziness,gobroncos
promethazine,percocet,dizziness,roboski
promethazine,tramadol,dizziness,spyro_especially_stone_dragons
promethazine,xanax,drowsiness,repub
promethazine,morphine,drowsiness,smiled_softly
promethazine,valium,drowsiness,causes_hemorrhagingtry_abilify
promethazine,ambien,drowsiness,kuning
promethazine,prozac,drowsiness,locke
promethazine,vicodin,drowsiness,causes_hemorrhagingtry_abilify
promethazine,percocet,drowsiness,write_hundred_milligrams
promethazine,tramadol,drowsiness,spyro_especially_stone_dragons
promethazine,xanax,dyskinesia,rejection
promethazine,morphine,dyskinesia,ridiculous_amounts
promethazine,valium,dyskinesia,ethics
promethazine,ambien,dyskinesia,affirmed
promethazine,prozac,dyskinesia,kevin_salem
promethazine,vicodin,dyskinesia,david_cameron
promethazine,percocet,dyskinesia,hahahahaa
promethazine,tramadol,dyskinesia,spyro_especially_stone_dragons
promethazine,xanax,oedema,sama2
promethazine,morphine,oedema,actuallyautistic
promethazine,valium,oedema,final_stages
promethazine,ambien,oedema,retweets
promethazine,prozac,oedema,traumatic_manic_feeling
promethazine,vicodin,oedema,kazi
promethazine,percocet,oedema,hazily
promethazine,tramadol,oedema,organ_failure
promethazine,xanax,rash,acid_shrooms
promethazine,morphine,rash,bossman187
promethazine,valium,rash,final_stages
promethazine,ambien,rash,cornhole
promethazine,prozac,rash,struggleisreal
promethazine,vicodin,rash,badcerealprizes
promethazine,percocet,rash,bastard
promethazine,tramadol,rash,breath_suffer_premature_ejaculations
promethazine,xanax,extravasation,soda_ritalin
promethazine,morphine,extravasation,reaallyy
promethazine,valium,extravasation,sixteen
promethazine,ambien,extravasation,operative
promethazine,prozac,extravasation,scomillio
promethazine,vicodin,extravasation,reside
promethazine,percocet,extravasation,90mph
promethazine,tramadol,extravasation,ambassadors
promethazine,xanax,fatigue,landlords
promethazine,morphine,fatigue,ilium
promethazine,valium,fatigue,anaesthesia
promethazine,ambien,fatigue,devi
promethazine,prozac,fatigue,numb_blank_emotionless
promethazine,vicodin,fatigue,coutinho
promethazine,percocet,fatigue,contaminated_cyanide
promethazine,tramadol,fatigue,skilled
promethazine,xanax,gangrene,beatrice
promethazine,morphine,gangrene,tiene
promethazine,valium,gangrene,feenin
promethazine,ambien,gangrene,beatrice
promethazine,prozac,gangrene,saturdays
promethazine,vicodin,gangrene,foot_massage
promethazine,percocet,gangrene,orphenadrine
promethazine,tramadol,gangrene,baywatch
promethazine,xanax,hallucination,populated
promethazine,morphine,hallucination,losing_weight_gained
promethazine,valium,hallucination,ness
promethazine,ambien,hallucination,kuning
promethazine,prozac,hallucination,hight
promethazine,vicodin,hallucination,continuance
promethazine,percocet,hallucination,mentats
promethazine,tramadol,hallucination,mfers
promethazine,xanax,headache,dispersed
promethazine,morphine,headache,smiled_softly
promethazine,valium,headache,awwh
promethazine,ambien,headache,saved_bell
promethazine,prozac,headache,nesquik
promethazine,vicodin,headache,instagramming
promethazine,percocet,headache,cadmium
promethazine,tramadol,headache,injection
promethazine,xanax,hypotension,geography
promethazine,morphine,hypotension,5866a533_6281311546882
promethazine,valium,hypotension,final_stages
promethazine,ambien,hypotension,accountancy_practice
promethazine,prozac,hypotension,damnation
promethazine,vicodin,hypotension,geography
promethazine,percocet,hypotension,clothe
promethazine,tramadol,hypotension,curtain
promethazine,xanax,hysteria,rejection
promethazine,morphine,hysteria,recomend
promethazine,valium,hysteria,videogames
promethazine,ambien,hysteria,ciprofloxacin_doxycycline
promethazine,prozac,hysteria,nudge
promethazine,vicodin,hysteria,recomend
promethazine,percocet,hysteria,accounting
promethazine,tramadol,hysteria,charlie_puth
promethazine,xanax,irritability,rejection
promethazine,morphine,irritability,hyperventilating
promethazine,valium,irritability,awwh
promethazine,ambien,irritability,semis
promethazine,prozac,irritability,postcode
promethazine,vicodin,irritability,eazy
promethazine,percocet,irritability,badtrampstamps
promethazine,tramadol,irritability,eazy
promethazine,xanax,jaundice,active_ingredient_tadalafil_testimonials
promethazine,morphine,jaundice,malloy
promethazine,valium,jaundice,galeotti
promethazine,ambien,jaundice,soybean
promethazine,prozac,jaundice,lipat
promethazine,vicodin,jaundice,helsinki
promethazine,percocet,jaundice,lipat
promethazine,tramadol,jaundice,degen
promethazine,xanax,leukopenia,pleased_meet
promethazine,morphine,leukopenia,popularizing
promethazine,valium,leukopenia,arkham_knight
promethazine,ambien,leukopenia,sophistication
promethazine,prozac,leukopenia,fast_cars
promethazine,vicodin,leukopenia,dawn_phenomenon
promethazine,percocet,leukopenia,restaurants
promethazine,tramadol,leukopenia,wokeness
promethazine,xanax,nasal_congestion,zombie_mode
promethazine,morphine,nasal_congestion,remodeled
promethazine,valium,nasal_congestion,final_stages
promethazine,ambien,nasal_congestion,pregnancyprobs
promethazine,prozac,nasal_congestion,challs
promethazine,vicodin,nasal_congestion,worsecartooncharacters
promethazine,percocet,nasal_congestion,swatches
promethazine,tramadol,nasal_congestion,creams
promethazine,xanax,necrosis,lucious
promethazine,morphine,necrosis,smaller_doses
promethazine,valium,necrosis,updating
promethazine,ambien,necrosis,grammys2016
promethazine,prozac,necrosis,thunderstorm
promethazine,vicodin,necrosis,kathryn
promethazine,percocet,necrosis,parton
promethazine,tramadol,necrosis,lantus_100iu
promethazine,xanax,nervousness,zetia_10mg
promethazine,morphine,nervousness,smiled_softly
promethazine,valium,nervousness,zetia_10mg
promethazine,ambien,nervousness,zetia_10mg
promethazine,prozac,nervousness,scomillio
promethazine,vicodin,nervousness,pimm
promethazine,percocet,nervousness,danshi
promethazine,tramadol,nervousness,coherently
promethazine,xanax,nightmare,nutcracker
promethazine,morphine,nightmare,bonda
promethazine,valium,nightmare,veterinarian
promethazine,ambien,nightmare,beethoven
promethazine,prozac,nightmare,thunderstorm
promethazine,vicodin,nightmare,devils
promethazine,percocet,nightmare,robitussin
promethazine,tramadol,nightmare,sonic_crazy
promethazine,xanax,pain,fidgets
promethazine,morphine,pain,neds
promethazine,valium,pain,final_stages
promethazine,ambien,pain,lyrica_garret_named
promethazine,prozac,pain,lyrica_garret_named
promethazine,vicodin,pain,continuance
promethazine,percocet,pain,heavily
promethazine,tramadol,pain,lyrica_garret_named
promethazine,xanax,palpitations,faithfully
promethazine,morphine,palpitations,works_better_mercks
promethazine,valium,palpitations,final_stages
promethazine,ambien,palpitations,beefy
promethazine,prozac,palpitations,smoke_cigarette
promethazine,vicodin,palpitations,causes_hemorrhagingtry_abilify
promethazine,percocet,palpitations,swatches
promethazine,tramadol,palpitations,inhumane
promethazine,xanax,phlebitis,hosted_liquefaction
promethazine,morphine,phlebitis,lisinopril_hctz
promethazine,valium,phlebitis,immunizations
promethazine,ambien,phlebitis,hosted_liquefaction
promethazine,prozac,phlebitis,scomillio
promethazine,vicodin,phlebitis,harvey
promethazine,percocet,phlebitis,natural_dessicated_thyroid
promethazine,tramadol,phlebitis,deadd
promethazine,xanax,pruritus,osce
promethazine,morphine,pruritus,aswell
promethazine,valium,pruritus,final_stages
promethazine,ambien,pruritus,threatening
promethazine,prozac,pruritus,kevin_salem
promethazine,vicodin,pruritus,aswell
promethazine,percocet,pruritus,mocha_vodka
promethazine,tramadol,pruritus,aswell
promethazine,xanax,convulsion,sedation_general
promethazine,morphine,convulsion,transfer
promethazine,valium,convulsion,hypothetically
promethazine,ambien,convulsion,booths
promethazine,prozac,convulsion,medisin
promethazine,vicodin,convulsion,dawn_phenomenon
promethazine,percocet,convulsion,gregs
promethazine,tramadol,convulsion,sonic_crazy
promethazine,xanax,muscle_spasms,snort_chicken_contaminated
promethazine,morphine,muscle_spasms,remodeled
promethazine,valium,muscle_spasms,ethics
promethazine,ambien,muscle_spasms,puede
promethazine,prozac,muscle_spasms,scomillio
promethazine,vicodin,muscle_spasms,causes_hemorrhagingtry_abilify
promethazine,percocet,muscle_spasms,puede
promethazine,tramadol,muscle_spasms,spyro_especially_stone_dragons
promethazine,xanax,swelling,rejection
promethazine,morphine,swelling,smiled_softly
promethazine,valium,swelling,iron_blooded_orphans
promethazine,ambien,swelling,licks
promethazine,prozac,swelling,drug_copd_cost
promethazine,vicodin,swelling,koka
promethazine,percocet,swelling,decapitate
promethazine,tramadol,swelling,martyn
promethazine,xanax,syncope,populated
promethazine,morphine,syncope,categories
promethazine,valium,syncope,struggleisreal
promethazine,ambien,syncope,brimble
promethazine,prozac,syncope,struggleisreal
promethazine,vicodin,syncope,causes_hemorrhagingtry_abilify
promethazine,percocet,syncope,funniest
promethazine,tramadol,syncope,categories
promethazine,xanax,tachycardia,dries_local
promethazine,morphine,tachycardia,scoffing
promethazine,valium,tachycardia,ethics
promethazine,ambien,tachycardia,sophistication
promethazine,prozac,tachycardia,infact
promethazine,vicodin,tachycardia,pelosi
promethazine,percocet,tachycardia,fletcher
promethazine,tramadol,tachycardia,inhumane
promethazine,xanax,thrombocytopenia,repub
promethazine,morphine,thrombocytopenia,green_smoothie
promethazine,valium,thrombocytopenia,recurrent_procrastination_probably_menstrual
promethazine,ambien,thrombocytopenia,fives
promethazine,prozac,thrombocytopenia,klax
promethazine,vicodin,thrombocytopenia,uber_avanza
promethazine,percocet,thrombocytopenia,adviser
promethazine,tramadol,thrombocytopenia,baywatch
promethazine,xanax,thrombophlebitis,smokers
promethazine,morphine,thrombophlebitis,2c19
promethazine,valium,thrombophlebitis,mspals
promethazine,ambien,thrombophlebitis,condition
promethazine,prozac,thrombophlebitis,kevin_salem
promethazine,vicodin,thrombophlebitis,pimm
promethazine,percocet,thrombophlebitis,doable
promethazine,tramadol,thrombophlebitis,inhumane
promethazine,xanax,tinnitus,safe_flight_ayah
promethazine,morphine,tinnitus,homework_assignments
promethazine,valium,tinnitus,ness
promethazine,ambien,tinnitus,eem16
promethazine,prozac,tinnitus,leviosa
promethazine,vicodin,tinnitus,uber_avanza
promethazine,percocet,tinnitus,30am
promethazine,tramadol,tinnitus,varieties
promethazine,xanax,torticollis,pennydreadful
promethazine,morphine,torticollis,smiled_softly
promethazine,valium,torticollis,hollyy
promethazine,ambien,torticollis,watchman
promethazine,prozac,torticollis,thunderstorm
promethazine,vicodin,torticollis,mowed
promethazine,percocet,torticollis,smut
promethazine,tramadol,torticollis,hollyy
promethazine,xanax,tremor,sedation_general
promethazine,morphine,tremor,smiled_softly
promethazine,valium,tremor,vivan
promethazine,ambien,tremor,studios
promethazine,prozac,tremor,degrading
promethazine,vicodin,tremor,investing
promethazine,percocet,tremor,sedation_general
promethazine,tramadol,tremor,spyro_especially_stone_dragons
promethazine,xanax,erythema,rejection
promethazine,morphine,erythema,works_better_mercks
promethazine,valium,erythema,postcode
promethazine,ambien,erythema,licks
promethazine,prozac,erythema,postcode
promethazine,vicodin,erythema,uber_avanza
promethazine,percocet,erythema,licks
promethazine,tramadol,erythema,mobile_disco_nowplaying_pelhams
promethazine,xanax,venous_thrombosis,disavow
promethazine,morphine,venous_thrombosis,works_better_mercks
promethazine,valium,venous_thrombosis,struggleisreal
promethazine,ambien,venous_thrombosis,lawson
promethazine,prozac,venous_thrombosis,securities
promethazine,vicodin,venous_thrombosis,foot_massage
promethazine,percocet,venous_thrombosis,federer
promethazine,tramadol,venous_thrombosis,spyro_especially_stone_dragons
promethazine,xanax,urinary_retention,looted
promethazine,morphine,urinary_retention,chads2
promethazine,valium,urinary_retention,final_stages
promethazine,ambien,urinary_retention,operative
promethazine,prozac,urinary_retention,salt_lake
promethazine,vicodin,urinary_retention,koka
promethazine,percocet,urinary_retention,cieling
promethazine,tramadol,urinary_retention,cieling
promethazine,xanax,agitation,online_shopping
promethazine,morphine,agitation,smiled_softly
promethazine,valium,agitation,jomblo_love
promethazine,ambien,agitation,kuning
promethazine,prozac,agitation,explores
promethazine,vicodin,agitation,helsinki
promethazine,percocet,agitation,robitussin
promethazine,tramadol,agitation,spyro_especially_stone_dragons
promethazine,xanax,disorientation,cargo_ship
promethazine,morphine,disorientation,repent
promethazine,valium,disorientation,commonwealth
promethazine,ambien,disorientation,crossings
promethazine,prozac,disorientation,eyess
promethazine,vicodin,disorientation,peets
promethazine,percocet,disorientation,gregs
promethazine,tramadol,disorientation,patahnyasebelahsayap
promethazine,xanax,respiratory_depression,purity
promethazine,morphine,respiratory_depression,stuffing_turkey
promethazine,valium,respiratory_depression,jomblo_love
promethazine,ambien,respiratory_depression,cancers
promethazine,prozac,respiratory_depression,bothered
promethazine,vicodin,respiratory_depression,theweeknd
promethazine,percocet,respiratory_depression,whoever_stole
promethazine,tramadol,respiratory_depression,keillor
promethazine,xanax,vision_blurred,logan
promethazine,morphine,vision_blurred,bossman187
promethazine,valium,vision_blurred,substance_abuse_causes_infertility
promethazine,ambien,vision_blurred,trumpriot_dems_republicans
promethazine,prozac,vision_blurred,degrading
promethazine,vicodin,vision_blurred,since_2009
promethazine,percocet,vision_blurred,robitussin
promethazine,tramadol,vision_blurred,spyro_especially_stone_dragons
promethazine,xanax,photosensitivity,cargo_ship
promethazine,morphine,photosensitivity,numb_blank_emotionless
promethazine,valium,photosensitivity,weaksauce
promethazine,ambien,photosensitivity,cleans
promethazine,prozac,photosensitivity,numb_blank_emotionless
promethazine,vicodin,photosensitivity,dawn_phenomenon
promethazine,percocet,photosensitivity,robitussin
promethazine,tramadol,photosensitivity,spyro_especially_stone_dragons
promethazine,xanax,bradycardia,texan
promethazine,morphine,bradycardia,boof
promethazine,valium,bradycardia,ethics
promethazine,ambien,bradycardia,calypso
promethazine,prozac,bradycardia,secret_ingredient
promethazine,vicodin,bradycardia,helsinki
promethazine,percocet,bradycardia,amsterdam
promethazine,tramadol,bradycardia,spam
promethazine,xanax,paralysis,texan
promethazine,morphine,paralysis,amphetamine_salt
promethazine,valium,paralysis,avidh
promethazine,ambien,paralysis,paneer
promethazine,prozac,paralysis,thwarted
promethazine,vicodin,paralysis,david_cameron
promethazine,percocet,paralysis,amphetamine_salt
promethazine,tramadol,paralysis,breaking_news
promethazine,xanax,tardive_dyskinesia,kaneki
promethazine,morphine,tardive_dyskinesia,kaneki
promethazine,valium,tardive_dyskinesia,receives
promethazine,ambien,tardive_dyskinesia,jeeps
promethazine,prozac,tardive_dyskinesia,scomillio
promethazine,vicodin,tardive_dyskinesia,viagras
promethazine,percocet,tardive_dyskinesia,tries_sell
promethazine,tramadol,tardive_dyskinesia,liter_1100
promethazine,xanax,insomnia,acid_shrooms
promethazine,morphine,insomnia,pindolol
promethazine,valium,insomnia,final_stages
promethazine,ambien,insomnia,fives
promethazine,prozac,insomnia,thunderstorm
promethazine,vicodin,insomnia,dawn_phenomenon
promethazine,percocet,insomnia,2015_world_khanty_mansiysk
promethazine,tramadol,insomnia,eazy
promethazine,xanax,somnolence,evils
promethazine,morphine,somnolence,shot_espresso
promethazine,valium,somnolence,ness
promethazine,ambien,somnolence,living_prozac_nation
promethazine,prozac,somnolence,reorganizing_entire
promethazine,vicodin,somnolence,living_prozac_nation
promethazine,percocet,somnolence,heavily
promethazine,tramadol,somnolence,horror_movie
