tramadol,xanax,vertigo,rheumatoiddisease
tramadol,morphine,vertigo,albania
tramadol,valium,vertigo,snake_featuring_justin_bieber
tramadol,ambien,vertigo,moon_stars
tramadol,prozac,vertigo,ovarian
tramadol,vicodin,vertigo,jerry_falwell
tramadol,percocet,vertigo,afrezza
tramadol,promethazine,vertigo,enthusiasts
tramadol,xanax,dizziness,aint_medicade
tramadol,morphine,dizziness,trumpriot_dems
tramadol,valium,dizziness,disorder_overtook
tramadol,ambien,dizziness,behind_wheel
tramadol,prozac,dizziness,whisked
tramadol,vicodin,dizziness,trumpriot_dems
tramadol,percocet,dizziness,mysterious
tramadol,promethazine,dizziness,isotope
tramadol,xanax,nausea,throwing_shade
tramadol,morphine,nausea,veins_arteries
tramadol,valium,nausea,wily
tramadol,ambien,nausea,crayon
tramadol,prozac,nausea,wisdom_tooth_removal
tramadol,vicodin,nausea,sprung
tramadol,percocet,nausea,higher_risk
tramadol,promethazine,nausea,enthusiasts
tramadol,xanax,constipation,votia
tramadol,morphine,constipation,immuran
tramadol,valium,constipation,videogames
tramadol,ambien,constipation,afrezza
tramadol,prozac,constipation,panic_attack
tramadol,vicodin,constipation,pejabat
tramadol,percocet,constipation,afrezza
tramadol,promethazine,constipation,enthusiasts
tramadol,xanax,headache,chyna
tramadol,morphine,headache,ilium
tramadol,valium,headache,avana
tramadol,ambien,headache,sickle_cell
tramadol,prozac,headache,sickle_cell
tramadol,vicodin,headache,jetson
tramadol,percocet,headache,pocket_vagina_suffer_melancholia
tramadol,promethazine,headache,tetris
tramadol,xanax,somnolence,survivors_titanic
tramadol,morphine,somnolence,ilium
tramadol,valium,somnolence,anaconda
tramadol,ambien,somnolence,dendrites
tramadol,prozac,somnolence,gale
tramadol,vicodin,somnolence,blue_cross
tramadol,percocet,somnolence,tgok
tramadol,promethazine,somnolence,aint_helpin
tramadol,xanax,vomiting,dmtalk
tramadol,morphine,vomiting,selects
tramadol,valium,vomiting,consumer_price_tablets_cost
tramadol,ambien,vomiting,sunshine
tramadol,prozac,vomiting,selects
tramadol,vicodin,vomiting,consumer_price_tablets_cost
tramadol,percocet,vomiting,selects
tramadol,promethazine,vomiting,ohara
tramadol,xanax,dyspepsia,clif_bars
tramadol,morphine,dyspepsia,human_behavior
tramadol,valium,dyspepsia,clif_bars
tramadol,ambien,dyspepsia,human_behavior
tramadol,prozac,dyspepsia,clif_bars
tramadol,vicodin,dyspepsia,facetimed
tramadol,percocet,dyspepsia,requip_magic_allows_requip
tramadol,promethazine,dyspepsia,tetris
tramadol,xanax,flushing,calory
tramadol,morphine,flushing,neck_injury
tramadol,valium,flushing,hysterics
tramadol,ambien,flushing,27mg
tramadol,prozac,flushing,xtacy
tramadol,vicodin,flushing,diabeticlife
tramadol,percocet,flushing,requip_diovan_cyclobenzaprine
tramadol,promethazine,flushing,turn_lights
tramadol,xanax,pruritus,osce
tramadol,morphine,pruritus,laughed
tramadol,valium,pruritus,efficient
tramadol,ambien,pruritus,sunshine
tramadol,prozac,pruritus,apparent_reason
tramadol,vicodin,pruritus,pejabat
tramadol,percocet,pruritus,tgok
tramadol,promethazine,pruritus,newscaster
tramadol,xanax,sweating,groovy
tramadol,morphine,sweating,green_smoothie
tramadol,valium,sweating,wily
tramadol,ambien,sweating,accuser
tramadol,prozac,sweating,panic_attack
tramadol,vicodin,sweating,groovy
tramadol,percocet,sweating,afrezza
tramadol,promethazine,sweating,groovy
tramadol,xanax,diarrhoea,blurred_vision
tramadol,morphine,diarrhoea,gers
tramadol,valium,diarrhoea,wayy_much_codeine
tramadol,ambien,diarrhoea,wayy_much_codeine
tramadol,prozac,diarrhoea,huzzah
tramadol,vicodin,diarrhoea,jhmchat_poise_high
tramadol,percocet,diarrhoea,afrezza
tramadol,promethazine,diarrhoea,enthusiasts
tramadol,xanax,insomnia,peter
tramadol,morphine,insomnia,unnoticed
tramadol,valium,insomnia,efficient
tramadol,ambien,insomnia,trumpriot_dems_republicans
tramadol,prozac,insomnia,supple
tramadol,vicodin,insomnia,1301
tramadol,percocet,insomnia,afrezza
tramadol,promethazine,insomnia,bizzy
tramadol,xanax,fatigue,lobbied
tramadol,morphine,fatigue,ilium
tramadol,valium,fatigue,losses
tramadol,ambien,fatigue,habitual
tramadol,prozac,fatigue,losses
tramadol,vicodin,fatigue,losses
tramadol,percocet,fatigue,afrezza
tramadol,promethazine,fatigue,aint_helpin
tramadol,xanax,anorexia,conclusive
tramadol,morphine,anorexia,ucking
tramadol,valium,anorexia,bushes
tramadol,ambien,anorexia,year_malls_evacuated_prominent
tramadol,prozac,anorexia,supple
tramadol,vicodin,anorexia,messenger
tramadol,percocet,anorexia,barbed
tramadol,promethazine,anorexia,barbed
tramadol,xanax,orthostatic_hypotension,perphenazine
tramadol,morphine,orthostatic_hypotension,celiac
tramadol,valium,orthostatic_hypotension,jusr
tramadol,ambien,orthostatic_hypotension,year_malls_evacuated_prominent
tramadol,prozac,orthostatic_hypotension,year_malls_evacuated_prominent
tramadol,vicodin,orthostatic_hypotension,sprung
tramadol,percocet,orthostatic_hypotension,sprung
tramadol,promethazine,orthostatic_hypotension,aint_helpin
tramadol,xanax,abdominal_pain,michigan
tramadol,morphine,abdominal_pain,michael_jackson_blood
tramadol,valium,abdominal_pain,main_character
tramadol,ambien,abdominal_pain,michael_jackson_blood
tramadol,prozac,abdominal_pain,autocorrected
tramadol,vicodin,abdominal_pain,fartin
tramadol,percocet,abdominal_pain,legallyblonde
tramadol,promethazine,abdominal_pain,tetris
tramadol,xanax,influenza,create_teen_lgbt
tramadol,morphine,influenza,ahahahahaha
tramadol,valium,influenza,priebus
tramadol,ambien,influenza,individualized
tramadol,prozac,influenza,slang
tramadol,vicodin,influenza,jetson
tramadol,percocet,influenza,higher_risk
tramadol,promethazine,influenza,enthusiasts
tramadol,xanax,urinary_tract_infection,poached
tramadol,morphine,urinary_tract_infection,bloodwork
tramadol,valium,urinary_tract_infection,evohaler
tramadol,ambien,urinary_tract_infection,dusty
tramadol,prozac,urinary_tract_infection,theflash
tramadol,vicodin,urinary_tract_infection,theflash
tramadol,percocet,urinary_tract_infection,zumas
tramadol,promethazine,urinary_tract_infection,respectfully
tramadol,xanax,rash,springcleaning
tramadol,morphine,rash,ucking
tramadol,valium,rash,jollof
tramadol,ambien,rash,dendrites
tramadol,prozac,rash,minimally
tramadol,vicodin,rash,dendrites
tramadol,percocet,rash,makeup
tramadol,promethazine,rash,bila_suruh
tramadol,xanax,flatulence,cause_sarcoidosis_known
tramadol,morphine,flatulence,gargoyle
tramadol,valium,flatulence,anesthetics
tramadol,ambien,flatulence,helpers
tramadol,prozac,flatulence,long_term_steroid
tramadol,vicodin,flatulence,amox
tramadol,percocet,flatulence,legallyblonde
tramadol,promethazine,flatulence,exercise_postexercise_pain
tramadol,xanax,trembling,clubb
tramadol,morphine,trembling,famotidine
tramadol,valium,trembling,surfing
tramadol,ambien,trembling,habitual
tramadol,prozac,trembling,abhi
tramadol,vicodin,trembling,overdose_overtook
tramadol,percocet,trembling,selects
tramadol,promethazine,trembling,nurx
tramadol,xanax,anaemia,vars
tramadol,morphine,anaemia,wellbutrinxl
tramadol,valium,anaemia,sydneys
tramadol,ambien,anaemia,vote_axit
tramadol,prozac,anaemia,long_term_steroid
tramadol,vicodin,anaemia,diabetic_retinopathy
tramadol,percocet,anaemia,giants_game
tramadol,promethazine,anaemia,wellbutrinxl
tramadol,xanax,rheumatoid_arthritis,rheumatoiddisease
tramadol,morphine,rheumatoid_arthritis,discontinuing
tramadol,valium,rheumatoid_arthritis,yaks
tramadol,ambien,rheumatoid_arthritis,abcdebate
tramadol,prozac,rheumatoid_arthritis,long_term_steroid
tramadol,vicodin,rheumatoid_arthritis,accident_vehicles
tramadol,percocet,rheumatoid_arthritis,afrezza
tramadol,promethazine,rheumatoid_arthritis,votecoopsomaawards
tramadol,xanax,ataxia,mackerel
tramadol,morphine,ataxia,wringing_hands
tramadol,valium,ataxia,restoration
tramadol,ambien,ataxia,metre
tramadol,prozac,ataxia,healing_vibes
tramadol,vicodin,ataxia,sprung
tramadol,percocet,ataxia,metre
tramadol,promethazine,ataxia,aint_helpin
tramadol,xanax,atrial_fibrillation,chyna
tramadol,morphine,atrial_fibrillation,gets_usfda_approval
tramadol,valium,atrial_fibrillation,spitting
tramadol,ambien,atrial_fibrillation,unlimited_amounts
tramadol,prozac,atrial_fibrillation,edge_mellow_cocaine
tramadol,vicodin,atrial_fibrillation,bearx
tramadol,percocet,atrial_fibrillation,chyna
tramadol,promethazine,atrial_fibrillation,enthusiasts
tramadol,xanax,bipolar_disorder,tritions
tramadol,morphine,bipolar_disorder,upgrade
tramadol,valium,bipolar_disorder,efficient
tramadol,ambien,bipolar_disorder,habitual
tramadol,prozac,bipolar_disorder,promethazine_aint_medicade
tramadol,vicodin,bipolar_disorder,movicol
tramadol,percocet,bipolar_disorder,strive
tramadol,promethazine,bipolar_disorder,aint_helpin
tramadol,xanax,blister,dyslexia
tramadol,morphine,blister,vyvance
tramadol,valium,blister,hysterics
tramadol,ambien,blister,rated
tramadol,prozac,blister,postoperatively
tramadol,vicodin,blister,jetson
tramadol,percocet,blister,mysterious
tramadol,promethazine,blister,rated
tramadol,xanax,concussion,coman
tramadol,morphine,concussion,ween
tramadol,valium,concussion,atlanta_georgia
tramadol,ambien,concussion,subsidy
tramadol,prozac,concussion,panic_attack
tramadol,vicodin,concussion,1301
tramadol,percocet,concussion,requip_magic_allows_requip
tramadol,promethazine,concussion,partridge
tramadol,xanax,breast_cancer,chyna
tramadol,morphine,breast_cancer,ucking
tramadol,valium,breast_cancer,booboos
tramadol,ambien,breast_cancer,apomorphine
tramadol,prozac,breast_cancer,relation_hosted_solving
tramadol,vicodin,breast_cancer,mohamad
tramadol,percocet,breast_cancer,afrezza
tramadol,promethazine,breast_cancer,bila_suruh
tramadol,xanax,bronchitis,dyslexia
tramadol,morphine,bronchitis,poorer
tramadol,valium,bronchitis,salivate
tramadol,ambien,bronchitis,salivate
tramadol,prozac,bronchitis,fantas
tramadol,vicodin,bronchitis,sprung
tramadol,percocet,bronchitis,leisure
tramadol,promethazine,bronchitis,accurate
tramadol,xanax,bursitis,blurred_vision
tramadol,morphine,bursitis,springtime
tramadol,valium,bursitis,boehner
tramadol,ambien,bursitis,mink
tramadol,prozac,bursitis,21st_bday
tramadol,vicodin,bursitis,moderated
tramadol,percocet,bursitis,afrezza
tramadol,promethazine,bursitis,beverly_hills
tramadol,xanax,infection,incl
tramadol,morphine,infection,eggplant
tramadol,valium,infection,kena
tramadol,ambien,infection,abcdebate
tramadol,prozac,infection,supple
tramadol,vicodin,infection,jetson
tramadol,percocet,infection,herniated
tramadol,promethazine,infection,enthusiasts
tramadol,xanax,contusion,snored
tramadol,morphine,contusion,happines
tramadol,valium,contusion,social_democracies_medical
tramadol,ambien,contusion,abcdebate
tramadol,prozac,contusion,came_across
tramadol,vicodin,contusion,imran
tramadol,percocet,contusion,afrezza
tramadol,promethazine,contusion,euthyroid
tramadol,xanax,cough,vars
tramadol,morphine,cough,lakers
tramadol,valium,cough,atlanta_georgia
tramadol,ambien,cough,year_malls_evacuated_prominent
tramadol,prozac,cough,atlanta_georgia
tramadol,vicodin,cough,choker
tramadol,percocet,cough,afrezza
tramadol,promethazine,cough,addressed
tramadol,xanax,dysphagia,tamil
tramadol,morphine,dysphagia,abp501_humira
tramadol,valium,dysphagia,confinement
tramadol,ambien,dysphagia,scientifically_proven
tramadol,prozac,dysphagia,butt_hole
tramadol,vicodin,dysphagia,bonus_200mg_pills
tramadol,percocet,dysphagia,smith9
tramadol,promethazine,dysphagia,abp501_humira
tramadol,xanax,dehydration,foolery
tramadol,morphine,dehydration,ucking
tramadol,valium,dehydration,evohaler
tramadol,ambien,dehydration,unlimited_amounts
tramadol,prozac,dehydration,ends
tramadol,vicodin,dehydration,bill_burr
tramadol,percocet,dehydration,afrezza
tramadol,promethazine,dehydration,3asst
tramadol,xanax,dermatitis,create_teen_lgbt
tramadol,morphine,dermatitis,steraline
tramadol,valium,dermatitis,soju
tramadol,ambien,dermatitis,moon_stars
tramadol,prozac,dermatitis,vivitrol
tramadol,vicodin,dermatitis,steraline
tramadol,percocet,dermatitis,afrezza
tramadol,promethazine,dermatitis,bila_suruh
tramadol,xanax,diverticulitis,poetry
tramadol,morphine,diverticulitis,tramadol_fuck_bet9ja
tramadol,valium,diverticulitis,wily
tramadol,ambien,diverticulitis,ballin
tramadol,prozac,diverticulitis,supple
tramadol,vicodin,diverticulitis,fartin
tramadol,percocet,diverticulitis,rhoc
tramadol,promethazine,diverticulitis,whats_wrong
tramadol,xanax,dysarthria,survivors_titanic
tramadol,morphine,dysarthria,antenna
tramadol,valium,dysarthria,anaconda
tramadol,ambien,dysarthria,antenna
tramadol,prozac,dysarthria,call_quits
tramadol,vicodin,dysarthria,survivors_titanic
tramadol,percocet,dysarthria,mysterious
tramadol,promethazine,dysarthria,tetris
tramadol,xanax,eczema,blurred_vision
tramadol,morphine,eczema,digital_marketing
tramadol,valium,eczema,afrezza
tramadol,ambien,eczema,afrezza
tramadol,prozac,eczema,long_term_steroid
tramadol,vicodin,eczema,reyn
tramadol,percocet,eczema,afrezza
tramadol,promethazine,eczema,mdrr
tramadol,xanax,epistaxis,nortriptyline_hydrochloride
tramadol,morphine,epistaxis,drugs_infliximab_etanercept
tramadol,valium,epistaxis,wily
tramadol,ambien,epistaxis,fits
tramadol,prozac,epistaxis,came_across
tramadol,vicodin,epistaxis,contraindicated_patients
tramadol,percocet,epistaxis,afrezza
tramadol,promethazine,epistaxis,statue
tramadol,xanax,food_poisoning,firecracker
tramadol,morphine,food_poisoning,collected
tramadol,valium,food_poisoning,wily
tramadol,ambien,food_poisoning,accidents
tramadol,prozac,food_poisoning,supple
tramadol,vicodin,food_poisoning,elegant
tramadol,percocet,food_poisoning,afrezza
tramadol,promethazine,food_poisoning,aint_helpin
tramadol,xanax,gastroenteritis,foolery
tramadol,morphine,gastroenteritis,marilyn_monroe
tramadol,valium,gastroenteritis,galeotti
tramadol,ambien,gastroenteritis,rewatching_shokugeki
tramadol,prozac,gastroenteritis,vignettes
tramadol,vicodin,gastroenteritis,cash
tramadol,percocet,gastroenteritis,leisure
tramadol,promethazine,gastroenteritis,equating
tramadol,xanax,gout,cheat
tramadol,morphine,gout,green_smoothie
tramadol,valium,gout,unichem
tramadol,ambien,gout,moon_stars
tramadol,prozac,gout,poor_mans
tramadol,vicodin,gout,burnetts
tramadol,percocet,gout,afrezza
tramadol,promethazine,gout,enthusiasts
tramadol,xanax,haematoma,tegretol_ssris_diuretics_common
tramadol,morphine,haematoma,iritis
tramadol,valium,haematoma,icey
tramadol,ambien,haematoma,praise_lord
tramadol,prozac,haematoma,payback
tramadol,vicodin,haematoma,jetson
tramadol,percocet,haematoma,afrezza
tramadol,promethazine,haematoma,tetris
tramadol,xanax,haematuria,mlbontbs
tramadol,morphine,haematuria,analytical
tramadol,valium,haematuria,booboos
tramadol,ambien,haematuria,dusty
tramadol,prozac,haematuria,edge_mellow_cocaine
tramadol,vicodin,haematuria,athletics
tramadol,percocet,haematuria,tgok
tramadol,promethazine,haematuria,nurx
tramadol,xanax,hiccups,foolery
tramadol,morphine,hiccups,poorer
tramadol,valium,hiccups,noticeable
tramadol,ambien,hiccups,ramsay
tramadol,prozac,hiccups,respondents
tramadol,vicodin,hiccups,stereotyping
tramadol,percocet,hiccups,leisure
tramadol,promethazine,hiccups,nurx
tramadol,xanax,hyperlipidaemia,rheumatoiddisease
tramadol,morphine,hyperlipidaemia,illegal_states
tramadol,valium,hyperlipidaemia,pero
tramadol,ambien,hyperlipidaemia,sherlock_holmes
tramadol,prozac,hyperlipidaemia,pruritis
tramadol,vicodin,hyperlipidaemia,jetson
tramadol,percocet,hyperlipidaemia,afrezza
tramadol,promethazine,hyperlipidaemia,enthusiasts
tramadol,xanax,hypothyroidism,foolery
tramadol,morphine,hypothyroidism,snores
tramadol,valium,hypothyroidism,priebus
tramadol,ambien,hypothyroidism,abcdebate
tramadol,prozac,hypothyroidism,autocorrected
tramadol,vicodin,hypothyroidism,bruh
tramadol,percocet,hypothyroidism,aquire
tramadol,promethazine,hypothyroidism,tetris
tramadol,xanax,inflammation,mowing
tramadol,morphine,inflammation,word_english_language
tramadol,valium,inflammation,wily
tramadol,ambien,inflammation,casket
tramadol,prozac,inflammation,supple
tramadol,vicodin,inflammation,5150
tramadol,percocet,inflammation,soomee
tramadol,promethazine,inflammation,whats_wrong
tramadol,xanax,irritability,upholds
tramadol,morphine,irritability,contour
tramadol,valium,irritability,butt_hole
tramadol,ambien,irritability,examples
tramadol,prozac,irritability,butt_hole
tramadol,vicodin,irritability,emdr
tramadol,percocet,irritability,strive
tramadol,promethazine,irritability,function_aids_hydration
tramadol,xanax,laryngitis,finals_week
tramadol,morphine,laryngitis,fdas_approval
tramadol,valium,laryngitis,unfinished_swan
tramadol,ambien,laryngitis,apomorphine
tramadol,prozac,laryngitis,unfinished_swan
tramadol,vicodin,laryngitis,sprung
tramadol,percocet,laryngitis,afrezza
tramadol,promethazine,laryngitis,unfinished_swan
tramadol,xanax,fungal_infection,rheumatoiddisease
tramadol,morphine,fungal_infection,autistics
tramadol,valium,fungal_infection,promethazine_aint_medicade
tramadol,ambien,fungal_infection,careless
tramadol,prozac,fungal_infection,promethazine_aint_medicade
tramadol,vicodin,fungal_infection,sprung
tramadol,percocet,fungal_infection,afrezza
tramadol,promethazine,fungal_infection,aint_helpin
tramadol,xanax,nasal_congestion,active_ingredient_tadalafil_testimonials
tramadol,morphine,nasal_congestion,tamron
tramadol,valium,nasal_congestion,salivate
tramadol,ambien,nasal_congestion,abcdebate
tramadol,prozac,nasal_congestion,bilbo
tramadol,vicodin,nasal_congestion,physics_test
tramadol,percocet,nasal_congestion,giants_game
tramadol,promethazine,nasal_congestion,aint_helpin
tramadol,xanax,neck_injury,jugging
tramadol,morphine,neck_injury,imaginary_friend_probably_histrionic
tramadol,valium,neck_injury,evohaler
tramadol,ambien,neck_injury,wayy_much_codeine
tramadol,prozac,neck_injury,supple
tramadol,vicodin,neck_injury,evohaler
tramadol,percocet,neck_injury,jugging
tramadol,promethazine,neck_injury,aint_helpin
tramadol,xanax,neuralgia,create_teen_lgbt
tramadol,morphine,neuralgia,bloodwork
tramadol,valium,neuralgia,saturdaynight
tramadol,ambien,neuralgia,habitual
tramadol,prozac,neuralgia,paralyse
tramadol,vicodin,neuralgia,saves
tramadol,percocet,neuralgia,afrezza
tramadol,promethazine,neuralgia,respectfully
tramadol,xanax,nocturia,create_teen_lgbt
tramadol,morphine,nocturia,empty_seats
tramadol,valium,nocturia,shortness_breath
tramadol,ambien,nocturia,contraindications
tramadol,prozac,nocturia,contraindications
tramadol,vicodin,nocturia,jerry_falwell
tramadol,percocet,nocturia,empty_seats
tramadol,promethazine,nocturia,barbed
tramadol,xanax,osteopenia,foolery
tramadol,morphine,osteopenia,snores
tramadol,valium,osteopenia,basketball_teams
tramadol,ambien,osteopenia,sherlock_holmes
tramadol,prozac,osteopenia,promethizine
tramadol,vicodin,osteopenia,ethyl
tramadol,percocet,osteopenia,livetweetsfromthenursinghome
tramadol,promethazine,osteopenia,bila_suruh
tramadol,xanax,osteoporosis,applicable
tramadol,morphine,osteoporosis,ever_fallen_asleep
tramadol,valium,osteoporosis,wily
tramadol,ambien,osteoporosis,dendrites
tramadol,prozac,osteoporosis,postoperatively
tramadol,vicodin,osteoporosis,rearranging
tramadol,percocet,osteoporosis,strive
tramadol,promethazine,osteoporosis,bila_suruh
tramadol,xanax,pain,jugging
tramadol,morphine,pain,dulce
tramadol,valium,pain,extra_chromosome_causes_eventual
tramadol,ambien,pain,jugging
tramadol,prozac,pain,fantas
tramadol,vicodin,pain,jugging
tramadol,percocet,pain,jugging
tramadol,promethazine,pain,earthy
tramadol,xanax,rosacea,definately
tramadol,morphine,rosacea,snoozer
tramadol,valium,rosacea,pero
tramadol,ambien,rosacea,midline
tramadol,prozac,rosacea,definately
tramadol,vicodin,rosacea,fartin
tramadol,percocet,rosacea,andre
tramadol,promethazine,rosacea,bizzy
tramadol,xanax,sinus_headache,solitaire
tramadol,morphine,sinus_headache,apryl
tramadol,valium,sinus_headache,terminology
tramadol,ambien,sinus_headache,habitual
tramadol,prozac,sinus_headache,supple
tramadol,vicodin,sinus_headache,zzquil_sleeplovers
tramadol,percocet,sinus_headache,write_hundred_milligrams
tramadol,promethazine,sinus_headache,stong
tramadol,xanax,sinusitis,shrinking
tramadol,morphine,sinusitis,ucking
tramadol,valium,sinusitis,john_bosco
tramadol,ambien,sinusitis,fava
tramadol,prozac,sinusitis,long_term_steroid
tramadol,vicodin,sinusitis,jetson
tramadol,percocet,sinusitis,dispense
tramadol,promethazine,sinusitis,naproxyn
tramadol,xanax,tachycardia,dries_local
tramadol,morphine,tachycardia,neck_injury
tramadol,valium,tachycardia,atlanta_georgia
tramadol,ambien,tachycardia,pertussis
tramadol,prozac,tachycardia,pertussis
tramadol,vicodin,tachycardia,pertussis
tramadol,percocet,tachycardia,pertussis
tramadol,promethazine,tachycardia,bila_suruh
tramadol,xanax,tendonitis,chyna
tramadol,morphine,tendonitis,gargoyle
tramadol,valium,tendonitis,girls_volleyball
tramadol,ambien,tendonitis,trumpriot_dems_republicans
tramadol,prozac,tendonitis,twitches
tramadol,vicodin,tendonitis,fartin
tramadol,percocet,tendonitis,afrezza
tramadol,promethazine,tendonitis,stong
tramadol,xanax,thrombocytopenia,ripped
tramadol,morphine,thrombocytopenia,green_smoothie
tramadol,valium,thrombocytopenia,wily
tramadol,ambien,thrombocytopenia,couple
tramadol,prozac,thrombocytopenia,sweetarts
tramadol,vicodin,thrombocytopenia,stereotyping
tramadol,percocet,thrombocytopenia,afrezza
tramadol,promethazine,thrombocytopenia,enthusiasts
tramadol,xanax,erythema,dyslexia
tramadol,morphine,erythema,happines
tramadol,valium,erythema,blood_clots
tramadol,ambien,erythema,habitual
tramadol,prozac,erythema,pruritis
tramadol,vicodin,erythema,netsky
tramadol,percocet,erythema,afrezza
tramadol,promethazine,erythema,kick_diehard_noobs_priority
tramadol,xanax,viral_infection,swigs
tramadol,morphine,viral_infection,suicidal_ideations
tramadol,valium,viral_infection,shortness_breath
tramadol,ambien,viral_infection,accuser
tramadol,prozac,viral_infection,osteoarthritis
tramadol,vicodin,viral_infection,clinical_advisor
tramadol,percocet,viral_infection,tgok
tramadol,promethazine,viral_infection,aint_helpin
tramadol,xanax,laceration,chyna
tramadol,morphine,laceration,rottin
tramadol,valium,laceration,politically
tramadol,ambien,laceration,dusty
tramadol,prozac,laceration,line_results_phase
tramadol,vicodin,laceration,politically
tramadol,percocet,laceration,cognitive_decline
tramadol,promethazine,laceration,tetris
tramadol,xanax,muscle_strain,live_noradio_stream
tramadol,morphine,muscle_strain,bloodwork
tramadol,valium,muscle_strain,pejabat
tramadol,ambien,muscle_strain,follower
tramadol,prozac,muscle_strain,amazingg
tramadol,vicodin,muscle_strain,pejabat
tramadol,percocet,muscle_strain,monroe_county
tramadol,promethazine,muscle_strain,live_noradio_stream
tramadol,xanax,burning_sensation,wily
tramadol,morphine,burning_sensation,steraline
tramadol,valium,burning_sensation,wily
tramadol,ambien,burning_sensation,steraline
tramadol,prozac,burning_sensation,steraline
tramadol,vicodin,burning_sensation,wily
tramadol,percocet,burning_sensation,mysterious
tramadol,promethazine,burning_sensation,enthusiasts
tramadol,xanax,apathy,electro
tramadol,morphine,apathy,ucking
tramadol,valium,apathy,efficient
tramadol,ambien,apathy,habitual
tramadol,prozac,apathy,static
tramadol,vicodin,apathy,head
tramadol,percocet,apathy,dispense
tramadol,promethazine,apathy,aint_helpin
tramadol,xanax,plantar_fasciitis,foolery
tramadol,morphine,plantar_fasciitis,ucking
tramadol,valium,plantar_fasciitis,norma
tramadol,ambien,plantar_fasciitis,tattooed
tramadol,prozac,plantar_fasciitis,uber_drivers
tramadol,vicodin,plantar_fasciitis,scrapbook
tramadol,percocet,plantar_fasciitis,phase_study_evaluating
tramadol,promethazine,plantar_fasciitis,dazzle
tramadol,xanax,deep_vein_thrombosis,create_teen_lgbt
tramadol,morphine,deep_vein_thrombosis,datish
tramadol,valium,deep_vein_thrombosis,kurma
tramadol,ambien,deep_vein_thrombosis,moon_stars
tramadol,prozac,deep_vein_thrombosis,datish
tramadol,vicodin,deep_vein_thrombosis,lenses
tramadol,percocet,deep_vein_thrombosis,afrezza
tramadol,promethazine,deep_vein_thrombosis,barbed
tramadol,xanax,sinus_congestion,foolery
tramadol,morphine,sinus_congestion,badactionmoviesequels
tramadol,valium,sinus_congestion,efficient
tramadol,ambien,sinus_congestion,cnnsotu
tramadol,prozac,sinus_congestion,saveme
tramadol,vicodin,sinus_congestion,personifies
tramadol,percocet,sinus_congestion,leisure
tramadol,promethazine,sinus_congestion,nurx
tramadol,xanax,malaise,ground_cloth_lustral_machines
tramadol,morphine,malaise,ucking
tramadol,valium,malaise,boehner
tramadol,ambien,malaise,habitual
tramadol,prozac,malaise,outdoor
tramadol,vicodin,malaise,mohamad
tramadol,percocet,malaise,ground_cloth_lustral_machines
tramadol,promethazine,malaise,tetris
tramadol,xanax,myalgia,rheumatoiddisease
tramadol,morphine,myalgia,urinated_today_probably_melancholia
tramadol,valium,myalgia,wily
tramadol,ambien,myalgia,promethazine_aint_medicade
tramadol,prozac,myalgia,promethazine_aint_medicade
tramadol,vicodin,myalgia,urinated_today_probably_melancholia
tramadol,percocet,myalgia,dispense
tramadol,promethazine,myalgia,urinated_today_probably_melancholia
tramadol,xanax,chest_tightness,blackquill
tramadol,morphine,chest_tightness,gers
tramadol,valium,chest_tightness,gaming
tramadol,ambien,chest_tightness,metre
tramadol,prozac,chest_tightness,postoperatively
tramadol,vicodin,chest_tightness,bearx
tramadol,percocet,chest_tightness,gaming
tramadol,promethazine,chest_tightness,tetris
tramadol,xanax,decreased_appetite,gtlive
tramadol,morphine,decreased_appetite,suboxone_wrapper
tramadol,valium,decreased_appetite,salvador
tramadol,ambien,decreased_appetite,looking_forward_welcoming
tramadol,prozac,decreased_appetite,supple
tramadol,vicodin,decreased_appetite,jetson
tramadol,percocet,decreased_appetite,afrezza
tramadol,promethazine,decreased_appetite,enthusiasts
tramadol,xanax,retching,iggy
tramadol,morphine,retching,happines
tramadol,valium,retching,barclay
tramadol,ambien,retching,moon_stars
tramadol,prozac,retching,supple
tramadol,vicodin,retching,sprung
tramadol,percocet,retching,hauls
tramadol,promethazine,retching,whats_wrong
tramadol,xanax,erectile_dysfunction,shovel
tramadol,morphine,erectile_dysfunction,boii
tramadol,valium,erectile_dysfunction,mental_health_issues
tramadol,ambien,erectile_dysfunction,shovel
tramadol,prozac,erectile_dysfunction,long_term_steroid
tramadol,vicodin,erectile_dysfunction,serotonin_norepinephrine_reuptake_inhibitor
tramadol,percocet,erectile_dysfunction,footloose
tramadol,promethazine,erectile_dysfunction,isotope
tramadol,xanax,lymphadenopathy,amazingg
tramadol,morphine,lymphadenopathy,slipping
tramadol,valium,lymphadenopathy,amazingg
tramadol,ambien,lymphadenopathy,mink
tramadol,prozac,lymphadenopathy,amazingg
tramadol,vicodin,lymphadenopathy,giant_heart_kiesza
tramadol,percocet,lymphadenopathy,metre
tramadol,promethazine,lymphadenopathy,barbed
tramadol,xanax,tooth_abscess,springcleaning
tramadol,morphine,tooth_abscess,quinton
tramadol,valium,tooth_abscess,polygraph
tramadol,ambien,tooth_abscess,sunshine
tramadol,prozac,tooth_abscess,motivates
tramadol,vicodin,tooth_abscess,jerry_falwell
tramadol,percocet,tooth_abscess,fenelon
tramadol,promethazine,tooth_abscess,concession_stand
tramadol,xanax,sexual_dysfunction,foolery
tramadol,morphine,sexual_dysfunction,nevramin
tramadol,valium,sexual_dysfunction,accumulating
tramadol,ambien,sexual_dysfunction,nevramin
tramadol,prozac,sexual_dysfunction,nevramin
tramadol,vicodin,sexual_dysfunction,stereotyping
tramadol,percocet,sexual_dysfunction,nevramin
tramadol,promethazine,sexual_dysfunction,enthusiasts
tramadol,xanax,bladder_infection,foolery
tramadol,morphine,bladder_infection,abbv_chrs
tramadol,valium,bladder_infection,butt_hole
tramadol,ambien,bladder_infection,sabcnews
tramadol,prozac,bladder_infection,butt_hole
tramadol,vicodin,bladder_infection,imago_statements
tramadol,percocet,bladder_infection,pars
tramadol,promethazine,bladder_infection,bila_suruh
tramadol,xanax,tooth_infection,adoption
tramadol,morphine,tooth_infection,steraline
tramadol,valium,tooth_infection,partyy
tramadol,ambien,tooth_infection,steraline
tramadol,prozac,tooth_infection,steraline
tramadol,vicodin,tooth_infection,aldous_huxley
tramadol,percocet,tooth_infection,sulk
tramadol,promethazine,tooth_infection,barbed
tramadol,xanax,bone_spur,foolery
tramadol,morphine,bone_spur,stuffy_nose
tramadol,valium,bone_spur,kismet
tramadol,ambien,bone_spur,vote_axit
tramadol,prozac,bone_spur,milder_version
tramadol,vicodin,bone_spur,jhmchat_poise_high
tramadol,percocet,bone_spur,afrezza
tramadol,promethazine,bone_spur,thicker
tramadol,xanax,anaphylactic_shock,greater_risk
tramadol,morphine,anaphylactic_shock,green_smoothie
tramadol,valium,anaphylactic_shock,snake_featuring_justin_bieber
tramadol,ambien,anaphylactic_shock,sherlock_holmes
tramadol,prozac,anaphylactic_shock,uber_drivers
tramadol,vicodin,anaphylactic_shock,fartin
tramadol,percocet,anaphylactic_shock,afrezza
tramadol,promethazine,anaphylactic_shock,whats_wrong
tramadol,xanax,angioedema,jersey_properties
tramadol,morphine,angioedema,jersey_properties
tramadol,valium,angioedema,efficient
tramadol,ambien,angioedema,abcdebate
tramadol,prozac,angioedema,supple
tramadol,vicodin,angioedema,jersey_properties
tramadol,percocet,angioedema,afrezza
tramadol,promethazine,angioedema,isotope
tramadol,xanax,anxiety,clubb
tramadol,morphine,anxiety,neck_injury
tramadol,valium,anxiety,sydneys
tramadol,ambien,anxiety,subsidy
tramadol,prozac,anxiety,pruritis
tramadol,vicodin,anxiety,activation
tramadol,percocet,anxiety,strive
tramadol,promethazine,anxiety,preps
tramadol,xanax,mental_disorder,theworldmayneverknow
tramadol,morphine,mental_disorder,xanaxx
tramadol,valium,mental_disorder,snake_featuring_justin_bieber
tramadol,ambien,mental_disorder,rewatching_shokugeki
tramadol,prozac,mental_disorder,long_term_steroid
tramadol,vicodin,mental_disorder,entitled_cash
tramadol,percocet,mental_disorder,cognitive_decline
tramadol,promethazine,mental_disorder,bila_suruh
tramadol,xanax,coma,restoration
tramadol,morphine,coma,happines
tramadol,valium,coma,wily
tramadol,ambien,coma,dendrites
tramadol,prozac,coma,macleod
tramadol,vicodin,coma,evohaler
tramadol,percocet,coma,gary_johnson
tramadol,promethazine,coma,tetris
tramadol,xanax,cyst,pharmacy_tech
tramadol,morphine,cyst,pharmacy_tech
tramadol,valium,cyst,avana
tramadol,ambien,cyst,moon_stars
tramadol,prozac,cyst,crazier
tramadol,vicodin,cyst,bearx
tramadol,percocet,cyst,prius
tramadol,promethazine,cyst,collected
tramadol,xanax,deafness,amazingg
tramadol,morphine,deafness,jersey_properties
tramadol,valium,deafness,amazingg
tramadol,ambien,deafness,moon_stars
tramadol,prozac,deafness,amazingg
tramadol,vicodin,deafness,jersey_properties
tramadol,percocet,deafness,tipping_point
tramadol,promethazine,deafness,aint_helpin
tramadol,xanax,delirium,hurting
tramadol,morphine,delirium,ucking
tramadol,valium,delirium,hysterics
tramadol,ambien,delirium,mink
tramadol,prozac,delirium,readers
tramadol,vicodin,delirium,pericarditis
tramadol,percocet,delirium,afrezza
tramadol,promethazine,delirium,pappy
tramadol,xanax,hallucination,mohamad
tramadol,morphine,hallucination,immuran
tramadol,valium,hallucination,hysterics
tramadol,ambien,hallucination,habitual
tramadol,prozac,hallucination,promethizine
tramadol,vicodin,hallucination,mohamad
tramadol,percocet,hallucination,hatch_tulips
tramadol,promethazine,hallucination,enthusiasts
tramadol,xanax,hepatitis,ground_cloth_lustral_machines
tramadol,morphine,hepatitis,steraline
tramadol,valium,hepatitis,efficient
tramadol,ambien,hepatitis,casket
tramadol,prozac,hepatitis,supple
tramadol,vicodin,hepatitis,politically
tramadol,percocet,hepatitis,andre
tramadol,promethazine,hepatitis,preps
tramadol,xanax,hypersensitivity,fortunes
tramadol,morphine,hypersensitivity,adhs
tramadol,valium,hypersensitivity,salivate
tramadol,ambien,hypersensitivity,tete
tramadol,prozac,hypersensitivity,dispense
tramadol,vicodin,hypersensitivity,nuts
tramadol,percocet,hypersensitivity,fortunes
tramadol,promethazine,hypersensitivity,rarest
tramadol,xanax,hypertension,amazingg
tramadol,morphine,hypertension,iritis
tramadol,valium,hypertension,wily
tramadol,ambien,hypertension,choker
tramadol,prozac,hypertension,manchester_united
tramadol,vicodin,hypertension,fartin
tramadol,percocet,hypertension,afrezza
tramadol,promethazine,hypertension,whats_wrong
tramadol,xanax,hypoglycaemia,telltale
tramadol,morphine,hypoglycaemia,collected
tramadol,valium,hypoglycaemia,statements_dries_garrison_noten
tramadol,ambien,hypoglycaemia,cambia_cada
tramadol,prozac,hypoglycaemia,burial
tramadol,vicodin,hypoglycaemia,jetson
tramadol,percocet,hypoglycaemia,still_unclear_scrappy
tramadol,promethazine,hypoglycaemia,telltale
tramadol,xanax,hypotension,foolery
tramadol,morphine,hypotension,happines
tramadol,valium,hypotension,beam
tramadol,ambien,hypotension,abcdebate
tramadol,prozac,hypotension,promethazine_aint_medicade
tramadol,vicodin,hypotension,jetson
tramadol,percocet,hypotension,afrezza
tramadol,promethazine,hypotension,bila_suruh
tramadol,xanax,nervousness,accidents
tramadol,morphine,nervousness,ucking
tramadol,valium,nervousness,pero
tramadol,ambien,nervousness,accidents
tramadol,prozac,nervousness,accidents
tramadol,vicodin,nervousness,jerry_falwell
tramadol,percocet,nervousness,bronchospasm
tramadol,promethazine,nervousness,accidents
tramadol,xanax,nightmare,clubb
tramadol,morphine,nightmare,marilyn_monroe
tramadol,valium,nightmare,wily
tramadol,ambien,nightmare,equals_happiness
tramadol,prozac,nightmare,supple
tramadol,vicodin,nightmare,nowwatching
tramadol,percocet,nightmare,dentist_prescribes
tramadol,promethazine,nightmare,partridge
tramadol,xanax,palpitations,ground_cloth_lustral_machines
tramadol,morphine,palpitations,discontinuing
tramadol,valium,palpitations,beam
tramadol,ambien,palpitations,menfess_format_menfess_penting
tramadol,prozac,palpitations,smoke_cigarette
tramadol,vicodin,palpitations,jetson
tramadol,percocet,palpitations,disrespected_lyricas
tramadol,promethazine,palpitations,bila_suruh
tramadol,xanax,polyp,boosts_neurotransmitter_serotonin_gratitude
tramadol,morphine,polyp,disks
tramadol,valium,polyp,iipa
tramadol,ambien,polyp,mink
tramadol,prozac,polyp,vivitrol
tramadol,vicodin,polyp,sprung
tramadol,percocet,polyp,afrezza
tramadol,promethazine,polyp,barbed
tramadol,xanax,proteinuria,conclusive
tramadol,morphine,proteinuria,menfess_format_menfess_penting
tramadol,valium,proteinuria,sydneys
tramadol,ambien,proteinuria,menfess_format_menfess_penting
tramadol,prozac,proteinuria,conclusive
tramadol,vicodin,proteinuria,donde
tramadol,percocet,proteinuria,dallascowboys
tramadol,promethazine,proteinuria,partridge
tramadol,xanax,pulmonary_oedema,chyna
tramadol,morphine,pulmonary_oedema,hina
tramadol,valium,pulmonary_oedema,fourty
tramadol,ambien,pulmonary_oedema,supervising
tramadol,prozac,pulmonary_oedema,rationally
tramadol,vicodin,pulmonary_oedema,fartin
tramadol,percocet,pulmonary_oedema,sulk
tramadol,promethazine,pulmonary_oedema,whats_wrong
tramadol,xanax,pulmonary_embolism,tamil
tramadol,morphine,pulmonary_embolism,autistics
tramadol,valium,pulmonary_embolism,wily
tramadol,ambien,pulmonary_embolism,abcdebate
tramadol,prozac,pulmonary_embolism,dahej
tramadol,vicodin,pulmonary_embolism,negativity
tramadol,percocet,pulmonary_embolism,hurting
tramadol,promethazine,pulmonary_embolism,aint_helpin
tramadol,xanax,convulsion,shovel
tramadol,morphine,convulsion,estate
tramadol,valium,convulsion,snake_featuring_justin_bieber
tramadol,ambien,convulsion,dendrites
tramadol,prozac,convulsion,supple
tramadol,vicodin,convulsion,jetson
tramadol,percocet,convulsion,afrezza
tramadol,promethazine,convulsion,cowboy_boots
tramadol,xanax,shivering,aces
tramadol,morphine,shivering,immuran
tramadol,valium,shivering,duoloxetine
tramadol,ambien,shivering,unlimited_amounts
tramadol,prozac,shivering,supple
tramadol,vicodin,shivering,imago_statements
tramadol,percocet,shivering,fuckcancer
tramadol,promethazine,shivering,mdrr
tramadol,xanax,shock,flubromazolam
tramadol,morphine,shock,ilium
tramadol,valium,shock,sydneys
tramadol,ambien,shock,27mg
tramadol,prozac,shock,promethazine_aint_medicade
tramadol,vicodin,shock,complete
tramadol,percocet,shock,giants_game
tramadol,promethazine,shock,earthy
tramadol,xanax,syncope,antipsych
tramadol,morphine,syncope,advised
tramadol,valium,syncope,wily
tramadol,ambien,syncope,node
tramadol,prozac,syncope,snatches
tramadol,vicodin,syncope,advised
tramadol,percocet,syncope,requip_magic_allows_requip
tramadol,promethazine,syncope,bila_suruh
tramadol,xanax,tinnitus,foolery
tramadol,morphine,tinnitus,neck_injury
tramadol,valium,tinnitus,reaffirmed
tramadol,ambien,tinnitus,parsons
tramadol,prozac,tinnitus,supple
tramadol,vicodin,tinnitus,nowwatching
tramadol,percocet,tinnitus,needy
tramadol,promethazine,tinnitus,tetris
tramadol,xanax,tremor,ground_cloth_lustral_machines
tramadol,morphine,tremor,ucking
tramadol,valium,tremor,priebus
tramadol,ambien,tremor,ground_cloth_lustral_machines
tramadol,prozac,tremor,long_term_steroid
tramadol,vicodin,tremor,investing
tramadol,percocet,tremor,arashi
tramadol,promethazine,tremor,partridge
tramadol,xanax,urticaria,survivors_titanic
tramadol,morphine,urticaria,gers
tramadol,valium,urticaria,atlanta_georgia
tramadol,ambien,urticaria,afrezza
tramadol,prozac,urticaria,catet
tramadol,vicodin,urticaria,survivors_titanic
tramadol,percocet,urticaria,afrezza
tramadol,promethazine,urticaria,decade
tramadol,xanax,urinary_retention,cystic_acne
tramadol,morphine,urinary_retention,chads2
tramadol,valium,urinary_retention,atlanta_georgia
tramadol,ambien,urinary_retention,1300
tramadol,prozac,urinary_retention,long_term_steroid
tramadol,vicodin,urinary_retention,flintstone_chewable
tramadol,percocet,urinary_retention,afrezza
tramadol,promethazine,urinary_retention,barbed
tramadol,xanax,agitation,visine
tramadol,morphine,agitation,digital_marketing
tramadol,valium,agitation,dats
tramadol,ambien,agitation,sunshine
tramadol,prozac,agitation,long_term_steroid
tramadol,vicodin,agitation,zelda
tramadol,percocet,agitation,afrezza
tramadol,promethazine,agitation,reminiscent
tramadol,xanax,mood_swings,sprung
tramadol,morphine,mood_swings,toilet
tramadol,valium,mood_swings,kruger
tramadol,ambien,mood_swings,manufacture_market
tramadol,prozac,mood_swings,breathing_circulation_lorazepam
tramadol,vicodin,mood_swings,sprung
tramadol,percocet,mood_swings,afrezza
tramadol,promethazine,mood_swings,enthusiasts
tramadol,xanax,cataract,estimate
tramadol,morphine,cataract,snores
tramadol,valium,cataract,galeotti
tramadol,ambien,cataract,habitual
tramadol,prozac,cataract,side_note
tramadol,vicodin,cataract,fartin
tramadol,percocet,cataract,straining
tramadol,promethazine,cataract,whats_wrong
tramadol,xanax,panic_attack,clif_bars
tramadol,morphine,panic_attack,happines
tramadol,valium,panic_attack,hysterics
tramadol,ambien,panic_attack,kirsten
tramadol,prozac,panic_attack,dispense
tramadol,vicodin,panic_attack,evohaler
tramadol,percocet,panic_attack,dispense
tramadol,promethazine,panic_attack,enthusiasts
tramadol,xanax,migraine,shrinking
tramadol,morphine,migraine,suboxone_methadone_clinics
tramadol,valium,migraine,pero
tramadol,ambien,migraine,hennything
tramadol,prozac,migraine,nuances
tramadol,vicodin,migraine,shrinking
tramadol,percocet,migraine,shrinking
tramadol,promethazine,migraine,cowboy_boots
tramadol,xanax,malnutrition,foolery
tramadol,morphine,malnutrition,chandimal_anderson
tramadol,valium,malnutrition,pero
tramadol,ambien,malnutrition,habitual
tramadol,prozac,malnutrition,prevent_blood_clotting
tramadol,vicodin,malnutrition,pocket_vagina_suffer_melancholia
tramadol,percocet,malnutrition,pocket_vagina_suffer_melancholia
tramadol,promethazine,malnutrition,patriotsnation
tramadol,xanax,dysphoria,shine
tramadol,morphine,dysphoria,deaths
tramadol,valium,dysphoria,wayy_much_codeine
tramadol,ambien,dysphoria,wayy_much_codeine
tramadol,prozac,dysphoria,cough_medicine
tramadol,vicodin,dysphoria,lately_panicking_feeling
tramadol,percocet,dysphoria,afrezza
tramadol,promethazine,dysphoria,tetris
tramadol,xanax,respiratory_depression,purity
tramadol,morphine,respiratory_depression,immuran
tramadol,valium,respiratory_depression,crackles
tramadol,ambien,respiratory_depression,analgesic
tramadol,prozac,respiratory_depression,unremitting
tramadol,vicodin,respiratory_depression,ideological
tramadol,percocet,respiratory_depression,nita
tramadol,promethazine,respiratory_depression,bailing
tramadol,xanax,strangury,tuna_fish
tramadol,morphine,strangury,counterstrike
tramadol,valium,strangury,spitting
tramadol,ambien,strangury,nowplayingonthesyncradio_freakin_feat_khalifa
tramadol,prozac,strangury,ducked
tramadol,vicodin,strangury,glass
tramadol,percocet,strangury,titanic_launched
tramadol,promethazine,strangury,titanic_launched
tramadol,xanax,vision_blurred,poster_child
tramadol,morphine,vision_blurred,jhelum
tramadol,valium,vision_blurred,wily
tramadol,ambien,vision_blurred,trumpriot_dems_republicans
tramadol,prozac,vision_blurred,detecting
tramadol,vicodin,vision_blurred,fartin
tramadol,percocet,vision_blurred,afrezza
tramadol,promethazine,vision_blurred,tetris
tramadol,xanax,bradycardia,killing_worst_marine
tramadol,morphine,bradycardia,pills_individually_wrapped
tramadol,valium,bradycardia,beam
tramadol,ambien,bradycardia,abcdebate
tramadol,prozac,bradycardia,sweetarts
tramadol,vicodin,bradycardia,catching_pokemon
tramadol,percocet,bradycardia,afrezza
tramadol,promethazine,bradycardia,mdrr
tramadol,xanax,serotonin_syndrome,chyna
tramadol,morphine,serotonin_syndrome,famotidine
tramadol,valium,serotonin_syndrome,hysterics
tramadol,ambien,serotonin_syndrome,dries_bank_guard
tramadol,prozac,serotonin_syndrome,sweetarts
tramadol,vicodin,serotonin_syndrome,stay_hydrated
tramadol,percocet,serotonin_syndrome,pocket_vagina_suffer_melancholia
tramadol,promethazine,serotonin_syndrome,gynae
tramadol,xanax,asthma,foolery
tramadol,morphine,asthma,twin
tramadol,valium,asthma,hysterics
tramadol,ambien,asthma,sabbatical
tramadol,prozac,asthma,weeks
tramadol,vicodin,asthma,misbehavior
tramadol,percocet,asthma,afrezza
tramadol,promethazine,asthma,addressed
tramadol,xanax,hyponatraemia,survivors_titanic
tramadol,morphine,hyponatraemia,binged
tramadol,valium,hyponatraemia,atlanta_georgia
tramadol,ambien,hyponatraemia,circled
tramadol,prozac,hyponatraemia,glands_lining_stomach
tramadol,vicodin,hyponatraemia,shrinking
tramadol,percocet,hyponatraemia,tabletten
tramadol,promethazine,hyponatraemia,whats_wrong
tramadol,xanax,amnesia,type1
tramadol,morphine,amnesia,imaginary_friend_probably_histrionic
tramadol,valium,amnesia,partyy
tramadol,ambien,amnesia,trumpriot_dems_republicans
tramadol,prozac,amnesia,rediscover
tramadol,vicodin,amnesia,alligator
tramadol,percocet,amnesia,afrezza
tramadol,promethazine,amnesia,3asst
tramadol,xanax,appendicitis,lotus
tramadol,morphine,appendicitis,littlewomenla
tramadol,valium,appendicitis,skinny_jeans
tramadol,ambien,appendicitis,hennything
tramadol,prozac,appendicitis,supple
tramadol,vicodin,appendicitis,sprung
tramadol,percocet,appendicitis,tgok
tramadol,promethazine,appendicitis,bila_suruh
tramadol,xanax,arrhythmia,survivors_titanic
tramadol,morphine,arrhythmia,collected
tramadol,valium,arrhythmia,wily
tramadol,ambien,arrhythmia,dendrites
tramadol,prozac,arrhythmia,anggun
tramadol,vicodin,arrhythmia,imago_statements
tramadol,percocet,arrhythmia,pocket_vagina_suffer_melancholia
tramadol,promethazine,arrhythmia,ensures
tramadol,xanax,arthritis,barnacles
tramadol,morphine,arthritis,poorer
tramadol,valium,arthritis,hifonics
tramadol,ambien,arthritis,27mg
tramadol,prozac,arthritis,poorer
tramadol,vicodin,arthritis,jerry_falwell
tramadol,percocet,arthritis,legallyblonde
tramadol,promethazine,arthritis,tetris
tramadol,xanax,bronchospasm,chyna
tramadol,morphine,bronchospasm,ucking
tramadol,valium,bronchospasm,salivate
tramadol,ambien,bronchospasm,habitual
tramadol,prozac,bronchospasm,long_term_steroid
tramadol,vicodin,bronchospasm,1301
tramadol,percocet,bronchospasm,afrezza
tramadol,promethazine,bronchospasm,thicker
tramadol,xanax,carpal_tunnel_syndrome,large_fries
tramadol,morphine,carpal_tunnel_syndrome,mopey
tramadol,valium,carpal_tunnel_syndrome,mopey
tramadol,ambien,carpal_tunnel_syndrome,smoker
tramadol,prozac,carpal_tunnel_syndrome,supple
tramadol,vicodin,carpal_tunnel_syndrome,scientifically
tramadol,percocet,carpal_tunnel_syndrome,leisure
tramadol,promethazine,carpal_tunnel_syndrome,schoolboy
tramadol,xanax,cellulitis,fattah
tramadol,morphine,cellulitis,illegal_states
tramadol,valium,cellulitis,golf_ball
tramadol,ambien,cellulitis,solitaire
tramadol,prozac,cellulitis,make_homicide_triple
tramadol,vicodin,cellulitis,disembroil
tramadol,percocet,cellulitis,afrezza
tramadol,promethazine,cellulitis,partridge
tramadol,xanax,cholecystitis,foolery
tramadol,morphine,cholecystitis,fixes_everything
tramadol,valium,cholecystitis,glass
tramadol,ambien,cholecystitis,habitual
tramadol,prozac,cholecystitis,hanae_natsuki
tramadol,vicodin,cholecystitis,glass
tramadol,percocet,cholecystitis,hatch_tulips
tramadol,promethazine,cholecystitis,addressed
tramadol,xanax,conjunctivitis,shine
tramadol,morphine,conjunctivitis,chads2
tramadol,valium,conjunctivitis,wily
tramadol,ambien,conjunctivitis,moon_stars
tramadol,prozac,conjunctivitis,butt_hole
tramadol,vicodin,conjunctivitis,sprung
tramadol,percocet,conjunctivitis,tgok
tramadol,promethazine,conjunctivitis,stong
tramadol,xanax,cystitis,foolery
tramadol,morphine,cystitis,discontinuing
tramadol,valium,cystitis,atlanta_georgia
tramadol,ambien,cystitis,circled
tramadol,prozac,cystitis,rivaroxiban
tramadol,vicodin,cystitis,amox
tramadol,percocet,cystitis,afrezza
tramadol,promethazine,cystitis,tetris
tramadol,xanax,delusion,homefortheholidays
tramadol,morphine,delusion,gargoyle
tramadol,valium,delusion,duoloxetine
tramadol,ambien,delusion,moon_stars
tramadol,prozac,delusion,rehearsal
tramadol,vicodin,delusion,melhor
tramadol,percocet,delusion,afrezza
tramadol,promethazine,delusion,partridge
tramadol,xanax,depersonalisation,sadface
tramadol,morphine,depersonalisation,bloodwork
tramadol,valium,depersonalisation,duoloxetine
tramadol,ambien,depersonalisation,marcy
tramadol,prozac,depersonalisation,paneer
tramadol,vicodin,depersonalisation,stereotyping
tramadol,percocet,depersonalisation,tipping_point
tramadol,promethazine,depersonalisation,tetris
tramadol,xanax,depression,etomidate
tramadol,morphine,depression,bila_suruh
tramadol,valium,depression,butt_hole
tramadol,ambien,depression,year_malls_evacuated_prominent
tramadol,prozac,depression,promethizine
tramadol,vicodin,depression,grrl
tramadol,percocet,depression,45am
tramadol,promethazine,depression,bila_suruh
tramadol,xanax,gastritis,norcos_homecoming
tramadol,morphine,gastritis,sodium_carbonate
tramadol,valium,gastritis,corticosteroids_aspirin_indomethacin_phenytoin
tramadol,ambien,gastritis,moon_stars
tramadol,prozac,gastritis,long_term_steroid
tramadol,vicodin,gastritis,gary_johnson
tramadol,percocet,gastritis,afrezza
tramadol,promethazine,gastritis,bila_suruh
tramadol,xanax,haemorrhage,firecracker
tramadol,morphine,haemorrhage,preparations
tramadol,valium,haemorrhage,hardpoint
tramadol,ambien,haemorrhage,circled
tramadol,prozac,haemorrhage,supple
tramadol,vicodin,haemorrhage,pondera_counties
tramadol,percocet,haemorrhage,tgok
tramadol,promethazine,haemorrhage,enthusiasts
tramadol,xanax,hypercholesterolaemia,amazingg
tramadol,morphine,hypercholesterolaemia,lustral_mandated
tramadol,valium,hypercholesterolaemia,tremadol
tramadol,ambien,hypercholesterolaemia,year_malls_evacuated_prominent
tramadol,prozac,hypercholesterolaemia,amazingg
tramadol,vicodin,hypercholesterolaemia,pejabat
tramadol,percocet,hypercholesterolaemia,afrezza
tramadol,promethazine,hypercholesterolaemia,bizzy
tramadol,xanax,hyperkalaemia,firecracker
tramadol,morphine,hyperkalaemia,incr
tramadol,valium,hyperkalaemia,partyy
tramadol,ambien,hyperkalaemia,respiratory_failure
tramadol,prozac,hyperkalaemia,vapors
tramadol,vicodin,hyperkalaemia,jetson
tramadol,percocet,hyperkalaemia,hardening_softening
tramadol,promethazine,hyperkalaemia,bila_suruh
tramadol,xanax,hyperventilation,care_package
tramadol,morphine,hyperventilation,gargoyle
tramadol,valium,hyperventilation,snake_featuring_justin_bieber
tramadol,ambien,hyperventilation,supervising
tramadol,prozac,hyperventilation,doughnut
tramadol,vicodin,hyperventilation,jetson
tramadol,percocet,hyperventilation,afrezza
tramadol,promethazine,hyperventilation,3asst
tramadol,xanax,irritable_bowel_syndrome,mdrr
tramadol,morphine,irritable_bowel_syndrome,soph
tramadol,valium,irritable_bowel_syndrome,mdrr
tramadol,ambien,irritable_bowel_syndrome,mdrr
tramadol,prozac,irritable_bowel_syndrome,remainers
tramadol,vicodin,irritable_bowel_syndrome,fartin
tramadol,percocet,irritable_bowel_syndrome,mdrr
tramadol,promethazine,irritable_bowel_syndrome,mdrr
tramadol,xanax,lethargy,foolery
tramadol,morphine,lethargy,resolve
tramadol,valium,lethargy,pero
tramadol,ambien,lethargy,panhandling
tramadol,prozac,lethargy,turds
tramadol,vicodin,lethargy,sprung
tramadol,percocet,lethargy,aeds
tramadol,promethazine,lethargy,bizzy
tramadol,xanax,myopathy,group_chat
tramadol,morphine,myopathy,rotterdam
tramadol,valium,myopathy,galeotti
tramadol,ambien,myopathy,mink
tramadol,prozac,myopathy,airlift
tramadol,vicodin,myopathy,jerry_falwell
tramadol,percocet,myopathy,aquire
tramadol,promethazine,myopathy,preps
tramadol,xanax,myocardial_infarction,rearranging
tramadol,morphine,myocardial_infarction,xanaxx
tramadol,valium,myocardial_infarction,beam
tramadol,ambien,myocardial_infarction,adenomas
tramadol,prozac,myocardial_infarction,glands_lining_stomach
tramadol,vicodin,myocardial_infarction,rearranging
tramadol,percocet,myocardial_infarction,tgok
tramadol,promethazine,myocardial_infarction,saves_life
tramadol,xanax,myoclonus,righteousness
tramadol,morphine,myoclonus,iritis
tramadol,valium,myoclonus,anaconda
tramadol,ambien,myoclonus,overacting
tramadol,prozac,myoclonus,lions
tramadol,vicodin,myoclonus,stereotyping
tramadol,percocet,myoclonus,afrezza
tramadol,promethazine,myoclonus,barbed
tramadol,xanax,neurosis,finals_week
tramadol,morphine,neurosis,ucking
tramadol,valium,neurosis,online
tramadol,ambien,neurosis,online
tramadol,prozac,neurosis,online
tramadol,vicodin,neurosis,online
tramadol,percocet,neurosis,afrezza
tramadol,promethazine,neurosis,aint_helpin
tramadol,xanax,pancreatitis,foolery
tramadol,morphine,pancreatitis,ucking
tramadol,valium,pancreatitis,galeotti
tramadol,ambien,pancreatitis,27mg
tramadol,prozac,pancreatitis,postoperatively
tramadol,vicodin,pancreatitis,jetson
tramadol,percocet,pancreatitis,arashi
tramadol,promethazine,pancreatitis,whats_wrong
tramadol,xanax,pharyngitis,clubb
tramadol,morphine,pharyngitis,makey
tramadol,valium,pharyngitis,females
tramadol,ambien,pharyngitis,moon_stars
tramadol,prozac,pharyngitis,stilnox_london
tramadol,vicodin,pharyngitis,makey
tramadol,percocet,pharyngitis,little_biased_cold
tramadol,promethazine,pharyngitis,tamoxifen
tramadol,xanax,phlebitis,kylie_jenner
tramadol,morphine,phlebitis,contribution
tramadol,valium,phlebitis,shortness_breath
tramadol,ambien,phlebitis,mink
tramadol,prozac,phlebitis,supple
tramadol,vicodin,phlebitis,netsky
tramadol,percocet,phlebitis,afrezza
tramadol,promethazine,phlebitis,bance
tramadol,xanax,pneumonia,mohamad
tramadol,morphine,pneumonia,rottin
tramadol,valium,pneumonia,dats
tramadol,ambien,pneumonia,mohamad
tramadol,prozac,pneumonia,mohamad
tramadol,vicodin,pneumonia,mohamad
tramadol,percocet,pneumonia,dispense
tramadol,promethazine,pneumonia,preps
tramadol,xanax,polyuria,evohaler
tramadol,morphine,polyuria,immuran
tramadol,valium,polyuria,evohaler
tramadol,ambien,polyuria,choker
tramadol,prozac,polyuria,failing
tramadol,vicodin,polyuria,evohaler
tramadol,percocet,polyuria,strive
tramadol,promethazine,polyuria,breathless
tramadol,xanax,purpura,wily
tramadol,morphine,purpura,gargoyle
tramadol,valium,purpura,wily
tramadol,ambien,purpura,karma
tramadol,prozac,purpura,provo
tramadol,vicodin,purpura,wily
tramadol,percocet,purpura,tgok
tramadol,promethazine,purpura,enthusiasts
tramadol,xanax,rhinitis,rheumatoiddisease
tramadol,morphine,rhinitis,ahahahahaha
tramadol,valium,rhinitis,without_imposter_syndrome
tramadol,ambien,rhinitis,27mg
tramadol,prozac,rhinitis,supple
tramadol,vicodin,rhinitis,sexually_assaulted
tramadol,percocet,rhinitis,settlements
tramadol,promethazine,rhinitis,nurx
tramadol,xanax,sciatica,adelaide
tramadol,morphine,sciatica,steraline
tramadol,valium,sciatica,adelaide
tramadol,ambien,sciatica,steraline
tramadol,prozac,sciatica,ovarian
tramadol,vicodin,sciatica,jetson
tramadol,percocet,sciatica,afrezza
tramadol,promethazine,sciatica,tetris
tramadol,xanax,sneezing,chyna
tramadol,morphine,sneezing,gargoyle
tramadol,valium,sneezing,wayy_much_codeine
tramadol,ambien,sneezing,wayy_much_codeine
tramadol,prozac,sneezing,horrifyingly
tramadol,vicodin,sneezing,politically
tramadol,percocet,sneezing,tulane
tramadol,promethazine,sneezing,tetris
tramadol,xanax,muscle_spasms,foolery
tramadol,morphine,muscle_spasms,green_smoothie
tramadol,valium,muscle_spasms,disponible
tramadol,ambien,muscle_spasms,consumed
tramadol,prozac,muscle_spasms,consumed
tramadol,vicodin,muscle_spasms,stereotyping
tramadol,percocet,muscle_spasms,afrezza
tramadol,promethazine,muscle_spasms,tetris
tramadol,xanax,withdrawal_syndrome,projs
tramadol,morphine,withdrawal_syndrome,perilous
tramadol,valium,withdrawal_syndrome,hysterics
tramadol,ambien,withdrawal_syndrome,habitual
tramadol,prozac,withdrawal_syndrome,catet
tramadol,vicodin,withdrawal_syndrome,jerry_falwell
tramadol,percocet,withdrawal_syndrome,makeup
tramadol,promethazine,withdrawal_syndrome,enthusiasts
tramadol,xanax,suicide,firecracker
tramadol,morphine,suicide,injures
tramadol,valium,suicide,atlanta_georgia
tramadol,ambien,suicide,circled
tramadol,prozac,suicide,surfin
tramadol,vicodin,suicide,lenses
tramadol,percocet,suicide,jubah
tramadol,promethazine,suicide,nurx
tramadol,xanax,thirst,acedinburgh15
tramadol,morphine,thirst,gers
tramadol,valium,thirst,tracer
tramadol,ambien,thirst,alcoholics
tramadol,prozac,thirst,panic_attack
tramadol,vicodin,thirst,imran
tramadol,percocet,thirst,legallyblonde
tramadol,promethazine,thirst,whats_wrong
tramadol,xanax,toothache,wily
tramadol,morphine,toothache,anggun
tramadol,valium,toothache,wily
tramadol,ambien,toothache,mink
tramadol,prozac,toothache,promethizine
tramadol,vicodin,toothache,complete
tramadol,percocet,toothache,drug_doseage
tramadol,promethazine,toothache,ensures
tramadol,xanax,vasodilation,scrapping
tramadol,morphine,vasodilation,ffaaddee_bbeeggiinns
tramadol,valium,vasodilation,lyrica_anderson_scratch
tramadol,ambien,vasodilation,couple
tramadol,prozac,vasodilation,partridge
tramadol,vicodin,vasodilation,stay_hydrated
tramadol,percocet,vasodilation,clapping
tramadol,promethazine,vasodilation,partridge
tramadol,xanax,yawning,clubb
tramadol,morphine,yawning,gers
tramadol,valium,yawning,indica_sativa
tramadol,ambien,yawning,wayy_much_codeine
tramadol,prozac,yawning,cymbalta_serotoninstorms_stopped
tramadol,vicodin,yawning,ahhaha
tramadol,percocet,yawning,afrezza
tramadol,promethazine,yawning,shitting
tramadol,xanax,encephalopathy,active_ingredient_tadalafil_testimonials
tramadol,morphine,encephalopathy,changes_direction
tramadol,valium,encephalopathy,gunners
tramadol,ambien,encephalopathy,rewatching_shokugeki
tramadol,prozac,encephalopathy,long_term_steroid
tramadol,vicodin,encephalopathy,changes_direction
tramadol,percocet,encephalopathy,bronchospasm
tramadol,promethazine,encephalopathy,mdrr
tramadol,xanax,chills,foolery
tramadol,morphine,chills,empathetic
tramadol,valium,chills,reaffirmed
tramadol,ambien,chills,karma
tramadol,prozac,chills,disorder_causes_bones_dissolve
tramadol,vicodin,chills,disabilityinfo
tramadol,percocet,chills,psylence_speaks_music
tramadol,promethazine,chills,skinny_jeans
tramadol,xanax,withdrawal_symptom,ground_cloth_lustral_machines
tramadol,morphine,withdrawal_symptom,happines
tramadol,valium,withdrawal_symptom,partyy
tramadol,ambien,withdrawal_symptom,sherlock_holmes
tramadol,prozac,withdrawal_symptom,long_term_steroid
tramadol,vicodin,withdrawal_symptom,fartin
tramadol,percocet,withdrawal_symptom,afrezza
tramadol,promethazine,withdrawal_symptom,isotope
tramadol,xanax,acute_bronchitis,ibrufen
tramadol,morphine,acute_bronchitis,kasey
tramadol,valium,acute_bronchitis,wsoccer_irvine_valley
tramadol,ambien,acute_bronchitis,moon_stars
tramadol,prozac,acute_bronchitis,5500
tramadol,vicodin,acute_bronchitis,perkins
tramadol,percocet,acute_bronchitis,afrezza
tramadol,promethazine,acute_bronchitis,5500
tramadol,xanax,muscle_twitching,left_unnamed
tramadol,morphine,muscle_twitching,snores
tramadol,valium,muscle_twitching,final_stages
tramadol,ambien,muscle_twitching,flat
tramadol,prozac,muscle_twitching,mini
tramadol,vicodin,muscle_twitching,politically
tramadol,percocet,muscle_twitching,afrezza
tramadol,promethazine,muscle_twitching,mdrr
tramadol,xanax,increased_appetite,episodes
tramadol,morphine,increased_appetite,missedopportunity
tramadol,valium,increased_appetite,silently
tramadol,ambien,increased_appetite,habitual
tramadol,prozac,increased_appetite,snooping
tramadol,vicodin,increased_appetite,fartin
tramadol,percocet,increased_appetite,leisure
tramadol,promethazine,increased_appetite,preps
tramadol,xanax,disorientation,dunces
tramadol,morphine,disorientation,homeworld
tramadol,valium,disorientation,commonwealth
tramadol,ambien,disorientation,waka_flocka
tramadol,prozac,disorientation,promethazine_aint_medicade
tramadol,vicodin,disorientation,sprung
tramadol,percocet,disorientation,sprung
tramadol,promethazine,disorientation,aint_helpin
tramadol,xanax,tension,mentne
tramadol,morphine,tension,happines
tramadol,valium,tension,evohaler
tramadol,ambien,tension,dendrites
tramadol,prozac,tension,promethizine
tramadol,vicodin,tension,wonderfuls
tramadol,percocet,tension,dispense
tramadol,promethazine,tension,bila_suruh
tramadol,xanax,upset_stomach,tegretol_ssris_diuretics_common
tramadol,morphine,upset_stomach,haterz
tramadol,valium,upset_stomach,spitting
tramadol,ambien,upset_stomach,scientifically_proven
tramadol,prozac,upset_stomach,snore
tramadol,vicodin,upset_stomach,messenger
tramadol,percocet,upset_stomach,afrezza
tramadol,promethazine,upset_stomach,aint_helpin
tramadol,xanax,cognitive_impairment,foolery
tramadol,morphine,cognitive_impairment,rasa_macam
tramadol,valium,cognitive_impairment,anaconda
tramadol,ambien,cognitive_impairment,foolery
tramadol,prozac,cognitive_impairment,park_slope
tramadol,vicodin,cognitive_impairment,drivers_license
tramadol,percocet,cognitive_impairment,afrezza
tramadol,promethazine,cognitive_impairment,isotope
tramadol,xanax,photosensitivity,conestoga_wagon
tramadol,morphine,photosensitivity,fanfic
tramadol,valium,photosensitivity,wily
tramadol,ambien,photosensitivity,promethazine_aint_medicade
tramadol,prozac,photosensitivity,promethazine_aint_medicade
tramadol,vicodin,photosensitivity,fartin
tramadol,percocet,photosensitivity,promethazine_aint_medicade
tramadol,promethazine,photosensitivity,takeshi
tramadol,xanax,hypersomnia,chyna
tramadol,morphine,hypersomnia,upgrade
tramadol,valium,hypersomnia,gobbling
tramadol,ambien,hypersomnia,daily_preventative
tramadol,prozac,hypersomnia,supple
tramadol,vicodin,hypersomnia,candyman_bathroom_mirror
tramadol,percocet,hypersomnia,bronchospasm
tramadol,promethazine,hypersomnia,decade
tramadol,xanax,analgesic_effect,repub
tramadol,morphine,analgesic_effect,ucking
tramadol,valium,analgesic_effect,hardpoint
tramadol,ambien,analgesic_effect,year_malls_evacuated_prominent
tramadol,prozac,analgesic_effect,year_malls_evacuated_prominent
tramadol,vicodin,analgesic_effect,jerry_falwell
tramadol,percocet,analgesic_effect,grammas
tramadol,promethazine,analgesic_effect,tetris
tramadol,xanax,paranoia,noten_workplace
tramadol,morphine,paranoia,antenna
tramadol,valium,paranoia,partyy
tramadol,ambien,paranoia,subsidy
tramadol,prozac,paranoia,ragers
tramadol,vicodin,paranoia,stereotyping
tramadol,percocet,paranoia,afrezza
tramadol,promethazine,paranoia,earthy
