zolpidem,xanax,somnolence,ghee
zolpidem,morphine,somnolence,colgate
zolpidem,valium,somnolence,marnier
zolpidem,ambien,somnolence,marnier
zolpidem,prozac,somnolence,grizzly
zolpidem,vicodin,somnolence,retaliates
zolpidem,percocet,somnolence,businessinsider
zolpidem,promethazine,somnolence,retaliates
zolpidem,tramadol,somnolence,hoops_jump
zolpidem,xanax,ataxia,anxie
zolpidem,morphine,ataxia,deserving
zolpidem,valium,ataxia,devils_advocate
zolpidem,ambien,ataxia,full_allies
zolpidem,prozac,ataxia,liddat
zolpidem,vicodin,ataxia,reese
zolpidem,percocet,ataxia,businessinsider
zolpidem,promethazine,ataxia,mwakideu_alexnajalas
zolpidem,tramadol,ataxia,birches
zolpidem,xanax,diplopia,urination
zolpidem,morphine,diplopia,reese
zolpidem,valium,diplopia,banned_substance
zolpidem,ambien,diplopia,rome
zolpidem,prozac,diplopia,masterpiece
zolpidem,vicodin,diplopia,reese
zolpidem,percocet,diplopia,dogging
zolpidem,promethazine,diplopia,thrombolysis
zolpidem,tramadol,diplopia,respect
zolpidem,xanax,dyspepsia,greater_risk
zolpidem,morphine,dyspepsia,officers
zolpidem,valium,dyspepsia,justinjm1_course_unrelated_interest
zolpidem,ambien,dyspepsia,praising
zolpidem,prozac,dyspepsia,exterior
zolpidem,vicodin,dyspepsia,veltassa
zolpidem,percocet,dyspepsia,predictive_text
zolpidem,promethazine,dyspepsia,opioids
zolpidem,tramadol,dyspepsia,compulsive_behavior
zolpidem,xanax,headache,piglet
zolpidem,morphine,headache,gotvcustomerfair_gotvat5
zolpidem,valium,headache,avana
zolpidem,ambien,headache,diet_soda
zolpidem,prozac,headache,diet_soda
zolpidem,vicodin,headache,suara
zolpidem,percocet,headache,bcbs
zolpidem,promethazine,headache,bcbs
zolpidem,tramadol,headache,pandemic
zolpidem,xanax,hiccups,alleviating
zolpidem,morphine,hiccups,readiness_relative
zolpidem,valium,hiccups,alcoholic_beverage
zolpidem,ambien,hiccups,foursome
zolpidem,prozac,hiccups,masterpiece
zolpidem,vicodin,hiccups,blacked
zolpidem,percocet,hiccups,elevated
zolpidem,promethazine,hiccups,alleviating
zolpidem,tramadol,hiccups,tonights
zolpidem,xanax,urinary_tract_infection,recurrent_procrastination
zolpidem,morphine,urinary_tract_infection,pharmacuetical
zolpidem,valium,urinary_tract_infection,alcoholic_beverage
zolpidem,ambien,urinary_tract_infection,foursome
zolpidem,prozac,urinary_tract_infection,noob
zolpidem,vicodin,urinary_tract_infection,blazt
zolpidem,percocet,urinary_tract_infection,cousteau
zolpidem,promethazine,urinary_tract_infection,featuring_juicy_nowplaying_pelhams
zolpidem,tramadol,urinary_tract_infection,suffer_premature_ejaculations_causes
zolpidem,xanax,myalgia,lighthearted
zolpidem,morphine,myalgia,urinated_today_probably_melancholia
zolpidem,valium,myalgia,evilness
zolpidem,ambien,myalgia,wynn
zolpidem,prozac,myalgia,prescribed_label_irritable
zolpidem,vicodin,myalgia,urinated_today_probably_melancholia
zolpidem,percocet,myalgia,provisions
zolpidem,promethazine,myalgia,prescribed_label_irritable
zolpidem,tramadol,myalgia,prescribed_label_irritable
zolpidem,xanax,insomnia,clams
zolpidem,morphine,insomnia,carley
zolpidem,valium,insomnia,women_sprint_finish
zolpidem,ambien,insomnia,defending
zolpidem,prozac,insomnia,clams
zolpidem,vicodin,insomnia,carley
zolpidem,percocet,insomnia,success_fixes_still
zolpidem,promethazine,insomnia,neonatal
zolpidem,tramadol,insomnia,pandemic
zolpidem,xanax,sinusitis,student
zolpidem,morphine,sinusitis,tennvsuf
zolpidem,valium,sinusitis,accurate_description
zolpidem,ambien,sinusitis,remit
zolpidem,prozac,sinusitis,masterpiece
zolpidem,vicodin,sinusitis,degree_burn
zolpidem,percocet,sinusitis,scope_practice
zolpidem,promethazine,sinusitis,student
zolpidem,tramadol,sinusitis,inhumane
zolpidem,xanax,vertigo,requip_mage_erza
zolpidem,morphine,vertigo,rebellion
zolpidem,valium,vertigo,grants_priority_review_roches
zolpidem,ambien,vertigo,pest
zolpidem,prozac,vertigo,pest
zolpidem,vicodin,vertigo,blazt
zolpidem,percocet,vertigo,rebellion
zolpidem,promethazine,vertigo,mwakideu_alexnajalas
zolpidem,tramadol,vertigo,serenely
zolpidem,xanax,influenza,clash_clans
zolpidem,morphine,influenza,remit
zolpidem,valium,influenza,remit
zolpidem,ambien,influenza,remit
zolpidem,prozac,influenza,slang
zolpidem,vicodin,influenza,diflucan
zolpidem,percocet,influenza,columbo
zolpidem,promethazine,influenza,remit
zolpidem,tramadol,influenza,livetitanic
zolpidem,xanax,lethargy,listing
zolpidem,morphine,lethargy,pores
zolpidem,valium,lethargy,jelly
zolpidem,ambien,lethargy,cunningham
zolpidem,prozac,lethargy,saturdays
zolpidem,vicodin,lethargy,paying_bills
zolpidem,percocet,lethargy,luhh
zolpidem,promethazine,lethargy,allay
zolpidem,tramadol,lethargy,enhanze
zolpidem,xanax,pharyngitis,nicoles
zolpidem,morphine,pharyngitis,effed
zolpidem,valium,pharyngitis,soda
zolpidem,ambien,pharyngitis,praising
zolpidem,prozac,pharyngitis,allay
zolpidem,vicodin,pharyngitis,minami
zolpidem,percocet,pharyngitis,dogging
zolpidem,promethazine,pharyngitis,zenzedi
zolpidem,tramadol,pharyngitis,serenely
zolpidem,xanax,disorientation,homefortheholidays
zolpidem,morphine,disorientation,tennvsuf
zolpidem,valium,disorientation,curriculum
zolpidem,ambien,disorientation,remit
zolpidem,prozac,disorientation,yoosung
zolpidem,vicodin,disorientation,pofv_gamersunite
zolpidem,percocet,disorientation,autism_causes_denial
zolpidem,promethazine,disorientation,robertcaliff
zolpidem,tramadol,disorientation,meetings
zolpidem,xanax,nightmare,nutcracker
zolpidem,morphine,nightmare,readiness_relative
zolpidem,valium,nightmare,icloud
zolpidem,ambien,nightmare,cello
zolpidem,prozac,nightmare,rests
zolpidem,vicodin,nightmare,jcole
zolpidem,percocet,nightmare,klau
zolpidem,promethazine,nightmare,mwakideu_alexnajalas
zolpidem,tramadol,nightmare,wipe_drool
zolpidem,xanax,anterograde_amnesia,loose_leaf
zolpidem,morphine,anterograde_amnesia,chads2
zolpidem,valium,anterograde_amnesia,youtuber
zolpidem,ambien,anterograde_amnesia,respect_hosted_deliquium
zolpidem,prozac,anterograde_amnesia,brett_favre
zolpidem,vicodin,anterograde_amnesia,brett_favre
zolpidem,percocet,anterograde_amnesia,prejudiced
zolpidem,promethazine,anterograde_amnesia,prescribed_label_irritable
zolpidem,tramadol,anterograde_amnesia,physique
zolpidem,xanax,abdominal_pain,michigan
zolpidem,morphine,abdominal_pain,green_smoothie
zolpidem,valium,abdominal_pain,redevelopment
zolpidem,ambien,abdominal_pain,underwood
zolpidem,prozac,abdominal_pain,masterpiece
zolpidem,vicodin,abdominal_pain,reese
zolpidem,percocet,abdominal_pain,perf
zolpidem,promethazine,abdominal_pain,tailgating
zolpidem,tramadol,abdominal_pain,braindrain
zolpidem,xanax,depression,turn_volume_turn_volume
zolpidem,morphine,depression,hawthorne
zolpidem,valium,depression,anit
zolpidem,ambien,depression,hour
zolpidem,prozac,depression,untouched
zolpidem,vicodin,depression,grrl
zolpidem,percocet,depression,reservation
zolpidem,promethazine,depression,bila_suruh
zolpidem,tramadol,depression,hour
zolpidem,xanax,drowsiness,listing
zolpidem,morphine,drowsiness,readiness_relative
zolpidem,valium,drowsiness,reasonable_sexy_teenagers_whoever
zolpidem,ambien,drowsiness,razer
zolpidem,prozac,drowsiness,brent
zolpidem,vicodin,drowsiness,cover
zolpidem,percocet,drowsiness,businessinsider
zolpidem,promethazine,drowsiness,barb
zolpidem,tramadol,drowsiness,darrin
zolpidem,xanax,rash,strength_flip_pancake
zolpidem,morphine,rash,labeling
zolpidem,valium,rash,marnier
zolpidem,ambien,rash,moscato
zolpidem,prozac,rash,lumberjack
zolpidem,vicodin,rash,strength_flip_pancake
zolpidem,percocet,rash,strength_flip_pancake
zolpidem,promethazine,rash,prescribed_label_irritable
zolpidem,tramadol,rash,moscato
zolpidem,xanax,palpitations,olden
zolpidem,morphine,palpitations,placid
zolpidem,valium,palpitations,durella_download_banging_durella
zolpidem,ambien,palpitations,respect_hosted_deliquium
zolpidem,prozac,palpitations,masterpiece
zolpidem,vicodin,palpitations,closers
zolpidem,percocet,palpitations,luhh
zolpidem,promethazine,palpitations,championships
zolpidem,tramadol,palpitations,hgtv
zolpidem,xanax,lightheadedness,homefortheholidays
zolpidem,morphine,lightheadedness,harmful
zolpidem,valium,lightheadedness,tally
zolpidem,ambien,lightheadedness,tips
zolpidem,prozac,lightheadedness,lifestyle_intervention
zolpidem,vicodin,lightheadedness,habit_stealing_suffer_ptsd
zolpidem,percocet,lightheadedness,luhh
zolpidem,promethazine,lightheadedness,corporate_shill
zolpidem,tramadol,lightheadedness,corporate_shill
zolpidem,xanax,vision_blurred,aspiring
zolpidem,morphine,vision_blurred,kickd
zolpidem,valium,vision_blurred,durella_download_banging_durella
zolpidem,ambien,vision_blurred,kickd
zolpidem,prozac,vision_blurred,kickd
zolpidem,vicodin,vision_blurred,carley
zolpidem,percocet,vision_blurred,kickd
zolpidem,promethazine,vision_blurred,panjang
zolpidem,tramadol,vision_blurred,kickd
zolpidem,xanax,contusion,topictal
zolpidem,morphine,contusion,readiness_relative
zolpidem,valium,contusion,social_democracies_medical
zolpidem,ambien,contusion,smoove
zolpidem,prozac,contusion,masterpiece
zolpidem,vicodin,contusion,blotter
zolpidem,percocet,contusion,luhh
zolpidem,promethazine,contusion,35lbs
zolpidem,tramadol,contusion,worlds
zolpidem,xanax,diarrhoea,homefortheholidays
zolpidem,morphine,diarrhoea,arjun
zolpidem,valium,diarrhoea,monitored_folic_acid
zolpidem,ambien,diarrhoea,foursome
zolpidem,prozac,diarrhoea,arjun
zolpidem,vicodin,diarrhoea,altering
zolpidem,percocet,diarrhoea,reminder
zolpidem,promethazine,diarrhoea,arjun
zolpidem,tramadol,diarrhoea,chips_salsa
zolpidem,xanax,dizziness,listing
zolpidem,morphine,dizziness,presidentelecttrump
zolpidem,valium,dizziness,ivermectin
zolpidem,ambien,dizziness,vikki
zolpidem,prozac,dizziness,paying_bills
zolpidem,vicodin,dizziness,paying_bills
zolpidem,percocet,dizziness,thinkpieces
zolpidem,promethazine,dizziness,thinkpieces
zolpidem,tramadol,dizziness,respect
zolpidem,xanax,menorrhagia,homefortheholidays
zolpidem,morphine,menorrhagia,labeling
zolpidem,valium,menorrhagia,skali
zolpidem,ambien,menorrhagia,wynn
zolpidem,prozac,menorrhagia,skali
zolpidem,vicodin,menorrhagia,skali
zolpidem,percocet,menorrhagia,luhh
zolpidem,promethazine,menorrhagia,primordial_brewery_north_slope
zolpidem,tramadol,menorrhagia,heretic
zolpidem,xanax,neck_injury,reevaluated
zolpidem,morphine,neck_injury,readiness_relative
zolpidem,valium,neck_injury,marnier
zolpidem,ambien,neck_injury,reevaluated
zolpidem,prozac,neck_injury,masterpiece
zolpidem,vicodin,neck_injury,reese
zolpidem,percocet,neck_injury,luhh
zolpidem,promethazine,neck_injury,reevaluated
zolpidem,tramadol,neck_injury,lovelovelove
zolpidem,xanax,burning_sensation,dementia_study_finds
zolpidem,morphine,burning_sensation,postherpetic_neuralgia
zolpidem,valium,burning_sensation,intralipid
zolpidem,ambien,burning_sensation,remit
zolpidem,prozac,burning_sensation,west_africa
zolpidem,vicodin,burning_sensation,diflucan
zolpidem,percocet,burning_sensation,childrens_motrin
zolpidem,promethazine,burning_sensation,remit
zolpidem,tramadol,burning_sensation,bencarsonwikipedia
zolpidem,xanax,disinhibition,blurry_vision_probably_autophilia
zolpidem,morphine,disinhibition,blurry_vision_probably_autophilia
zolpidem,valium,disinhibition,justinjm1_course_unrelated_interest
zolpidem,ambien,disinhibition,defending
zolpidem,prozac,disinhibition,epidemic
zolpidem,vicodin,disinhibition,habit_stealing_suffer_ptsd
zolpidem,percocet,disinhibition,hurts_cymbalta
zolpidem,promethazine,disinhibition,prescribed_label_irritable
zolpidem,tramadol,disinhibition,fisher
zolpidem,xanax,binge_eating,causes_kidney_damage
zolpidem,morphine,binge_eating,readiness_relative
zolpidem,valium,binge_eating,women_sprint_finish
zolpidem,ambien,binge_eating,underwood
zolpidem,prozac,binge_eating,masterpiece
zolpidem,vicodin,binge_eating,reese
zolpidem,percocet,binge_eating,herniated
zolpidem,promethazine,binge_eating,tegretol_carbamazepine
zolpidem,tramadol,binge_eating,faintness
zolpidem,xanax,nausea,internship
zolpidem,morphine,nausea,severe_thunderstorm
zolpidem,valium,nausea,canadian_border
zolpidem,ambien,nausea,settings
zolpidem,prozac,nausea,masterpiece
zolpidem,vicodin,nausea,altering
zolpidem,percocet,nausea,sykes
zolpidem,promethazine,nausea,shanty
zolpidem,tramadol,nausea,airsoft
zolpidem,xanax,anorexia,antibodies
zolpidem,morphine,anorexia,marcaine
zolpidem,valium,anorexia,antibodies
zolpidem,ambien,anorexia,full_allies
zolpidem,prozac,anorexia,masterpiece
zolpidem,vicodin,anorexia,reese
zolpidem,percocet,anorexia,luhh
zolpidem,promethazine,anorexia,masterpiece
zolpidem,tramadol,anorexia,awesome
zolpidem,xanax,anxiety,study_evaluate_switching
zolpidem,morphine,anxiety,microwaves
zolpidem,valium,anxiety,semblance
zolpidem,ambien,anxiety,rome
zolpidem,prozac,anxiety,bassnectar
zolpidem,vicodin,anxiety,roxy_kush_blackberry
zolpidem,percocet,anxiety,puchong
zolpidem,promethazine,anxiety,moree
zolpidem,tramadol,anxiety,lovelovelove
zolpidem,xanax,arthritis,mentne
zolpidem,morphine,arthritis,waterfront
zolpidem,valium,arthritis,grants_priority_review_roches
zolpidem,ambien,arthritis,shari
zolpidem,prozac,arthritis,pepper_spray
zolpidem,vicodin,arthritis,diflucan
zolpidem,percocet,arthritis,bongrips
zolpidem,promethazine,arthritis,bongrips
zolpidem,tramadol,arthritis,bongrips
zolpidem,xanax,bronchitis,parachute
zolpidem,morphine,bronchitis,fees
zolpidem,valium,bronchitis,dislocated_knee
zolpidem,ambien,bronchitis,400mg_quetiapine
zolpidem,prozac,bronchitis,masterpiece
zolpidem,vicodin,bronchitis,reese
zolpidem,percocet,bronchitis,recoverymode
zolpidem,promethazine,bronchitis,masterpiece
zolpidem,tramadol,bronchitis,inhumane
zolpidem,xanax,infection,thankss
zolpidem,morphine,infection,flibanserin_female_viagra
zolpidem,valium,infection,applications
zolpidem,ambien,infection,postherpetic_neuralgia
zolpidem,prozac,infection,masterpiece
zolpidem,vicodin,infection,reese
zolpidem,percocet,infection,herniated
zolpidem,promethazine,infection,masterpiece
zolpidem,tramadol,infection,updateafairytale
zolpidem,xanax,constipation,recurrent_procrastination
zolpidem,morphine,constipation,renal
zolpidem,valium,constipation,tally
zolpidem,ambien,constipation,violet
zolpidem,prozac,constipation,masterpiece
zolpidem,vicodin,constipation,cover
zolpidem,percocet,constipation,luhh
zolpidem,promethazine,constipation,masterpiece
zolpidem,tramadol,constipation,partial_seizures
zolpidem,xanax,cough,simpin
zolpidem,morphine,cough,sing_sheeran_nowplaying_pelhams
zolpidem,valium,cough,atlanta_georgia
zolpidem,ambien,cough,greeaat
zolpidem,prozac,cough,spaniel
zolpidem,vicodin,cough,carley
zolpidem,percocet,cough,luhh
zolpidem,promethazine,cough,newscaster
zolpidem,tramadol,cough,pandemic
zolpidem,xanax,cystitis,craigs
zolpidem,morphine,cystitis,simplicity
zolpidem,valium,cystitis,ivermectin
zolpidem,ambien,cystitis,rome
zolpidem,prozac,cystitis,scomillio
zolpidem,vicodin,cystitis,reese
zolpidem,percocet,cystitis,honey_shrunk
zolpidem,promethazine,cystitis,mwakideu_alexnajalas
zolpidem,tramadol,cystitis,remembered
zolpidem,xanax,dysphagia,plchat
zolpidem,morphine,dysphagia,colgate
zolpidem,valium,dysphagia,colgate
zolpidem,ambien,dysphagia,remit
zolpidem,prozac,dysphagia,masterpiece
zolpidem,vicodin,dysphagia,pofv_gamersunite
zolpidem,percocet,dysphagia,smith9
zolpidem,promethazine,dysphagia,remit
zolpidem,tramadol,dysphagia,weebs
zolpidem,xanax,dysarthria,whoaa
zolpidem,morphine,dysarthria,shitter
zolpidem,valium,dysarthria,women_sprint_finish
zolpidem,ambien,dysarthria,wynn
zolpidem,prozac,dysarthria,masterpiece
zolpidem,vicodin,dysarthria,preis
zolpidem,percocet,dysarthria,success_fixes_still
zolpidem,promethazine,dysarthria,shitter
zolpidem,tramadol,dysarthria,noob
zolpidem,xanax,oedema,homefortheholidays
zolpidem,morphine,oedema,reese
zolpidem,valium,oedema,crossing
zolpidem,ambien,oedema,untreatable
zolpidem,prozac,oedema,araa
zolpidem,vicodin,oedema,strength_flip_pancake
zolpidem,percocet,oedema,strength_flip_pancake
zolpidem,promethazine,oedema,lovee
zolpidem,tramadol,oedema,juin_2014
zolpidem,xanax,fatigue,chisel
zolpidem,morphine,fatigue,locating
zolpidem,valium,fatigue,propellant
zolpidem,ambien,fatigue,wynn
zolpidem,prozac,fatigue,gymnastics
zolpidem,vicodin,fatigue,xprs
zolpidem,percocet,fatigue,gown
zolpidem,promethazine,fatigue,mwakideu_alexnajalas
zolpidem,tramadol,fatigue,housemate
zolpidem,xanax,flatulence,cause_sarcoidosis_known
zolpidem,morphine,flatulence,corona
zolpidem,valium,flatulence,colgate
zolpidem,ambien,flatulence,cause_sarcoidosis_known
zolpidem,prozac,flatulence,rationally
zolpidem,vicodin,flatulence,jcole
zolpidem,percocet,flatulence,scooping
zolpidem,promethazine,flatulence,lovee
zolpidem,tramadol,flatulence,cencer
zolpidem,xanax,gastroenteritis,glenfiddich
zolpidem,morphine,gastroenteritis,colgate
zolpidem,valium,gastroenteritis,colgate
zolpidem,ambien,gastroenteritis,dislocated_knee
zolpidem,prozac,gastroenteritis,awarded
zolpidem,vicodin,gastroenteritis,paying_bills
zolpidem,percocet,gastroenteritis,double_chin
zolpidem,promethazine,gastroenteritis,postvotingstressrelief
zolpidem,tramadol,gastroenteritis,pandemic
zolpidem,xanax,hallucination,baseless
zolpidem,morphine,hallucination,microwaves
zolpidem,valium,hallucination,propellant
zolpidem,ambien,hallucination,remit
zolpidem,prozac,hallucination,tante
zolpidem,vicodin,hallucination,canterbury
zolpidem,percocet,hallucination,jjang
zolpidem,promethazine,hallucination,joking_aside
zolpidem,tramadol,hallucination,livetitanic
zolpidem,xanax,hypertension,listing
zolpidem,morphine,hypertension,iritis
zolpidem,valium,hypertension,fats
zolpidem,ambien,hypertension,twerk_make
zolpidem,prozac,hypertension,manchester_united
zolpidem,vicodin,hypertension,blacked
zolpidem,percocet,hypertension,curls_ball
zolpidem,promethazine,hypertension,everr
zolpidem,tramadol,hypertension,pandemic
zolpidem,xanax,orthostatic_hypotension,a33playdance_valium
zolpidem,morphine,orthostatic_hypotension,colgate
zolpidem,valium,orthostatic_hypotension,colgate
zolpidem,ambien,orthostatic_hypotension,jusr
zolpidem,prozac,orthostatic_hypotension,masterpiece
zolpidem,vicodin,orthostatic_hypotension,reese
zolpidem,percocet,orthostatic_hypotension,luhh
zolpidem,promethazine,orthostatic_hypotension,masterpiece
zolpidem,tramadol,orthostatic_hypotension,pandemic
zolpidem,xanax,illusion,homefortheholidays
zolpidem,morphine,illusion,locating
zolpidem,valium,illusion,hankrearden
zolpidem,ambien,illusion,demi
zolpidem,prozac,illusion,ppis
zolpidem,vicodin,illusion,accomplishments
zolpidem,percocet,illusion,leith
zolpidem,promethazine,illusion,accomplishments
zolpidem,tramadol,illusion,redistribution
zolpidem,xanax,nervousness,dementia_study_finds
zolpidem,morphine,nervousness,induce
zolpidem,valium,nervousness,pawning
zolpidem,ambien,nervousness,mando
zolpidem,prozac,nervousness,washing_dishes
zolpidem,vicodin,nervousness,ultrasounds
zolpidem,percocet,nervousness,mando
zolpidem,promethazine,nervousness,camacho
zolpidem,tramadol,nervousness,mais
zolpidem,xanax,pruritus,whoaa
zolpidem,morphine,pruritus,felon
zolpidem,valium,pruritus,colgate
zolpidem,ambien,pruritus,notably
zolpidem,prozac,pruritus,masterpiece
zolpidem,vicodin,pruritus,reese
zolpidem,percocet,pruritus,luhh
zolpidem,promethazine,pruritus,ammonia_bcpsexam_pharmacy
zolpidem,tramadol,pruritus,wipe_drool
zolpidem,xanax,rhinitis,vitamin_levels_drop_among
zolpidem,morphine,rhinitis,reese
zolpidem,valium,rhinitis,epamin_ruedalavoz_disponible_epamin
zolpidem,ambien,rhinitis,allow
zolpidem,prozac,rhinitis,masterpiece
zolpidem,vicodin,rhinitis,reese
zolpidem,percocet,rhinitis,vitamin_levels_drop_among
zolpidem,promethazine,rhinitis,lovee
zolpidem,tramadol,rhinitis,stay
zolpidem,xanax,syncope,acts
zolpidem,morphine,syncope,readiness_relative
zolpidem,valium,syncope,serotonin_dopamine
zolpidem,ambien,syncope,remit
zolpidem,prozac,syncope,scarves
zolpidem,vicodin,syncope,pofv_gamersunite
zolpidem,percocet,syncope,requisite
zolpidem,promethazine,syncope,ustekinumab
zolpidem,tramadol,syncope,serenely
zolpidem,xanax,tachycardia,yeson2
zolpidem,morphine,tachycardia,life_zara_larsson
zolpidem,valium,tachycardia,really2
zolpidem,ambien,tachycardia,diarrhea_diarrhea
zolpidem,prozac,tachycardia,really2
zolpidem,vicodin,tachycardia,xprs
zolpidem,percocet,tachycardia,luhh
zolpidem,promethazine,tachycardia,unplanned
zolpidem,tramadol,tachycardia,sockets
zolpidem,xanax,thirst,greater_risk
zolpidem,morphine,thirst,readiness_relative
zolpidem,valium,thirst,tally
zolpidem,ambien,thirst,giveth
zolpidem,prozac,thirst,panic_attack
zolpidem,vicodin,thirst,ftwd
zolpidem,percocet,thirst,1492
zolpidem,promethazine,thirst,ohara
zolpidem,tramadol,thirst,heretic
zolpidem,xanax,tinnitus,whoaa
zolpidem,morphine,tinnitus,moree
zolpidem,valium,tinnitus,federal_circuit
zolpidem,ambien,tinnitus,remembered
zolpidem,prozac,tinnitus,masterpiece
zolpidem,vicodin,tinnitus,remembered
zolpidem,percocet,tinnitus,remembered
zolpidem,promethazine,tinnitus,mwakideu_alexnajalas
zolpidem,tramadol,tinnitus,remembered
zolpidem,xanax,tremor,investing
zolpidem,morphine,tremor,participation_trophies
zolpidem,valium,tremor,getin
zolpidem,ambien,tremor,00am_2816_hamner_norco
zolpidem,prozac,tremor,incessant
zolpidem,vicodin,tremor,investing
zolpidem,percocet,tremor,lavigne
zolpidem,promethazine,tremor,flipping
zolpidem,tramadol,tremor,durarara
zolpidem,xanax,vomiting,livs
zolpidem,morphine,vomiting,wearerugby
zolpidem,valium,vomiting,yaks
zolpidem,ambien,vomiting,demi
zolpidem,prozac,vomiting,fade_sade_lyrica_anderson
zolpidem,vicodin,vomiting,blacked
zolpidem,percocet,vomiting,luhh
zolpidem,promethazine,vomiting,ohara
zolpidem,tramadol,vomiting,estate_agents
zolpidem,xanax,trauma,expired_2012
zolpidem,morphine,trauma,readiness_relative
zolpidem,valium,trauma,balik_kampung
zolpidem,ambien,trauma,guilt_tripping
zolpidem,prozac,trauma,ecgs
zolpidem,vicodin,trauma,demonstration
zolpidem,percocet,trauma,opiate_addicts
zolpidem,promethazine,trauma,reminiscent
zolpidem,tramadol,trauma,serenely
zolpidem,xanax,stupor,topictal
zolpidem,morphine,stupor,sneakily
zolpidem,valium,stupor,lamp
zolpidem,ambien,stupor,1943
zolpidem,prozac,stupor,lamp
zolpidem,vicodin,stupor,blotter
zolpidem,percocet,stupor,businessinsider
zolpidem,promethazine,stupor,murray_state
zolpidem,tramadol,stupor,stay
zolpidem,xanax,agitation,kesayangan
zolpidem,morphine,agitation,harmful
zolpidem,valium,agitation,classrooms
zolpidem,ambien,agitation,stones
zolpidem,prozac,agitation,kesayangan
zolpidem,vicodin,agitation,closers
zolpidem,percocet,agitation,stones
zolpidem,promethazine,agitation,camacho
zolpidem,tramadol,agitation,stones
zolpidem,xanax,mood_swings,accused
zolpidem,morphine,mood_swings,simplicity
zolpidem,valium,mood_swings,incarceration
zolpidem,ambien,mood_swings,freestyle
zolpidem,prozac,mood_swings,private_clinics
zolpidem,vicodin,mood_swings,altering
zolpidem,percocet,mood_swings,hatebeingsick
zolpidem,promethazine,mood_swings,barb
zolpidem,tramadol,mood_swings,estate_agents
zolpidem,xanax,migraine,strength_flip_pancake
zolpidem,morphine,migraine,severe_thunderstorm
zolpidem,valium,migraine,tryina
zolpidem,ambien,migraine,oblivion
zolpidem,prozac,migraine,tryina
zolpidem,vicodin,migraine,strength_flip_pancake
zolpidem,percocet,migraine,luhh
zolpidem,promethazine,migraine,cowboy_boots
zolpidem,tramadol,migraine,partial_seizures
zolpidem,xanax,malaise,baseless
zolpidem,morphine,malaise,harmful
zolpidem,valium,malaise,sumi
zolpidem,ambien,malaise,fester
zolpidem,prozac,malaise,life_mario_carts
zolpidem,vicodin,malaise,altering
zolpidem,percocet,malaise,hurts_cymbalta
zolpidem,promethazine,malaise,cowboy_boots
zolpidem,tramadol,malaise,life_mario_carts
zolpidem,xanax,amnesia,rojas
zolpidem,morphine,amnesia,truvada_truvadawhore_prep
zolpidem,valium,amnesia,canadian_border
zolpidem,ambien,amnesia,remit
zolpidem,prozac,amnesia,rationally
zolpidem,vicodin,amnesia,rav4
zolpidem,percocet,amnesia,luhh
zolpidem,promethazine,amnesia,allay
zolpidem,tramadol,amnesia,toxic_liver
zolpidem,xanax,irritability,itchy_tongue_probably_anorexia
zolpidem,morphine,irritability,postherpetic_neuralgia
zolpidem,valium,irritability,ivermectin
zolpidem,ambien,irritability,sunglasses
zolpidem,prozac,irritability,emanated
zolpidem,vicodin,irritability,emdr
zolpidem,percocet,irritability,remeber
zolpidem,promethazine,irritability,humblebrag
zolpidem,tramadol,irritability,mule_needs
zolpidem,xanax,abscess,persuading
zolpidem,morphine,abscess,emergenc
zolpidem,valium,abscess,salvage
zolpidem,ambien,abscess,cello
zolpidem,prozac,abscess,surrounding
zolpidem,vicodin,abscess,reese
zolpidem,percocet,abscess,luhh
zolpidem,promethazine,abscess,joking_aside
zolpidem,tramadol,abscess,heretic
zolpidem,xanax,aggression,bistro
zolpidem,morphine,aggression,used_fire_extinguishing
zolpidem,valium,aggression,grants_priority_review_roches
zolpidem,ambien,aggression,effect_heart_dihydropyridine
zolpidem,prozac,aggression,bistro
zolpidem,vicodin,aggression,reese
zolpidem,percocet,aggression,learnt
zolpidem,promethazine,aggression,bistro
zolpidem,tramadol,aggression,ease
zolpidem,xanax,anaphylactic_shock,greater_risk
zolpidem,morphine,anaphylactic_shock,kyrgyzstan
zolpidem,valium,anaphylactic_shock,jelly
zolpidem,ambien,anaphylactic_shock,remit
zolpidem,prozac,anaphylactic_shock,tryina
zolpidem,vicodin,anaphylactic_shock,strength_flip_pancake
zolpidem,percocet,anaphylactic_shock,inui
zolpidem,promethazine,anaphylactic_shock,cowboy_boots
zolpidem,tramadol,anaphylactic_shock,livetitanic
zolpidem,xanax,anaemia,demdebate_debatewithbernie
zolpidem,morphine,anaemia,iritis
zolpidem,valium,anaemia,epamin_ruedalavoz_disponible_epamin
zolpidem,ambien,anaemia,smoove
zolpidem,prozac,anaemia,carnexiv_carbamazepine
zolpidem,vicodin,anaemia,wankered
zolpidem,percocet,anaemia,zarxio_market
zolpidem,promethazine,anaemia,newscaster
zolpidem,tramadol,anaemia,anak_kawan
zolpidem,xanax,anger,listing
zolpidem,morphine,anger,reopen
zolpidem,valium,anger,burrow
zolpidem,ambien,anger,textin
zolpidem,prozac,anger,scomillio
zolpidem,vicodin,anger,litte
zolpidem,percocet,anger,hurts_cymbalta
zolpidem,promethazine,anger,allnighter
zolpidem,tramadol,anger,missing
zolpidem,xanax,angioedema,alleviating
zolpidem,morphine,angioedema,reopen
zolpidem,valium,angioedema,soda
zolpidem,ambien,angioedema,remit
zolpidem,prozac,angioedema,challs
zolpidem,vicodin,angioedema,doubleheader
zolpidem,percocet,angioedema,hurts_cymbalta
zolpidem,promethazine,angioedema,lovee
zolpidem,tramadol,angioedema,originally_dublin_live_edinburgh
zolpidem,xanax,arrhythmia,olden
zolpidem,morphine,arrhythmia,placid
zolpidem,valium,arrhythmia,women_sprint_finish
zolpidem,ambien,arrhythmia,unlimited_amounts
zolpidem,prozac,arrhythmia,abilify_headphones_fixable
zolpidem,vicodin,arrhythmia,blacked
zolpidem,percocet,arrhythmia,gokus
zolpidem,promethazine,arrhythmia,ammonia_bcpsexam_pharmacy
zolpidem,tramadol,arrhythmia,heretic
zolpidem,xanax,arteritis,kesayangan
zolpidem,morphine,arteritis,typically
zolpidem,valium,arteritis,colgate
zolpidem,ambien,arteritis,sunglasses
zolpidem,prozac,arteritis,fade_sade_lyrica_anderson
zolpidem,vicodin,arteritis,reese
zolpidem,percocet,arteritis,lappy
zolpidem,promethazine,arteritis,recurrent_procrastination_probably_skitzo
zolpidem,tramadol,arteritis,estate_agents
zolpidem,xanax,bronchospasm,incidentally
zolpidem,morphine,bronchospasm,aladdin
zolpidem,valium,bronchospasm,officially_worn
zolpidem,ambien,bronchospasm,400mg_quetiapine
zolpidem,prozac,bronchospasm,rationally
zolpidem,vicodin,bronchospasm,reese
zolpidem,percocet,bronchospasm,luhh
zolpidem,promethazine,bronchospasm,lovee
zolpidem,tramadol,bronchospasm,hoops_jump
zolpidem,xanax,conjunctivitis,roxies
zolpidem,morphine,conjunctivitis,iritis
zolpidem,valium,conjunctivitis,evilness
zolpidem,ambien,conjunctivitis,dislocated_knee
zolpidem,prozac,conjunctivitis,smiley
zolpidem,vicodin,conjunctivitis,altering
zolpidem,percocet,conjunctivitis,pico_rivera
zolpidem,promethazine,conjunctivitis,zenzedi
zolpidem,tramadol,conjunctivitis,vpdebate_kaine
zolpidem,xanax,delusion,homefortheholidays
zolpidem,morphine,delusion,uptown
zolpidem,valium,delusion,getin
zolpidem,ambien,delusion,freestyle
zolpidem,prozac,delusion,scomillio
zolpidem,vicodin,delusion,carley
zolpidem,percocet,delusion,talon
zolpidem,promethazine,delusion,radicals
zolpidem,tramadol,delusion,pandemic
zolpidem,xanax,depersonalisation,vibryd
zolpidem,morphine,depersonalisation,trendsinindia
zolpidem,valium,depersonalisation,futures_percocet_stripper
zolpidem,ambien,depersonalisation,futures_percocet_stripper
zolpidem,prozac,depersonalisation,washing_dishes
zolpidem,vicodin,depersonalisation,strength_flip_pancake
zolpidem,percocet,depersonalisation,opposite_effect
zolpidem,promethazine,depersonalisation,lovee
zolpidem,tramadol,depersonalisation,livetitanic
zolpidem,xanax,dermatitis,whyy
zolpidem,morphine,dermatitis,readiness_relative
zolpidem,valium,dermatitis,barfy
zolpidem,ambien,dermatitis,remit
zolpidem,prozac,dermatitis,awarded
zolpidem,vicodin,dermatitis,pumpkin_patch
zolpidem,percocet,dermatitis,zarxio_market
zolpidem,promethazine,dermatitis,retainers
zolpidem,tramadol,dermatitis,lovelovelove
zolpidem,xanax,enteritis,smoove
zolpidem,morphine,enteritis,shitter
zolpidem,valium,enteritis,shitter
zolpidem,ambien,enteritis,smoove
zolpidem,prozac,enteritis,stasis
zolpidem,vicodin,enteritis,cyclizine
zolpidem,percocet,enteritis,luhh
zolpidem,promethazine,enteritis,shitter
zolpidem,tramadol,enteritis,shitter
zolpidem,xanax,epistaxis,whoaa
zolpidem,morphine,epistaxis,used_fire_extinguishing
zolpidem,valium,epistaxis,barfy
zolpidem,ambien,epistaxis,remit
zolpidem,prozac,epistaxis,life_mario_carts
zolpidem,vicodin,epistaxis,rogan
zolpidem,percocet,epistaxis,zarxio_market
zolpidem,promethazine,epistaxis,jacuzzi
zolpidem,tramadol,epistaxis,prejudiced
zolpidem,xanax,flushing,dogs_barking
zolpidem,morphine,flushing,renal
zolpidem,valium,flushing,drawbacks
zolpidem,ambien,flushing,philippians
zolpidem,prozac,flushing,surrounding
zolpidem,vicodin,flushing,reese
zolpidem,percocet,flushing,learnt
zolpidem,promethazine,flushing,allay
zolpidem,tramadol,flushing,flopping
zolpidem,xanax,gastritis,salt_bath
zolpidem,morphine,gastritis,turkey89
zolpidem,valium,gastritis,darvocet
zolpidem,ambien,gastritis,underwood
zolpidem,prozac,gastritis,masterpiece
zolpidem,vicodin,gastritis,spanish_teacher
zolpidem,percocet,gastritis,salt_bath
zolpidem,promethazine,gastritis,whodey
zolpidem,tramadol,gastritis,partial_seizures
zolpidem,xanax,glaucoma,thankss
zolpidem,morphine,glaucoma,wanna
zolpidem,valium,glaucoma,grants_priority_review_roches
zolpidem,ambien,glaucoma,remit
zolpidem,prozac,glaucoma,epidemic
zolpidem,vicodin,glaucoma,citalapram
zolpidem,percocet,glaucoma,slacken
zolpidem,promethazine,glaucoma,selections
zolpidem,tramadol,glaucoma,meteor
zolpidem,xanax,gout,autism_causes_denial
zolpidem,morphine,gout,carley
zolpidem,valium,gout,hormone_used_recreationally
zolpidem,ambien,gout,hormone_used_recreationally
zolpidem,prozac,gout,yoosung
zolpidem,vicodin,gout,carley
zolpidem,percocet,gout,autism_causes_denial
zolpidem,promethazine,gout,zika
zolpidem,tramadol,gout,serenely
zolpidem,xanax,hypercholesterolaemia,tarot
zolpidem,morphine,hypercholesterolaemia,lustral_mandated
zolpidem,valium,hypercholesterolaemia,selections
zolpidem,ambien,hypercholesterolaemia,microeconomics
zolpidem,prozac,hypercholesterolaemia,selections
zolpidem,vicodin,hypercholesterolaemia,reese
zolpidem,percocet,hypercholesterolaemia,badcombo
zolpidem,promethazine,hypercholesterolaemia,selections
zolpidem,tramadol,hypercholesterolaemia,cuhz
zolpidem,xanax,hyperlipidaemia,whoaa
zolpidem,morphine,hyperlipidaemia,colgate
zolpidem,valium,hyperlipidaemia,colgate
zolpidem,ambien,hyperlipidaemia,wynn
zolpidem,prozac,hyperlipidaemia,rouse
zolpidem,vicodin,hyperlipidaemia,justinjm1_course_unrelated_interest
zolpidem,percocet,hyperlipidaemia,enhanze
zolpidem,promethazine,hyperlipidaemia,food_wars_shokugeki
zolpidem,tramadol,hyperlipidaemia,pandemic
zolpidem,xanax,hypersensitivity,deeney
zolpidem,morphine,hypersensitivity,mississauga
zolpidem,valium,hypersensitivity,gunplay
zolpidem,ambien,hypersensitivity,deeney
zolpidem,prozac,hypersensitivity,degli
zolpidem,vicodin,hypersensitivity,carley
zolpidem,percocet,hypersensitivity,fortunes
zolpidem,promethazine,hypersensitivity,citizenship
zolpidem,tramadol,hypersensitivity,imold
zolpidem,xanax,hypotension,malacca
zolpidem,morphine,hypotension,sing_sheeran_nowplaying_pelhams
zolpidem,valium,hypotension,canadian_border
zolpidem,ambien,hypotension,wynn
zolpidem,prozac,hypotension,reese
zolpidem,vicodin,hypotension,reese
zolpidem,percocet,hypotension,jiwa
zolpidem,promethazine,hypotension,canadian_border
zolpidem,tramadol,hypotension,wipe_drool
zolpidem,xanax,hysteria,baked_potatoes
zolpidem,morphine,hysteria,microwaves
zolpidem,valium,hysteria,tracee_feat_durella
zolpidem,ambien,hysteria,tiarra
zolpidem,prozac,hysteria,horus
zolpidem,vicodin,hysteria,reese
zolpidem,percocet,hysteria,zarxio_market
zolpidem,promethazine,hysteria,balazs
zolpidem,tramadol,hysteria,pandemic
zolpidem,xanax,laryngitis,loosin
zolpidem,morphine,laryngitis,fasting
zolpidem,valium,laryngitis,exclusivity_gleevec
zolpidem,ambien,laryngitis,sentence
zolpidem,prozac,laryngitis,masterpiece
zolpidem,vicodin,laryngitis,blacked
zolpidem,percocet,laryngitis,pinworms
zolpidem,promethazine,laryngitis,unfinished_swan
zolpidem,tramadol,laryngitis,awesome
zolpidem,xanax,leukopenia,treats_schizophrenia
zolpidem,morphine,leukopenia,trendsinindia
zolpidem,valium,leukopenia,grants_priority_review_roches
zolpidem,ambien,leukopenia,drudge_report
zolpidem,prozac,leukopenia,histories
zolpidem,vicodin,leukopenia,carley
zolpidem,percocet,leukopenia,lessonslearned
zolpidem,promethazine,leukopenia,histories
zolpidem,tramadol,leukopenia,staying_hydrated
zolpidem,xanax,myocardial_infarction,kahkahkah
zolpidem,morphine,myocardial_infarction,microwaves
zolpidem,valium,myocardial_infarction,darvocet
zolpidem,ambien,myocardial_infarction,remit
zolpidem,prozac,myocardial_infarction,glands_lining_stomach
zolpidem,vicodin,myocardial_infarction,yung_leann_club
zolpidem,percocet,myocardial_infarction,dubnation
zolpidem,promethazine,myocardial_infarction,remit
zolpidem,tramadol,myocardial_infarction,contains_diphenhydramine_highly_anticholinergic
zolpidem,xanax,neuralgia,pokeball
zolpidem,morphine,neuralgia,colgate
zolpidem,valium,neuralgia,propellant
zolpidem,ambien,neuralgia,remit
zolpidem,prozac,neuralgia,rele
zolpidem,vicodin,neuralgia,degree_burn
zolpidem,percocet,neuralgia,doxycycline_azithromycin
zolpidem,promethazine,neuralgia,prescribed_label_irritable
zolpidem,tramadol,neuralgia,puke_bucket
zolpidem,xanax,neuritis,homefortheholidays
zolpidem,morphine,neuritis,eardrums
zolpidem,valium,neuritis,populations
zolpidem,ambien,neuritis,wynn
zolpidem,prozac,neuritis,masterpiece
zolpidem,vicodin,neuritis,inauguration
zolpidem,percocet,neuritis,luhh
zolpidem,promethazine,neuritis,margarine
zolpidem,tramadol,neuritis,tonights
zolpidem,xanax,neurosis,lambo
zolpidem,morphine,neurosis,whooa
zolpidem,valium,neurosis,disorder_cabgolin_online
zolpidem,ambien,neurosis,tavor
zolpidem,prozac,neurosis,task_force
zolpidem,vicodin,neurosis,omeprozole
zolpidem,percocet,neurosis,disorder_cabgolin_online
zolpidem,promethazine,neurosis,lovee
zolpidem,tramadol,neurosis,disorder_cabgolin_online
zolpidem,xanax,nocturia,grants_priority_review_roches
zolpidem,morphine,nocturia,colgate
zolpidem,valium,nocturia,grants_priority_review_roches
zolpidem,ambien,nocturia,abscesses
zolpidem,prozac,nocturia,aunt
zolpidem,vicodin,nocturia,justinjm1_course_unrelated_interest
zolpidem,percocet,nocturia,usual_suspects
zolpidem,promethazine,nocturia,angle
zolpidem,tramadol,nocturia,loophole
zolpidem,xanax,pain,rituxan_chemotherapy
zolpidem,morphine,pain,10ml_oramorph
zolpidem,valium,pain,grants_priority_review_roches
zolpidem,ambien,pain,merkel
zolpidem,prozac,pain,masterpiece
zolpidem,vicodin,pain,yogyakarta
zolpidem,percocet,pain,slacken
zolpidem,promethazine,pain,championships
zolpidem,tramadol,pain,dail
zolpidem,xanax,personality_disorder,homefortheholidays
zolpidem,morphine,personality_disorder,inflammed
zolpidem,valium,personality_disorder,used_gerd_bleeding
zolpidem,ambien,personality_disorder,defending
zolpidem,prozac,personality_disorder,vents
zolpidem,vicodin,personality_disorder,degree_burn
zolpidem,percocet,personality_disorder,luhh
zolpidem,promethazine,personality_disorder,prescribed_label_irritable
zolpidem,tramadol,personality_disorder,prejudiced
zolpidem,xanax,phlebitis,dogs_barking
zolpidem,morphine,phlebitis,00am_2816_hamner_norco
zolpidem,valium,phlebitis,colgate
zolpidem,ambien,phlebitis,foursome
zolpidem,prozac,phlebitis,degli
zolpidem,vicodin,phlebitis,harvey
zolpidem,percocet,phlebitis,luhh
zolpidem,promethazine,phlebitis,mwakideu_alexnajalas
zolpidem,tramadol,phlebitis,pandemic
zolpidem,xanax,pneumonia,health_regulator
zolpidem,morphine,pneumonia,hastened
zolpidem,valium,pneumonia,princess_brandi
zolpidem,ambien,pneumonia,nunca_cambia
zolpidem,prozac,pneumonia,rhony
zolpidem,vicodin,pneumonia,diflucan
zolpidem,percocet,pneumonia,hurts_cymbalta
zolpidem,promethazine,pneumonia,newscaster
zolpidem,tramadol,pneumonia,nunca_cambia
zolpidem,xanax,polyuria,urination
zolpidem,morphine,polyuria,cureforpain
zolpidem,valium,polyuria,somebodys
zolpidem,ambien,polyuria,rome
zolpidem,prozac,polyuria,allay
zolpidem,vicodin,polyuria,cureforpain
zolpidem,percocet,polyuria,zarxio_market
zolpidem,promethazine,polyuria,allay
zolpidem,tramadol,polyuria,duboce
zolpidem,xanax,pulmonary_oedema,approach_caution
zolpidem,morphine,pulmonary_oedema,semblance
zolpidem,valium,pulmonary_oedema,semblance
zolpidem,ambien,pulmonary_oedema,finally
zolpidem,prozac,pulmonary_oedema,rationally
zolpidem,vicodin,pulmonary_oedema,stream_radio_playing
zolpidem,percocet,pulmonary_oedema,dogging
zolpidem,promethazine,pulmonary_oedema,lovee
zolpidem,tramadol,pulmonary_oedema,emanated
zolpidem,xanax,pulmonary_embolism,tite
zolpidem,morphine,pulmonary_embolism,takethecrown
zolpidem,valium,pulmonary_embolism,anit
zolpidem,ambien,pulmonary_embolism,remit
zolpidem,prozac,pulmonary_embolism,paying_bills
zolpidem,vicodin,pulmonary_embolism,championship
zolpidem,percocet,pulmonary_embolism,businessinsider
zolpidem,promethazine,pulmonary_embolism,naperville
zolpidem,tramadol,pulmonary_embolism,lovelovelove
zolpidem,xanax,purpura,provo
zolpidem,morphine,purpura,oxymetazoline
zolpidem,valium,purpura,wily
zolpidem,ambien,purpura,remit
zolpidem,prozac,purpura,provo
zolpidem,vicodin,purpura,rescue
zolpidem,percocet,purpura,tgok
zolpidem,promethazine,purpura,provo
zolpidem,tramadol,purpura,physique
zolpidem,xanax,pyelonephritis,suree
zolpidem,morphine,pyelonephritis,readiness_relative
zolpidem,valium,pyelonephritis,icey
zolpidem,ambien,pyelonephritis,rome
zolpidem,prozac,pyelonephritis,clams
zolpidem,vicodin,pyelonephritis,stream_radio_playing
zolpidem,percocet,pyelonephritis,tgok
zolpidem,promethazine,pyelonephritis,mwakideu_alexnajalas
zolpidem,tramadol,pyelonephritis,today_drugmaker_launched
zolpidem,xanax,rage,razer
zolpidem,morphine,rage,razer
zolpidem,valium,rage,headsup
zolpidem,ambien,rage,razer
zolpidem,prozac,rage,razer
zolpidem,vicodin,rage,reese
zolpidem,percocet,rage,razer
zolpidem,promethazine,rage,razer
zolpidem,tramadol,rage,razer
zolpidem,xanax,restless_legs_syndrome,incentive
zolpidem,morphine,restless_legs_syndrome,typically
zolpidem,valium,restless_legs_syndrome,toblerone
zolpidem,ambien,restless_legs_syndrome,rupture
zolpidem,prozac,restless_legs_syndrome,masterpiece
zolpidem,vicodin,restless_legs_syndrome,selves
zolpidem,percocet,restless_legs_syndrome,luhh
zolpidem,promethazine,restless_legs_syndrome,dramatic
zolpidem,tramadol,restless_legs_syndrome,lovelovelove
zolpidem,xanax,sciatica,fidgets
zolpidem,morphine,sciatica,tempat
zolpidem,valium,sciatica,strength_flip_pancake
zolpidem,ambien,sciatica,1907
zolpidem,prozac,sciatica,masterpiece
zolpidem,vicodin,sciatica,strength_flip_pancake
zolpidem,percocet,sciatica,strength_flip_pancake
zolpidem,promethazine,sciatica,masterpiece
zolpidem,tramadol,sciatica,physique
zolpidem,xanax,shock,detected
zolpidem,morphine,shock,effed
zolpidem,valium,shock,reserve
zolpidem,ambien,shock,200s
zolpidem,prozac,shock,rhony
zolpidem,vicodin,shock,felt_compelled
zolpidem,percocet,shock,luhh
zolpidem,promethazine,shock,bcaas
zolpidem,tramadol,shock,reserve
zolpidem,xanax,suicide_attempt,dronabinol
zolpidem,morphine,suicide_attempt,food_services_analyse
zolpidem,valium,suicide_attempt,mediates
zolpidem,ambien,suicide_attempt,foreveralone
zolpidem,prozac,suicide_attempt,splatoon
zolpidem,vicodin,suicide_attempt,pittacus
zolpidem,percocet,suicide_attempt,businessinsider
zolpidem,promethazine,suicide_attempt,mwakideu_alexnajalas
zolpidem,tramadol,suicide_attempt,drankin_syrup
zolpidem,xanax,tendonitis,boatloads
zolpidem,morphine,tendonitis,uptown
zolpidem,valium,tendonitis,ovaa
zolpidem,ambien,tendonitis,mainbrew_public_house_breakside
zolpidem,prozac,tendonitis,pradaxa_praxbind_reverse_effects
zolpidem,vicodin,tendonitis,degree_burn
zolpidem,percocet,tendonitis,tgok
zolpidem,promethazine,tendonitis,klau
zolpidem,tramadol,tendonitis,pradaxa_praxbind_reverse_effects
zolpidem,xanax,thrombosis,dronabinol
zolpidem,morphine,thrombosis,fees
zolpidem,valium,thrombosis,twaimz_better_kardeeshan
zolpidem,ambien,thrombosis,foursome
zolpidem,prozac,thrombosis,masterpiece
zolpidem,vicodin,thrombosis,carley
zolpidem,percocet,thrombosis,bongrips
zolpidem,promethazine,thrombosis,concentrate
zolpidem,tramadol,thrombosis,perfer
zolpidem,xanax,urticaria,peremptory
zolpidem,morphine,urticaria,dysfunction
zolpidem,valium,urticaria,opposition
zolpidem,ambien,urticaria,cases
zolpidem,prozac,urticaria,masterpiece
zolpidem,vicodin,urticaria,harvey
zolpidem,percocet,urticaria,luhh
zolpidem,promethazine,urticaria,neonatal
zolpidem,tramadol,urticaria,zyrtec
zolpidem,xanax,ventricular_tachycardia,dronabinol
zolpidem,morphine,ventricular_tachycardia,colgate
zolpidem,valium,ventricular_tachycardia,colgate
zolpidem,ambien,ventricular_tachycardia,wynn
zolpidem,prozac,ventricular_tachycardia,masterpiece
zolpidem,vicodin,ventricular_tachycardia,reese
zolpidem,percocet,ventricular_tachycardia,neurol_condition_potentially
zolpidem,promethazine,ventricular_tachycardia,masterpiece
zolpidem,tramadol,ventricular_tachycardia,neurol_condition_potentially
zolpidem,xanax,yawning,treats_schizophrenia
zolpidem,morphine,yawning,ahhaha
zolpidem,valium,yawning,tally
zolpidem,ambien,yawning,wynn
zolpidem,prozac,yawning,tally
zolpidem,vicodin,yawning,jungkook
zolpidem,percocet,yawning,luhh
zolpidem,promethazine,yawning,confusion
zolpidem,tramadol,yawning,nunca_cambia
zolpidem,xanax,urinary_retention,commissioner_stupidity
zolpidem,morphine,urinary_retention,chads2
zolpidem,valium,urinary_retention,bookie
zolpidem,ambien,urinary_retention,five
zolpidem,prozac,urinary_retention,masterpiece
zolpidem,vicodin,urinary_retention,carley
zolpidem,percocet,urinary_retention,sporting_event
zolpidem,promethazine,urinary_retention,kales
zolpidem,tramadol,urinary_retention,pandemic
zolpidem,xanax,apathy,alleviating
zolpidem,morphine,apathy,readiness_relative
zolpidem,valium,apathy,colgate
zolpidem,ambien,apathy,remit
zolpidem,prozac,apathy,keem
zolpidem,vicodin,apathy,closers
zolpidem,percocet,apathy,hurts_cymbalta
zolpidem,promethazine,apathy,alleviating
zolpidem,tramadol,apathy,vpdebate_kaine
zolpidem,xanax,panic_attack,trumpbookreport
zolpidem,morphine,panic_attack,colgate
zolpidem,valium,panic_attack,colgate
zolpidem,ambien,panic_attack,remit
zolpidem,prozac,panic_attack,masterpiece
zolpidem,vicodin,panic_attack,closers
zolpidem,percocet,panic_attack,talon
zolpidem,promethazine,panic_attack,said_paxil_popular
zolpidem,tramadol,panic_attack,pandemic
zolpidem,xanax,withdrawal_symptom,whoaa
zolpidem,morphine,withdrawal_symptom,kyrgyzstan
zolpidem,valium,withdrawal_symptom,funfactfriday
zolpidem,ambien,withdrawal_symptom,200s
zolpidem,prozac,withdrawal_symptom,rationally
zolpidem,vicodin,withdrawal_symptom,remembered
zolpidem,percocet,withdrawal_symptom,success_fixes_still
zolpidem,promethazine,withdrawal_symptom,mwakideu_alexnajalas
zolpidem,tramadol,withdrawal_symptom,funfactfriday
zolpidem,xanax,increased_appetite,mentne
zolpidem,morphine,increased_appetite,readiness_relative
zolpidem,valium,increased_appetite,targets
zolpidem,ambien,increased_appetite,abim_usmle
zolpidem,prozac,increased_appetite,rationally
zolpidem,vicodin,increased_appetite,brett_favre
zolpidem,percocet,increased_appetite,msti
zolpidem,promethazine,increased_appetite,zestria
zolpidem,tramadol,increased_appetite,puke_bucket
zolpidem,xanax,respiratory_depression,accused
zolpidem,morphine,respiratory_depression,pronto
zolpidem,valium,respiratory_depression,crackles
zolpidem,ambien,respiratory_depression,remit
zolpidem,prozac,respiratory_depression,mutilation
zolpidem,vicodin,respiratory_depression,blacked
zolpidem,percocet,respiratory_depression,luhh
zolpidem,promethazine,respiratory_depression,mwakideu_alexnajalas
zolpidem,tramadol,respiratory_depression,terps
zolpidem,xanax,erectile_dysfunction,expected_generic_version
zolpidem,morphine,erectile_dysfunction,typically
zolpidem,valium,erectile_dysfunction,literally
zolpidem,ambien,erectile_dysfunction,merkel
zolpidem,prozac,erectile_dysfunction,masterpiece
zolpidem,vicodin,erectile_dysfunction,closers
zolpidem,percocet,erectile_dysfunction,ordering_cheap
zolpidem,promethazine,erectile_dysfunction,jacuzzi
zolpidem,tramadol,erectile_dysfunction,wipe_drool
zolpidem,xanax,neuropathy,health_regulator
zolpidem,morphine,neuropathy,carries_diazepam
zolpidem,valium,neuropathy,colgate
zolpidem,ambien,neuropathy,stocking_pantyhose_unifo_toys
zolpidem,prozac,neuropathy,decked
zolpidem,vicodin,neuropathy,stressrelief
zolpidem,percocet,neuropathy,zarxio_market
zolpidem,promethazine,neuropathy,histories
zolpidem,tramadol,neuropathy,reserve
zolpidem,xanax,lymphadenopathy,leeann
zolpidem,morphine,lymphadenopathy,iritis
zolpidem,valium,lymphadenopathy,furi
zolpidem,ambien,lymphadenopathy,remit
zolpidem,prozac,lymphadenopathy,masterpiece
zolpidem,vicodin,lymphadenopathy,giant_heart_kiesza
zolpidem,percocet,lymphadenopathy,businessinsider
zolpidem,promethazine,lymphadenopathy,remit
zolpidem,tramadol,lymphadenopathy,boat_load
zolpidem,xanax,dementia,anti_inflammatory_used_cases
zolpidem,morphine,dementia,harmful
zolpidem,valium,dementia,banned_substance
zolpidem,ambien,dementia,pueblo
zolpidem,prozac,dementia,quarterback
zolpidem,vicodin,dementia,harmful
zolpidem,percocet,dementia,rapsheet_sources_saints_safety
zolpidem,promethazine,dementia,lovee
zolpidem,tramadol,dementia,today_drugmaker_launched
zolpidem,xanax,dysphasia,hhaha
zolpidem,morphine,dysphasia,reese
zolpidem,valium,dysphasia,perrigo_company
zolpidem,ambien,dysphasia,pprt
zolpidem,prozac,dysphasia,truer_words
zolpidem,vicodin,dysphasia,reese
zolpidem,percocet,dysphasia,provisions
zolpidem,promethazine,dysphasia,rigidly
zolpidem,tramadol,dysphasia,wipe_drool
zolpidem,xanax,mental_disorder,greater_risk
zolpidem,morphine,mental_disorder,pores
zolpidem,valium,mental_disorder,soluble_codamol
zolpidem,ambien,mental_disorder,lordine_della_fenice
zolpidem,prozac,mental_disorder,masterpiece
zolpidem,vicodin,mental_disorder,cover
zolpidem,percocet,mental_disorder,columbo
zolpidem,promethazine,mental_disorder,mwakideu_alexnajalas
zolpidem,tramadol,mental_disorder,whoaa
zolpidem,xanax,erythema,honorary
zolpidem,morphine,erythema,docu
zolpidem,valium,erythema,mixed_amphetamine_salts
zolpidem,ambien,erythema,postherpetic_neuralgia
zolpidem,prozac,erythema,honorary
zolpidem,vicodin,erythema,reese
zolpidem,percocet,erythema,luhh
zolpidem,promethazine,erythema,craps
zolpidem,tramadol,erythema,honorary
zolpidem,xanax,malnutrition,leeann
zolpidem,morphine,malnutrition,readiness_relative
zolpidem,valium,malnutrition,colgate
zolpidem,ambien,malnutrition,cello
zolpidem,prozac,malnutrition,bladder
zolpidem,vicodin,malnutrition,speculate
zolpidem,percocet,malnutrition,bongrips
zolpidem,promethazine,malnutrition,bongrips
zolpidem,tramadol,malnutrition,eviscerate
